2026-06-04 14:22:32.280 +05:30 [WRN] Overriding address(es) 'http://0.0.0.0:5107'. Binding to endpoints defined via IConfiguration and/or UseKestrel() instead.
2026-06-04 14:22:33.179 +05:30 [INF] Now listening on: http://0.0.0.0:5107
2026-06-04 14:22:34.577 +05:30 [INF] Application started. Press Ctrl+C to shut down.
2026-06-04 14:22:34.583 +05:30 [INF] Hosting environment: Development
2026-06-04 14:22:34.654 +05:30 [INF] Content root path: D:\SIGMA Project\SIGMA-Beta\SIGMA\src\SIGMA.Api
2026-06-04 14:48:22.379 +05:30 [WRN] Overriding address(es) 'http://0.0.0.0:5107'. Binding to endpoints defined via IConfiguration and/or UseKestrel() instead.
2026-06-04 14:48:22.606 +05:30 [INF] Now listening on: http://0.0.0.0:5107
2026-06-04 14:48:22.845 +05:30 [INF] Application started. Press Ctrl+C to shut down.
2026-06-04 14:48:22.856 +05:30 [INF] Hosting environment: Development
2026-06-04 14:48:22.865 +05:30 [INF] Content root path: D:\SIGMA Project\SIGMA-Beta\SIGMA\src\SIGMA.Api
2026-06-04 14:51:22.093 +05:30 [INF] Request: GET /swagger responded 301 in 124ms
2026-06-04 14:51:22.546 +05:30 [INF] Request: GET /swagger/index.html responded 200 in 388ms
2026-06-04 14:51:22.566 +05:30 [WRN] Unable to configure Browser Link script injection on the response. This may have been caused by the response's Content-Encoding: '["br"]'. Consider disabling response compression.
2026-06-04 14:51:22.684 +05:30 [WRN] Unable to configure browser refresh script injection on the response. This may have been caused by the response's Content-Encoding: '["br"]'. Consider disabling response compression.
2026-06-04 14:51:22.837 +05:30 [INF] Request: GET /swagger/index.css responded 200 in 42ms
2026-06-04 14:51:22.838 +05:30 [INF] Request: GET /swagger/swagger-ui.css responded 200 in 44ms
2026-06-04 14:51:22.944 +05:30 [INF] Request: GET /swagger/swagger-ui-standalone-preset.js responded 200 in 51ms
2026-06-04 14:51:23.493 +05:30 [INF] Request: GET /swagger/index.js responded 200 in 1ms
2026-06-04 14:51:23.528 +05:30 [INF] Request: GET /swagger/swagger-ui-bundle.js responded 200 in 51ms
2026-06-04 14:51:24.225 +05:30 [INF] Request: GET /swagger/favicon-32x32.png responded 200 in 5ms
2026-06-04 14:54:16.422 +05:30 [WRN] Slow request: GET /openapi/v1.json responded 200 in 172196ms
2026-06-04 14:54:17.566 +05:30 [INF] Microsoft.IdentityModel Version: 8.18.0.0. Date 06/04/2026 09:24:17. PII logging is OFF. See https://aka.ms/IdentityModel/PII for details. 
IDX10242: Security token: '[PII of type 'Microsoft.IdentityModel.JsonWebTokens.JsonWebToken' is hidden. For more details, see https://aka.ms/IdentityModel/PII.]' has a valid signature.
2026-06-04 14:54:17.566 +05:30 [INF] Microsoft.IdentityModel Version: 8.18.0.0. Date 06/04/2026 09:24:17. PII logging is OFF. See https://aka.ms/IdentityModel/PII for details. 
IDX10242: Security token: '[PII of type 'Microsoft.IdentityModel.JsonWebTokens.JsonWebToken' is hidden. For more details, see https://aka.ms/IdentityModel/PII.]' has a valid signature.
2026-06-04 14:54:17.603 +05:30 [INF] IDX10239: Lifetime of the token is valid.
2026-06-04 14:54:17.603 +05:30 [INF] IDX10239: Lifetime of the token is valid.
2026-06-04 14:54:17.646 +05:30 [INF] IDX10234: Audience Validated.Audience: 'api://f0ee212a-b836-4f5c-aafe-bee4b0ebfcfb'
2026-06-04 14:54:17.646 +05:30 [INF] IDX10234: Audience Validated.Audience: 'api://f0ee212a-b836-4f5c-aafe-bee4b0ebfcfb'
2026-06-04 14:54:18.221 +05:30 [INF] IDX10245: Creating claims identity from the validated token: '[PII of type 'Microsoft.IdentityModel.JsonWebTokens.JsonWebToken' is hidden. For more details, see https://aka.ms/IdentityModel/PII.]'.
2026-06-04 14:54:18.221 +05:30 [INF] IDX10245: Creating claims identity from the validated token: '[PII of type 'Microsoft.IdentityModel.JsonWebTokens.JsonWebToken' is hidden. For more details, see https://aka.ms/IdentityModel/PII.]'.
2026-06-04 14:54:39.330 +05:30 [WRN] Slow request: GET /api/v1/entra/tenant responded 500 in 104891ms
2026-06-04 14:55:12.531 +05:30 [INF] IDX10242: Security token: '[PII of type 'Microsoft.IdentityModel.JsonWebTokens.JsonWebToken' is hidden. For more details, see https://aka.ms/IdentityModel/PII.]' has a valid signature.
2026-06-04 14:55:12.542 +05:30 [INF] IDX10239: Lifetime of the token is valid.
2026-06-04 14:55:12.552 +05:30 [INF] IDX10234: Audience Validated.Audience: 'api://f0ee212a-b836-4f5c-aafe-bee4b0ebfcfb'
2026-06-04 14:55:12.573 +05:30 [INF] IDX10245: Creating claims identity from the validated token: '[PII of type 'Microsoft.IdentityModel.JsonWebTokens.JsonWebToken' is hidden. For more details, see https://aka.ms/IdentityModel/PII.]'.
2026-06-04 14:55:14.669 +05:30 [INF] Start processing HTTP request GET https://graph.microsoft.com/v1.0/organization
2026-06-04 14:55:14.730 +05:30 [INF] Sending HTTP request GET https://graph.microsoft.com/v1.0/organization
2026-06-04 14:55:15.157 +05:30 [INF] Received HTTP response headers after 401.652ms - 200
2026-06-04 14:55:15.183 +05:30 [INF] End processing HTTP request after 522.5667ms - 200
2026-06-04 14:55:15.411 +05:30 [INF] Start processing HTTP request GET https://graph.microsoft.com/v1.0/users?*
2026-06-04 14:55:15.424 +05:30 [INF] Sending HTTP request GET https://graph.microsoft.com/v1.0/users?*
2026-06-04 14:55:15.445 +05:30 [INF] Start processing HTTP request GET https://graph.microsoft.com/v1.0/groups?*
2026-06-04 14:55:15.468 +05:30 [INF] Sending HTTP request GET https://graph.microsoft.com/v1.0/groups?*
2026-06-04 14:55:15.486 +05:30 [INF] Start processing HTTP request GET https://graph.microsoft.com/v1.0/applications?*
2026-06-04 14:55:15.510 +05:30 [INF] Sending HTTP request GET https://graph.microsoft.com/v1.0/applications?*
2026-06-04 14:55:15.526 +05:30 [INF] Start processing HTTP request GET https://graph.microsoft.com/v1.0/servicePrincipals?*
2026-06-04 14:55:15.559 +05:30 [INF] Sending HTTP request GET https://graph.microsoft.com/v1.0/servicePrincipals?*
2026-06-04 14:55:15.574 +05:30 [INF] Start processing HTTP request GET https://graph.microsoft.com/v1.0/devices?*
2026-06-04 14:55:15.588 +05:30 [INF] Sending HTTP request GET https://graph.microsoft.com/v1.0/devices?*
2026-06-04 14:55:15.589 +05:30 [INF] Received HTTP response headers after 149.46ms - 200
2026-06-04 14:55:15.610 +05:30 [INF] Start processing HTTP request GET https://graph.microsoft.com/v1.0/subscribedSkus
2026-06-04 14:55:15.627 +05:30 [INF] End processing HTTP request after 217.1881ms - 200
2026-06-04 14:55:15.642 +05:30 [INF] Sending HTTP request GET https://graph.microsoft.com/v1.0/subscribedSkus
2026-06-04 14:55:15.785 +05:30 [INF] Received HTTP response headers after 175.4844ms - 200
2026-06-04 14:55:15.802 +05:30 [INF] End processing HTTP request after 228.4516ms - 200
2026-06-04 14:55:15.812 +05:30 [INF] Received HTTP response headers after 327.1869ms - 200
2026-06-04 14:55:15.833 +05:30 [INF] End processing HTTP request after 388.3647ms - 200
2026-06-04 14:55:15.847 +05:30 [INF] Received HTTP response headers after 321.1513ms - 200
2026-06-04 14:55:15.864 +05:30 [INF] End processing HTTP request after 378.2867ms - 200
2026-06-04 14:55:15.876 +05:30 [INF] Received HTTP response headers after 303.1972ms - 200
2026-06-04 14:55:15.884 +05:30 [INF] Received HTTP response headers after 210.0847ms - 200
2026-06-04 14:55:15.895 +05:30 [INF] End processing HTTP request after 368.449ms - 200
2026-06-04 14:55:15.909 +05:30 [INF] End processing HTTP request after 298.3598ms - 200
2026-06-04 14:55:16.281 +05:30 [WRN] Slow request: GET /api/v1/entra/tenant responded 200 in 3757ms
2026-06-04 14:55:35.813 +05:30 [INF] IDX10242: Security token: '[PII of type 'Microsoft.IdentityModel.JsonWebTokens.JsonWebToken' is hidden. For more details, see https://aka.ms/IdentityModel/PII.]' has a valid signature.
2026-06-04 14:55:35.823 +05:30 [INF] IDX10239: Lifetime of the token is valid.
2026-06-04 14:55:35.861 +05:30 [INF] IDX10234: Audience Validated.Audience: 'api://f0ee212a-b836-4f5c-aafe-bee4b0ebfcfb'
2026-06-04 14:55:35.891 +05:30 [INF] IDX10245: Creating claims identity from the validated token: '[PII of type 'Microsoft.IdentityModel.JsonWebTokens.JsonWebToken' is hidden. For more details, see https://aka.ms/IdentityModel/PII.]'.
2026-06-04 14:55:36.488 +05:30 [INF] Start processing HTTP request GET https://graph.microsoft.com/v1.0/users?*
2026-06-04 14:55:36.509 +05:30 [INF] Sending HTTP request GET https://graph.microsoft.com/v1.0/users?*
2026-06-04 14:55:36.713 +05:30 [INF] Received HTTP response headers after 185.1139ms - 200
2026-06-04 14:55:36.739 +05:30 [INF] End processing HTTP request after 250.5816ms - 200
2026-06-04 14:55:37.285 +05:30 [INF] Request: GET /api/v1/entra/users responded 200 in 1472ms
2026-06-04 14:56:04.773 +05:30 [INF] IDX10242: Security token: '[PII of type 'Microsoft.IdentityModel.JsonWebTokens.JsonWebToken' is hidden. For more details, see https://aka.ms/IdentityModel/PII.]' has a valid signature.
2026-06-04 14:56:04.811 +05:30 [INF] IDX10239: Lifetime of the token is valid.
2026-06-04 14:56:04.892 +05:30 [INF] IDX10234: Audience Validated.Audience: 'api://f0ee212a-b836-4f5c-aafe-bee4b0ebfcfb'
2026-06-04 14:56:04.943 +05:30 [INF] IDX10245: Creating claims identity from the validated token: '[PII of type 'Microsoft.IdentityModel.JsonWebTokens.JsonWebToken' is hidden. For more details, see https://aka.ms/IdentityModel/PII.]'.
2026-06-04 14:56:05.171 +05:30 [INF] Start processing HTTP request GET https://graph.microsoft.com/v1.0/groups?*
2026-06-04 14:56:05.193 +05:30 [INF] Sending HTTP request GET https://graph.microsoft.com/v1.0/groups?*
2026-06-04 14:56:05.420 +05:30 [INF] Received HTTP response headers after 205.8392ms - 200
2026-06-04 14:56:05.493 +05:30 [INF] End processing HTTP request after 322.0542ms - 200
2026-06-04 14:56:05.721 +05:30 [INF] Start processing HTTP request POST https://graph.microsoft.com/v1.0/$batch
2026-06-04 14:56:05.741 +05:30 [INF] Sending HTTP request POST https://graph.microsoft.com/v1.0/$batch
2026-06-04 14:56:05.787 +05:30 [INF] Start processing HTTP request POST https://graph.microsoft.com/v1.0/$batch
2026-06-04 14:56:05.809 +05:30 [INF] Sending HTTP request POST https://graph.microsoft.com/v1.0/$batch
2026-06-04 14:56:05.872 +05:30 [INF] Received HTTP response headers after 97.9724ms - 200
2026-06-04 14:56:05.907 +05:30 [INF] End processing HTTP request after 186.1987ms - 200
2026-06-04 14:56:05.925 +05:30 [INF] Received HTTP response headers after 89.0185ms - 200
2026-06-04 14:56:06.040 +05:30 [INF] End processing HTTP request after 253.2892ms - 200
2026-06-04 14:56:08.363 +05:30 [WRN] Failed to batch-fetch members counts for groups
System.Text.Json.JsonException: The JSON value could not be converted to System.String. Path: $.responses[0].body | LineNumber: 0 | BytePositionInLine: 119.
 ---> System.InvalidOperationException: Cannot get the value of a token type 'StartObject' as a string.
   at System.Text.Json.ThrowHelper.ThrowInvalidOperationException_ExpectedString(JsonTokenType tokenType)
   at System.Text.Json.Utf8JsonReader.GetString()
   at System.Text.Json.Serialization.Metadata.JsonPropertyInfo`1.ReadJsonAndSetMember(Object obj, ReadStack& state, Utf8JsonReader& reader)
   at System.Text.Json.Serialization.Converters.ObjectDefaultConverter`1.OnTryRead(Utf8JsonReader& reader, Type typeToConvert, JsonSerializerOptions options, ReadStack& state, T& value)
   at System.Text.Json.Serialization.JsonConverter`1.TryRead(Utf8JsonReader& reader, Type typeToConvert, JsonSerializerOptions options, ReadStack& state, T& value, Boolean& isPopulatedValue)
   at System.Text.Json.Serialization.JsonCollectionConverter`2.OnTryRead(Utf8JsonReader& reader, Type typeToConvert, JsonSerializerOptions options, ReadStack& state, TCollection& value)
   at System.Text.Json.Serialization.JsonConverter`1.TryRead(Utf8JsonReader& reader, Type typeToConvert, JsonSerializerOptions options, ReadStack& state, T& value, Boolean& isPopulatedValue)
   at System.Text.Json.Serialization.Metadata.JsonPropertyInfo`1.ReadJsonAndSetMember(Object obj, ReadStack& state, Utf8JsonReader& reader)
   at System.Text.Json.Serialization.Converters.ObjectDefaultConverter`1.OnTryRead(Utf8JsonReader& reader, Type typeToConvert, JsonSerializerOptions options, ReadStack& state, T& value)
   at System.Text.Json.Serialization.JsonConverter`1.TryRead(Utf8JsonReader& reader, Type typeToConvert, JsonSerializerOptions options, ReadStack& state, T& value, Boolean& isPopulatedValue)
   at System.Text.Json.Serialization.JsonConverter`1.ReadCore(Utf8JsonReader& reader, T& value, JsonSerializerOptions options, ReadStack& state)
   --- End of inner exception stack trace ---
   at System.Text.Json.ThrowHelper.ReThrowWithPath(ReadStack& state, Utf8JsonReader& reader, Exception ex)
   at System.Text.Json.Serialization.JsonConverter`1.ReadCore(Utf8JsonReader& reader, T& value, JsonSerializerOptions options, ReadStack& state)
   at System.Text.Json.Serialization.Metadata.JsonTypeInfo`1.ContinueDeserialize[TReadBufferState,TStream](TReadBufferState& bufferState, JsonReaderState& jsonReaderState, ReadStack& readStack, T& value)
   at System.Text.Json.Serialization.Metadata.JsonTypeInfo`1.DeserializeAsync[TReadBufferState,TStream](TStream utf8Json, TReadBufferState bufferState, CancellationToken cancellationToken)
   at System.Net.Http.Json.HttpContentJsonExtensions.ReadFromJsonAsyncCore[T](HttpContent content, JsonSerializerOptions options, CancellationToken cancellationToken)
   at SIGMA.Infrastructure.Graph.GraphClientService.BatchGetNavigationCountAsync(List`1 entityIds, String navigation, CancellationToken ct) in D:\SIGMA Project\SIGMA-Beta\SIGMA\src\SIGMA.Infrastructure\Graph\GraphClientService.cs:line 612
2026-06-04 14:56:09.232 +05:30 [WRN] Failed to batch-fetch owners counts for groups
System.Text.Json.JsonException: The JSON value could not be converted to System.String. Path: $.responses[0].body | LineNumber: 0 | BytePositionInLine: 119.
 ---> System.InvalidOperationException: Cannot get the value of a token type 'StartObject' as a string.
   at System.Text.Json.ThrowHelper.ThrowInvalidOperationException_ExpectedString(JsonTokenType tokenType)
   at System.Text.Json.Utf8JsonReader.GetString()
   at System.Text.Json.Serialization.Metadata.JsonPropertyInfo`1.ReadJsonAndSetMember(Object obj, ReadStack& state, Utf8JsonReader& reader)
   at System.Text.Json.Serialization.Converters.ObjectDefaultConverter`1.OnTryRead(Utf8JsonReader& reader, Type typeToConvert, JsonSerializerOptions options, ReadStack& state, T& value)
   at System.Text.Json.Serialization.JsonConverter`1.TryRead(Utf8JsonReader& reader, Type typeToConvert, JsonSerializerOptions options, ReadStack& state, T& value, Boolean& isPopulatedValue)
   at System.Text.Json.Serialization.JsonCollectionConverter`2.OnTryRead(Utf8JsonReader& reader, Type typeToConvert, JsonSerializerOptions options, ReadStack& state, TCollection& value)
   at System.Text.Json.Serialization.JsonConverter`1.TryRead(Utf8JsonReader& reader, Type typeToConvert, JsonSerializerOptions options, ReadStack& state, T& value, Boolean& isPopulatedValue)
   at System.Text.Json.Serialization.Metadata.JsonPropertyInfo`1.ReadJsonAndSetMember(Object obj, ReadStack& state, Utf8JsonReader& reader)
   at System.Text.Json.Serialization.Converters.ObjectDefaultConverter`1.OnTryRead(Utf8JsonReader& reader, Type typeToConvert, JsonSerializerOptions options, ReadStack& state, T& value)
   at System.Text.Json.Serialization.JsonConverter`1.TryRead(Utf8JsonReader& reader, Type typeToConvert, JsonSerializerOptions options, ReadStack& state, T& value, Boolean& isPopulatedValue)
   at System.Text.Json.Serialization.JsonConverter`1.ReadCore(Utf8JsonReader& reader, T& value, JsonSerializerOptions options, ReadStack& state)
   --- End of inner exception stack trace ---
   at System.Text.Json.ThrowHelper.ReThrowWithPath(ReadStack& state, Utf8JsonReader& reader, Exception ex)
   at System.Text.Json.Serialization.JsonConverter`1.ReadCore(Utf8JsonReader& reader, T& value, JsonSerializerOptions options, ReadStack& state)
   at System.Text.Json.Serialization.Metadata.JsonTypeInfo`1.ContinueDeserialize[TReadBufferState,TStream](TReadBufferState& bufferState, JsonReaderState& jsonReaderState, ReadStack& readStack, T& value)
   at System.Text.Json.Serialization.Metadata.JsonTypeInfo`1.DeserializeAsync[TReadBufferState,TStream](TStream utf8Json, TReadBufferState bufferState, CancellationToken cancellationToken)
   at System.Net.Http.Json.HttpContentJsonExtensions.ReadFromJsonAsyncCore[T](HttpContent content, JsonSerializerOptions options, CancellationToken cancellationToken)
   at SIGMA.Infrastructure.Graph.GraphClientService.BatchGetNavigationCountAsync(List`1 entityIds, String navigation, CancellationToken ct) in D:\SIGMA Project\SIGMA-Beta\SIGMA\src\SIGMA.Infrastructure\Graph\GraphClientService.cs:line 612
2026-06-04 14:56:09.370 +05:30 [WRN] Slow request: GET /api/v1/entra/groups responded 200 in 4598ms
2026-06-04 14:56:39.787 +05:30 [INF] IDX10242: Security token: '[PII of type 'Microsoft.IdentityModel.JsonWebTokens.JsonWebToken' is hidden. For more details, see https://aka.ms/IdentityModel/PII.]' has a valid signature.
2026-06-04 14:56:39.800 +05:30 [INF] IDX10239: Lifetime of the token is valid.
2026-06-04 14:56:39.812 +05:30 [INF] IDX10234: Audience Validated.Audience: 'api://f0ee212a-b836-4f5c-aafe-bee4b0ebfcfb'
2026-06-04 14:56:39.824 +05:30 [INF] IDX10245: Creating claims identity from the validated token: '[PII of type 'Microsoft.IdentityModel.JsonWebTokens.JsonWebToken' is hidden. For more details, see https://aka.ms/IdentityModel/PII.]'.
2026-06-04 14:56:40.166 +05:30 [INF] Start processing HTTP request GET https://graph.microsoft.com/v1.0/servicePrincipals?*
2026-06-04 14:56:40.353 +05:30 [INF] IDX10242: Security token: '[PII of type 'Microsoft.IdentityModel.JsonWebTokens.JsonWebToken' is hidden. For more details, see https://aka.ms/IdentityModel/PII.]' has a valid signature.
2026-06-04 14:56:40.444 +05:30 [INF] Sending HTTP request GET https://graph.microsoft.com/v1.0/servicePrincipals?*
2026-06-04 14:56:40.496 +05:30 [INF] IDX10239: Lifetime of the token is valid.
2026-06-04 14:56:40.541 +05:30 [INF] IDX10234: Audience Validated.Audience: 'api://f0ee212a-b836-4f5c-aafe-bee4b0ebfcfb'
2026-06-04 14:56:40.564 +05:30 [INF] IDX10245: Creating claims identity from the validated token: '[PII of type 'Microsoft.IdentityModel.JsonWebTokens.JsonWebToken' is hidden. For more details, see https://aka.ms/IdentityModel/PII.]'.
2026-06-04 14:56:40.645 +05:30 [INF] Start processing HTTP request GET https://graph.microsoft.com/v1.0/servicePrincipals?*
2026-06-04 14:56:40.663 +05:30 [INF] Sending HTTP request GET https://graph.microsoft.com/v1.0/servicePrincipals?*
2026-06-04 14:56:40.687 +05:30 [INF] Start processing HTTP request GET https://graph.microsoft.com/v1.0/auditLogs/signIns?*
2026-06-04 14:56:40.719 +05:30 [INF] Sending HTTP request GET https://graph.microsoft.com/v1.0/auditLogs/signIns?*
2026-06-04 14:56:41.106 +05:30 [INF] Received HTTP response headers after 588.7031ms - 200
2026-06-04 14:56:41.119 +05:30 [INF] Received HTTP response headers after 437.2974ms - 200
2026-06-04 14:56:41.236 +05:30 [INF] End processing HTTP request after 591.5937ms - 200
2026-06-04 14:56:41.215 +05:30 [INF] End processing HTTP request after 1048.8317ms - 200
2026-06-04 14:56:41.527 +05:30 [INF] Start processing HTTP request POST https://graph.microsoft.com/v1.0/$batch
2026-06-04 14:56:41.545 +05:30 [INF] Sending HTTP request POST https://graph.microsoft.com/v1.0/$batch
2026-06-04 14:56:41.527 +05:30 [INF] Start processing HTTP request POST https://graph.microsoft.com/v1.0/$batch
2026-06-04 14:56:41.613 +05:30 [INF] Sending HTTP request POST https://graph.microsoft.com/v1.0/$batch
2026-06-04 14:56:41.682 +05:30 [INF] Received HTTP response headers after 87.635ms - 200
2026-06-04 14:56:41.732 +05:30 [INF] Received HTTP response headers after 99.5001ms - 200
2026-06-04 14:56:41.751 +05:30 [INF] End processing HTTP request after 224.9199ms - 200
2026-06-04 14:56:41.784 +05:30 [INF] End processing HTTP request after 257.5856ms - 200
2026-06-04 14:56:43.279 +05:30 [WRN] Failed to batch-fetch user counts for service principals
System.Text.Json.JsonException: The JSON value could not be converted to System.String. Path: $.responses[0].body | LineNumber: 0 | BytePositionInLine: 144.
 ---> System.InvalidOperationException: Cannot get the value of a token type 'StartObject' as a string.
   at System.Text.Json.ThrowHelper.ThrowInvalidOperationException_ExpectedString(JsonTokenType tokenType)
   at System.Text.Json.Serialization.Metadata.JsonPropertyInfo`1.ReadJsonAndSetMember(Object obj, ReadStack& state, Utf8JsonReader& reader)
   at System.Text.Json.Serialization.Converters.ObjectDefaultConverter`1.OnTryRead(Utf8JsonReader& reader, Type typeToConvert, JsonSerializerOptions options, ReadStack& state, T& value)
   at System.Text.Json.Serialization.JsonConverter`1.TryRead(Utf8JsonReader& reader, Type typeToConvert, JsonSerializerOptions options, ReadStack& state, T& value, Boolean& isPopulatedValue)
   at System.Text.Json.Serialization.JsonCollectionConverter`2.OnTryRead(Utf8JsonReader& reader, Type typeToConvert, JsonSerializerOptions options, ReadStack& state, TCollection& value)
   at System.Text.Json.Serialization.JsonConverter`1.TryRead(Utf8JsonReader& reader, Type typeToConvert, JsonSerializerOptions options, ReadStack& state, T& value, Boolean& isPopulatedValue)
   at System.Text.Json.Serialization.Metadata.JsonPropertyInfo`1.ReadJsonAndSetMember(Object obj, ReadStack& state, Utf8JsonReader& reader)
   at System.Text.Json.Serialization.Converters.ObjectDefaultConverter`1.OnTryRead(Utf8JsonReader& reader, Type typeToConvert, JsonSerializerOptions options, ReadStack& state, T& value)
   at System.Text.Json.Serialization.JsonConverter`1.TryRead(Utf8JsonReader& reader, Type typeToConvert, JsonSerializerOptions options, ReadStack& state, T& value, Boolean& isPopulatedValue)
   at System.Text.Json.Serialization.JsonConverter`1.ReadCore(Utf8JsonReader& reader, T& value, JsonSerializerOptions options, ReadStack& state)
   --- End of inner exception stack trace ---
   at System.Text.Json.ThrowHelper.ReThrowWithPath(ReadStack& state, Utf8JsonReader& reader, Exception ex)
   at System.Text.Json.Serialization.JsonConverter`1.ReadCore(Utf8JsonReader& reader, T& value, JsonSerializerOptions options, ReadStack& state)
   at System.Text.Json.Serialization.Metadata.JsonTypeInfo`1.ContinueDeserialize[TReadBufferState,TStream](TReadBufferState& bufferState, JsonReaderState& jsonReaderState, ReadStack& readStack, T& value)
   at System.Text.Json.Serialization.Metadata.JsonTypeInfo`1.DeserializeAsync[TReadBufferState,TStream](TStream utf8Json, TReadBufferState bufferState, CancellationToken cancellationToken)
   at System.Net.Http.Json.HttpContentJsonExtensions.ReadFromJsonAsyncCore[T](HttpContent content, JsonSerializerOptions options, CancellationToken cancellationToken)
   at SIGMA.Infrastructure.Graph.GraphClientService.BatchGetUserCountsAsync(List`1 spIds, CancellationToken ct) in D:\SIGMA Project\SIGMA-Beta\SIGMA\src\SIGMA.Infrastructure\Graph\GraphClientService.cs:line 469
2026-06-04 14:56:43.279 +05:30 [INF] Received HTTP response headers after 2264.3822ms - 403
2026-06-04 14:56:43.943 +05:30 [WRN] Failed to batch-fetch user counts for service principals
System.Text.Json.JsonException: The JSON value could not be converted to System.String. Path: $.responses[0].body | LineNumber: 0 | BytePositionInLine: 145.
 ---> System.InvalidOperationException: Cannot get the value of a token type 'StartObject' as a string.
   at System.Text.Json.ThrowHelper.ThrowInvalidOperationException_ExpectedString(JsonTokenType tokenType)
   at System.Text.Json.Serialization.Metadata.JsonPropertyInfo`1.ReadJsonAndSetMember(Object obj, ReadStack& state, Utf8JsonReader& reader)
   at System.Text.Json.Serialization.Converters.ObjectDefaultConverter`1.OnTryRead(Utf8JsonReader& reader, Type typeToConvert, JsonSerializerOptions options, ReadStack& state, T& value)
   at System.Text.Json.Serialization.JsonConverter`1.TryRead(Utf8JsonReader& reader, Type typeToConvert, JsonSerializerOptions options, ReadStack& state, T& value, Boolean& isPopulatedValue)
   at System.Text.Json.Serialization.JsonCollectionConverter`2.OnTryRead(Utf8JsonReader& reader, Type typeToConvert, JsonSerializerOptions options, ReadStack& state, TCollection& value)
   at System.Text.Json.Serialization.JsonConverter`1.TryRead(Utf8JsonReader& reader, Type typeToConvert, JsonSerializerOptions options, ReadStack& state, T& value, Boolean& isPopulatedValue)
   at System.Text.Json.Serialization.Metadata.JsonPropertyInfo`1.ReadJsonAndSetMember(Object obj, ReadStack& state, Utf8JsonReader& reader)
   at System.Text.Json.Serialization.Converters.ObjectDefaultConverter`1.OnTryRead(Utf8JsonReader& reader, Type typeToConvert, JsonSerializerOptions options, ReadStack& state, T& value)
   at System.Text.Json.Serialization.JsonConverter`1.TryRead(Utf8JsonReader& reader, Type typeToConvert, JsonSerializerOptions options, ReadStack& state, T& value, Boolean& isPopulatedValue)
   at System.Text.Json.Serialization.JsonConverter`1.ReadCore(Utf8JsonReader& reader, T& value, JsonSerializerOptions options, ReadStack& state)
   --- End of inner exception stack trace ---
   at System.Text.Json.ThrowHelper.ReThrowWithPath(ReadStack& state, Utf8JsonReader& reader, Exception ex)
   at System.Text.Json.Serialization.JsonConverter`1.ReadCore(Utf8JsonReader& reader, T& value, JsonSerializerOptions options, ReadStack& state)
   at System.Text.Json.Serialization.Metadata.JsonTypeInfo`1.ContinueDeserialize[TReadBufferState,TStream](TReadBufferState& bufferState, JsonReaderState& jsonReaderState, ReadStack& readStack, T& value)
   at System.Text.Json.Serialization.Metadata.JsonTypeInfo`1.DeserializeAsync[TReadBufferState,TStream](TStream utf8Json, TReadBufferState bufferState, CancellationToken cancellationToken)
   at System.Net.Http.Json.HttpContentJsonExtensions.ReadFromJsonAsyncCore[T](HttpContent content, JsonSerializerOptions options, CancellationToken cancellationToken)
   at SIGMA.Infrastructure.Graph.GraphClientService.BatchGetUserCountsAsync(List`1 spIds, CancellationToken ct) in D:\SIGMA Project\SIGMA-Beta\SIGMA\src\SIGMA.Infrastructure\Graph\GraphClientService.cs:line 469
2026-06-04 14:56:44.024 +05:30 [INF] Start processing HTTP request POST https://graph.microsoft.com/v1.0/$batch
2026-06-04 14:56:44.043 +05:30 [INF] End processing HTTP request after 3355.8039ms - 403
2026-06-04 14:56:44.073 +05:30 [INF] Start processing HTTP request POST https://graph.microsoft.com/v1.0/$batch
2026-06-04 14:56:44.295 +05:30 [INF] Sending HTTP request POST https://graph.microsoft.com/v1.0/$batch
2026-06-04 14:56:44.479 +05:30 [INF] Sending HTTP request POST https://graph.microsoft.com/v1.0/$batch
2026-06-04 14:56:44.685 +05:30 [INF] Received HTTP response headers after 95.1234ms - 200
2026-06-04 14:56:44.691 +05:30 [INF] Received HTTP response headers after 85.7988ms - 200
2026-06-04 14:56:44.707 +05:30 [INF] End processing HTTP request after 683.2667ms - 200
2026-06-04 14:56:44.726 +05:30 [INF] End processing HTTP request after 653.1799ms - 200
2026-06-04 14:56:45.014 +05:30 [WRN] Failed to batch-fetch user counts for service principals
System.Text.Json.JsonException: The JSON value could not be converted to System.String. Path: $.responses[0].body | LineNumber: 0 | BytePositionInLine: 144.
 ---> System.InvalidOperationException: Cannot get the value of a token type 'StartObject' as a string.
   at System.Text.Json.ThrowHelper.ThrowInvalidOperationException_ExpectedString(JsonTokenType tokenType)
   at System.Text.Json.Serialization.Metadata.JsonPropertyInfo`1.ReadJsonAndSetMember(Object obj, ReadStack& state, Utf8JsonReader& reader)
   at System.Text.Json.Serialization.Converters.ObjectDefaultConverter`1.OnTryRead(Utf8JsonReader& reader, Type typeToConvert, JsonSerializerOptions options, ReadStack& state, T& value)
   at System.Text.Json.Serialization.JsonCollectionConverter`2.OnTryRead(Utf8JsonReader& reader, Type typeToConvert, JsonSerializerOptions options, ReadStack& state, TCollection& value)
   at System.Text.Json.Serialization.JsonConverter`1.TryRead(Utf8JsonReader& reader, Type typeToConvert, JsonSerializerOptions options, ReadStack& state, T& value, Boolean& isPopulatedValue)
   at System.Text.Json.Serialization.Metadata.JsonPropertyInfo`1.ReadJsonAndSetMember(Object obj, ReadStack& state, Utf8JsonReader& reader)
   at System.Text.Json.Serialization.Converters.ObjectDefaultConverter`1.OnTryRead(Utf8JsonReader& reader, Type typeToConvert, JsonSerializerOptions options, ReadStack& state, T& value)
   at System.Text.Json.Serialization.JsonConverter`1.TryRead(Utf8JsonReader& reader, Type typeToConvert, JsonSerializerOptions options, ReadStack& state, T& value, Boolean& isPopulatedValue)
   at System.Text.Json.Serialization.JsonConverter`1.ReadCore(Utf8JsonReader& reader, T& value, JsonSerializerOptions options, ReadStack& state)
   --- End of inner exception stack trace ---
   at System.Text.Json.ThrowHelper.ReThrowWithPath(ReadStack& state, Utf8JsonReader& reader, Exception ex)
   at System.Text.Json.Serialization.JsonConverter`1.ReadCore(Utf8JsonReader& reader, T& value, JsonSerializerOptions options, ReadStack& state)
   at System.Text.Json.Serialization.Metadata.JsonTypeInfo`1.ContinueDeserialize[TReadBufferState,TStream](TReadBufferState& bufferState, JsonReaderState& jsonReaderState, ReadStack& readStack, T& value)
   at System.Text.Json.Serialization.Metadata.JsonTypeInfo`1.DeserializeAsync[TReadBufferState,TStream](TStream utf8Json, TReadBufferState bufferState, CancellationToken cancellationToken)
   at System.Net.Http.Json.HttpContentJsonExtensions.ReadFromJsonAsyncCore[T](HttpContent content, JsonSerializerOptions options, CancellationToken cancellationToken)
   at SIGMA.Infrastructure.Graph.GraphClientService.BatchGetUserCountsAsync(List`1 spIds, CancellationToken ct) in D:\SIGMA Project\SIGMA-Beta\SIGMA\src\SIGMA.Infrastructure\Graph\GraphClientService.cs:line 469
2026-06-04 14:56:45.749 +05:30 [WRN] Failed to batch-fetch user counts for service principals
System.Text.Json.JsonException: The JSON value could not be converted to System.String. Path: $.responses[0].body | LineNumber: 0 | BytePositionInLine: 144.
 ---> System.InvalidOperationException: Cannot get the value of a token type 'StartObject' as a string.
   at System.Text.Json.ThrowHelper.ThrowInvalidOperationException_ExpectedString(JsonTokenType tokenType)
   at System.Text.Json.Serialization.Metadata.JsonPropertyInfo`1.ReadJsonAndSetMember(Object obj, ReadStack& state, Utf8JsonReader& reader)
   at System.Text.Json.Serialization.Converters.ObjectDefaultConverter`1.OnTryRead(Utf8JsonReader& reader, Type typeToConvert, JsonSerializerOptions options, ReadStack& state, T& value)
   at System.Text.Json.Serialization.JsonCollectionConverter`2.OnTryRead(Utf8JsonReader& reader, Type typeToConvert, JsonSerializerOptions options, ReadStack& state, TCollection& value)
   at System.Text.Json.Serialization.JsonConverter`1.TryRead(Utf8JsonReader& reader, Type typeToConvert, JsonSerializerOptions options, ReadStack& state, T& value, Boolean& isPopulatedValue)
   at System.Text.Json.Serialization.Metadata.JsonPropertyInfo`1.ReadJsonAndSetMember(Object obj, ReadStack& state, Utf8JsonReader& reader)
   at System.Text.Json.Serialization.Converters.ObjectDefaultConverter`1.OnTryRead(Utf8JsonReader& reader, Type typeToConvert, JsonSerializerOptions options, ReadStack& state, T& value)
   at System.Text.Json.Serialization.JsonConverter`1.TryRead(Utf8JsonReader& reader, Type typeToConvert, JsonSerializerOptions options, ReadStack& state, T& value, Boolean& isPopulatedValue)
   at System.Text.Json.Serialization.JsonConverter`1.ReadCore(Utf8JsonReader& reader, T& value, JsonSerializerOptions options, ReadStack& state)
   --- End of inner exception stack trace ---
   at System.Text.Json.ThrowHelper.ReThrowWithPath(ReadStack& state, Utf8JsonReader& reader, Exception ex)
   at System.Text.Json.Serialization.JsonConverter`1.ReadCore(Utf8JsonReader& reader, T& value, JsonSerializerOptions options, ReadStack& state)
   at System.Text.Json.Serialization.Metadata.JsonTypeInfo`1.ContinueDeserialize[TReadBufferState,TStream](TReadBufferState& bufferState, JsonReaderState& jsonReaderState, ReadStack& readStack, T& value)
   at System.Text.Json.Serialization.Metadata.JsonTypeInfo`1.DeserializeAsync[TReadBufferState,TStream](TStream utf8Json, TReadBufferState bufferState, CancellationToken cancellationToken)
   at System.Net.Http.Json.HttpContentJsonExtensions.ReadFromJsonAsyncCore[T](HttpContent content, JsonSerializerOptions options, CancellationToken cancellationToken)
   at SIGMA.Infrastructure.Graph.GraphClientService.BatchGetUserCountsAsync(List`1 spIds, CancellationToken ct) in D:\SIGMA Project\SIGMA-Beta\SIGMA\src\SIGMA.Infrastructure\Graph\GraphClientService.cs:line 469
2026-06-04 14:56:45.953 +05:30 [WRN] Slow request: GET /api/v1/entra/service-principals responded 200 in 6167ms
2026-06-04 14:56:46.076 +05:30 [WRN] Slow request: GET /api/v1/entra/service-principals/dashboard responded 200 in 5724ms
2026-06-04 14:57:06.675 +05:30 [INF] IDX10242: Security token: '[PII of type 'Microsoft.IdentityModel.JsonWebTokens.JsonWebToken' is hidden. For more details, see https://aka.ms/IdentityModel/PII.]' has a valid signature.
2026-06-04 14:57:06.685 +05:30 [INF] IDX10239: Lifetime of the token is valid.
2026-06-04 14:57:06.692 +05:30 [INF] IDX10234: Audience Validated.Audience: 'api://f0ee212a-b836-4f5c-aafe-bee4b0ebfcfb'
2026-06-04 14:57:06.703 +05:30 [INF] IDX10245: Creating claims identity from the validated token: '[PII of type 'Microsoft.IdentityModel.JsonWebTokens.JsonWebToken' is hidden. For more details, see https://aka.ms/IdentityModel/PII.]'.
2026-06-04 14:57:06.781 +05:30 [INF] Start processing HTTP request GET https://graph.microsoft.com/v1.0/applications?*
2026-06-04 14:57:06.818 +05:30 [INF] Sending HTTP request GET https://graph.microsoft.com/v1.0/applications?*
2026-06-04 14:57:07.086 +05:30 [INF] Received HTTP response headers after 247.3183ms - 200
2026-06-04 14:57:07.108 +05:30 [INF] End processing HTTP request after 327.5742ms - 200
2026-06-04 14:57:07.278 +05:30 [INF] Start processing HTTP request POST https://graph.microsoft.com/v1.0/$batch
2026-06-04 14:57:07.294 +05:30 [INF] Sending HTTP request POST https://graph.microsoft.com/v1.0/$batch
2026-06-04 14:57:07.401 +05:30 [INF] Received HTTP response headers after 89.8918ms - 200
2026-06-04 14:57:07.426 +05:30 [INF] End processing HTTP request after 148.3151ms - 200
2026-06-04 14:57:08.129 +05:30 [WRN] Failed to batch-fetch owner counts for applications
System.Text.Json.JsonException: The JSON value could not be converted to System.String. Path: $.responses[0].body | LineNumber: 0 | BytePositionInLine: 119.
 ---> System.InvalidOperationException: Cannot get the value of a token type 'StartObject' as a string.
   at System.Text.Json.ThrowHelper.ThrowInvalidOperationException_ExpectedString(JsonTokenType tokenType)
   at System.Text.Json.Serialization.Metadata.JsonPropertyInfo`1.ReadJsonAndSetMember(Object obj, ReadStack& state, Utf8JsonReader& reader)
   at System.Text.Json.Serialization.Converters.ObjectDefaultConverter`1.OnTryRead(Utf8JsonReader& reader, Type typeToConvert, JsonSerializerOptions options, ReadStack& state, T& value)
   at System.Text.Json.Serialization.JsonCollectionConverter`2.OnTryRead(Utf8JsonReader& reader, Type typeToConvert, JsonSerializerOptions options, ReadStack& state, TCollection& value)
   at System.Text.Json.Serialization.JsonConverter`1.TryRead(Utf8JsonReader& reader, Type typeToConvert, JsonSerializerOptions options, ReadStack& state, T& value, Boolean& isPopulatedValue)
   at System.Text.Json.Serialization.Metadata.JsonPropertyInfo`1.ReadJsonAndSetMember(Object obj, ReadStack& state, Utf8JsonReader& reader)
   at System.Text.Json.Serialization.Converters.ObjectDefaultConverter`1.OnTryRead(Utf8JsonReader& reader, Type typeToConvert, JsonSerializerOptions options, ReadStack& state, T& value)
   at System.Text.Json.Serialization.JsonConverter`1.ReadCore(Utf8JsonReader& reader, T& value, JsonSerializerOptions options, ReadStack& state)
   --- End of inner exception stack trace ---
   at System.Text.Json.ThrowHelper.ReThrowWithPath(ReadStack& state, Utf8JsonReader& reader, Exception ex)
   at System.Text.Json.Serialization.JsonConverter`1.ReadCore(Utf8JsonReader& reader, T& value, JsonSerializerOptions options, ReadStack& state)
   at System.Text.Json.Serialization.Metadata.JsonTypeInfo`1.ContinueDeserialize[TReadBufferState,TStream](TReadBufferState& bufferState, JsonReaderState& jsonReaderState, ReadStack& readStack, T& value)
   at System.Text.Json.Serialization.Metadata.JsonTypeInfo`1.DeserializeAsync[TReadBufferState,TStream](TStream utf8Json, TReadBufferState bufferState, CancellationToken cancellationToken)
   at System.Net.Http.Json.HttpContentJsonExtensions.ReadFromJsonAsyncCore[T](HttpContent content, JsonSerializerOptions options, CancellationToken cancellationToken)
   at SIGMA.Infrastructure.Graph.GraphClientService.BatchGetApplicationOwnerCountsAsync(List`1 appIds, CancellationToken ct) in D:\SIGMA Project\SIGMA-Beta\SIGMA\src\SIGMA.Infrastructure\Graph\GraphClientService.cs:line 548
2026-06-04 14:57:08.167 +05:30 [INF] Start processing HTTP request POST https://graph.microsoft.com/v1.0/$batch
2026-06-04 14:57:08.191 +05:30 [INF] Sending HTTP request POST https://graph.microsoft.com/v1.0/$batch
2026-06-04 14:57:08.296 +05:30 [INF] Received HTTP response headers after 87.0249ms - 200
2026-06-04 14:57:08.319 +05:30 [INF] End processing HTTP request after 151.1118ms - 200
2026-06-04 14:57:09.100 +05:30 [WRN] Failed to batch-fetch owner counts for applications
System.Text.Json.JsonException: The JSON value could not be converted to System.String. Path: $.responses[0].body | LineNumber: 0 | BytePositionInLine: 119.
 ---> System.InvalidOperationException: Cannot get the value of a token type 'StartObject' as a string.
   at System.Text.Json.ThrowHelper.ThrowInvalidOperationException_ExpectedString(JsonTokenType tokenType)
   at System.Text.Json.Serialization.Metadata.JsonPropertyInfo`1.ReadJsonAndSetMember(Object obj, ReadStack& state, Utf8JsonReader& reader)
   at System.Text.Json.Serialization.Converters.ObjectDefaultConverter`1.OnTryRead(Utf8JsonReader& reader, Type typeToConvert, JsonSerializerOptions options, ReadStack& state, T& value)
   at System.Text.Json.Serialization.JsonCollectionConverter`2.OnTryRead(Utf8JsonReader& reader, Type typeToConvert, JsonSerializerOptions options, ReadStack& state, TCollection& value)
   at System.Text.Json.Serialization.JsonConverter`1.TryRead(Utf8JsonReader& reader, Type typeToConvert, JsonSerializerOptions options, ReadStack& state, T& value, Boolean& isPopulatedValue)
   at System.Text.Json.Serialization.Metadata.JsonPropertyInfo`1.ReadJsonAndSetMember(Object obj, ReadStack& state, Utf8JsonReader& reader)
   at System.Text.Json.Serialization.Converters.ObjectDefaultConverter`1.OnTryRead(Utf8JsonReader& reader, Type typeToConvert, JsonSerializerOptions options, ReadStack& state, T& value)
   at System.Text.Json.Serialization.JsonConverter`1.ReadCore(Utf8JsonReader& reader, T& value, JsonSerializerOptions options, ReadStack& state)
   --- End of inner exception stack trace ---
   at System.Text.Json.ThrowHelper.ReThrowWithPath(ReadStack& state, Utf8JsonReader& reader, Exception ex)
   at System.Text.Json.Serialization.JsonConverter`1.ReadCore(Utf8JsonReader& reader, T& value, JsonSerializerOptions options, ReadStack& state)
   at System.Text.Json.Serialization.Metadata.JsonTypeInfo`1.ContinueDeserialize[TReadBufferState,TStream](TReadBufferState& bufferState, JsonReaderState& jsonReaderState, ReadStack& readStack, T& value)
   at System.Text.Json.Serialization.Metadata.JsonTypeInfo`1.DeserializeAsync[TReadBufferState,TStream](TStream utf8Json, TReadBufferState bufferState, CancellationToken cancellationToken)
   at System.Net.Http.Json.HttpContentJsonExtensions.ReadFromJsonAsyncCore[T](HttpContent content, JsonSerializerOptions options, CancellationToken cancellationToken)
   at SIGMA.Infrastructure.Graph.GraphClientService.BatchGetApplicationOwnerCountsAsync(List`1 appIds, CancellationToken ct) in D:\SIGMA Project\SIGMA-Beta\SIGMA\src\SIGMA.Infrastructure\Graph\GraphClientService.cs:line 548
2026-06-04 14:57:09.223 +05:30 [WRN] Slow request: GET /api/v1/entra/applications responded 200 in 2548ms
2026-06-04 14:58:14.163 +05:30 [INF] IDX10242: Security token: '[PII of type 'Microsoft.IdentityModel.JsonWebTokens.JsonWebToken' is hidden. For more details, see https://aka.ms/IdentityModel/PII.]' has a valid signature.
2026-06-04 14:58:14.520 +05:30 [INF] IDX10239: Lifetime of the token is valid.
2026-06-04 14:58:14.530 +05:30 [INF] IDX10234: Audience Validated.Audience: 'api://f0ee212a-b836-4f5c-aafe-bee4b0ebfcfb'
2026-06-04 14:58:14.540 +05:30 [INF] IDX10245: Creating claims identity from the validated token: '[PII of type 'Microsoft.IdentityModel.JsonWebTokens.JsonWebToken' is hidden. For more details, see https://aka.ms/IdentityModel/PII.]'.
2026-06-04 14:58:14.660 +05:30 [INF] IDX10242: Security token: '[PII of type 'Microsoft.IdentityModel.JsonWebTokens.JsonWebToken' is hidden. For more details, see https://aka.ms/IdentityModel/PII.]' has a valid signature.
2026-06-04 14:58:14.668 +05:30 [INF] Start processing HTTP request GET https://graph.microsoft.com/v1.0/servicePrincipals/0b919ce6-2ea0-41d9-b213-5a14272a7300?*
2026-06-04 14:58:14.682 +05:30 [INF] IDX10239: Lifetime of the token is valid.
2026-06-04 14:58:14.705 +05:30 [INF] Sending HTTP request GET https://graph.microsoft.com/v1.0/servicePrincipals/0b919ce6-2ea0-41d9-b213-5a14272a7300?*
2026-06-04 14:58:14.715 +05:30 [INF] IDX10234: Audience Validated.Audience: 'api://f0ee212a-b836-4f5c-aafe-bee4b0ebfcfb'
2026-06-04 14:58:14.760 +05:30 [INF] IDX10245: Creating claims identity from the validated token: '[PII of type 'Microsoft.IdentityModel.JsonWebTokens.JsonWebToken' is hidden. For more details, see https://aka.ms/IdentityModel/PII.]'.
2026-06-04 14:58:14.802 +05:30 [INF] Start processing HTTP request GET https://graph.microsoft.com/v1.0/servicePrincipals/0b919ce6-2ea0-41d9-b213-5a14272a7300/owners?*
2026-06-04 14:58:14.889 +05:30 [INF] Sending HTTP request GET https://graph.microsoft.com/v1.0/servicePrincipals/0b919ce6-2ea0-41d9-b213-5a14272a7300/owners?*
2026-06-04 14:58:15.074 +05:30 [INF] Received HTTP response headers after 344.0567ms - 200
2026-06-04 14:58:15.127 +05:30 [INF] End processing HTTP request after 459.5735ms - 200
2026-06-04 14:58:15.163 +05:30 [INF] Start processing HTTP request GET https://graph.microsoft.com/v1.0/servicePrincipals/0b919ce6-2ea0-41d9-b213-5a14272a7300/appRoleAssignedTo?*
2026-06-04 14:58:15.184 +05:30 [INF] Sending HTTP request GET https://graph.microsoft.com/v1.0/servicePrincipals/0b919ce6-2ea0-41d9-b213-5a14272a7300/appRoleAssignedTo?*
2026-06-04 14:58:15.207 +05:30 [INF] Start processing HTTP request GET https://graph.microsoft.com/v1.0/servicePrincipals/0b919ce6-2ea0-41d9-b213-5a14272a7300?*
2026-06-04 14:58:15.265 +05:30 [INF] Sending HTTP request GET https://graph.microsoft.com/v1.0/servicePrincipals/0b919ce6-2ea0-41d9-b213-5a14272a7300?*
2026-06-04 14:58:15.329 +05:30 [INF] Received HTTP response headers after 232.2299ms - 200
2026-06-04 14:58:15.359 +05:30 [INF] End processing HTTP request after 556.7412ms - 200
2026-06-04 14:58:15.393 +05:30 [INF] Request: GET /api/v1/entra/service-principals/0b919ce6-2ea0-41d9-b213-5a14272a7300/owners responded 200 in 734ms
2026-06-04 14:58:15.445 +05:30 [INF] Received HTTP response headers after 243.0672ms - 200
2026-06-04 14:58:15.464 +05:30 [INF] End processing HTTP request after 300.6928ms - 200
2026-06-04 14:58:15.490 +05:30 [INF] Received HTTP response headers after 193.0806ms - 200
2026-06-04 14:58:15.530 +05:30 [INF] End processing HTTP request after 322.7139ms - 200
2026-06-04 14:58:15.607 +05:30 [INF] Request: GET /api/v1/entra/service-principals/0b919ce6-2ea0-41d9-b213-5a14272a7300 responded 200 in 1444ms
2026-06-04 14:58:25.569 +05:30 [INF] IDX10242: Security token: '[PII of type 'Microsoft.IdentityModel.JsonWebTokens.JsonWebToken' is hidden. For more details, see https://aka.ms/IdentityModel/PII.]' has a valid signature.
2026-06-04 14:58:25.581 +05:30 [INF] IDX10239: Lifetime of the token is valid.
2026-06-04 14:58:25.569 +05:30 [INF] IDX10242: Security token: '[PII of type 'Microsoft.IdentityModel.JsonWebTokens.JsonWebToken' is hidden. For more details, see https://aka.ms/IdentityModel/PII.]' has a valid signature.
2026-06-04 14:58:25.591 +05:30 [INF] IDX10234: Audience Validated.Audience: 'api://f0ee212a-b836-4f5c-aafe-bee4b0ebfcfb'
2026-06-04 14:58:25.616 +05:30 [INF] IDX10245: Creating claims identity from the validated token: '[PII of type 'Microsoft.IdentityModel.JsonWebTokens.JsonWebToken' is hidden. For more details, see https://aka.ms/IdentityModel/PII.]'.
2026-06-04 14:58:25.603 +05:30 [INF] IDX10239: Lifetime of the token is valid.
2026-06-04 14:58:25.690 +05:30 [INF] IDX10234: Audience Validated.Audience: 'api://f0ee212a-b836-4f5c-aafe-bee4b0ebfcfb'
2026-06-04 14:58:25.699 +05:30 [INF] IDX10245: Creating claims identity from the validated token: '[PII of type 'Microsoft.IdentityModel.JsonWebTokens.JsonWebToken' is hidden. For more details, see https://aka.ms/IdentityModel/PII.]'.
2026-06-04 14:58:25.734 +05:30 [INF] Start processing HTTP request GET https://graph.microsoft.com/v1.0/servicePrincipals/0b919ce6-2ea0-41d9-b213-5a14272a7300?*
2026-06-04 14:58:25.752 +05:30 [INF] Start processing HTTP request GET https://graph.microsoft.com/v1.0/servicePrincipals/0b919ce6-2ea0-41d9-b213-5a14272a7300?*
2026-06-04 14:58:25.762 +05:30 [INF] Sending HTTP request GET https://graph.microsoft.com/v1.0/servicePrincipals/0b919ce6-2ea0-41d9-b213-5a14272a7300?*
2026-06-04 14:58:25.786 +05:30 [INF] Sending HTTP request GET https://graph.microsoft.com/v1.0/servicePrincipals/0b919ce6-2ea0-41d9-b213-5a14272a7300?*
2026-06-04 14:58:25.995 +05:30 [INF] Received HTTP response headers after 168.6348ms - 200
2026-06-04 14:58:26.004 +05:30 [INF] Received HTTP response headers after 196.5509ms - 200
2026-06-04 14:58:26.013 +05:30 [INF] End processing HTTP request after 261.3029ms - 200
2026-06-04 14:58:26.030 +05:30 [INF] End processing HTTP request after 296.8026ms - 200
2026-06-04 14:58:26.088 +05:30 [INF] Start processing HTTP request GET https://graph.microsoft.com/v1.0/servicePrincipals/0b919ce6-2ea0-41d9-b213-5a14272a7300/appRoleAssignedTo?*
2026-06-04 14:58:26.132 +05:30 [INF] Start processing HTTP request GET https://graph.microsoft.com/v1.0/servicePrincipals/0b919ce6-2ea0-41d9-b213-5a14272a7300/appRoleAssignedTo?*
2026-06-04 14:58:26.148 +05:30 [INF] Sending HTTP request GET https://graph.microsoft.com/v1.0/servicePrincipals/0b919ce6-2ea0-41d9-b213-5a14272a7300/appRoleAssignedTo?*
2026-06-04 14:58:26.163 +05:30 [INF] Sending HTTP request GET https://graph.microsoft.com/v1.0/servicePrincipals/0b919ce6-2ea0-41d9-b213-5a14272a7300/appRoleAssignedTo?*
2026-06-04 14:58:26.178 +05:30 [INF] Start processing HTTP request GET https://graph.microsoft.com/v1.0/servicePrincipals/0b919ce6-2ea0-41d9-b213-5a14272a7300?*
2026-06-04 14:58:26.193 +05:30 [INF] Start processing HTTP request GET https://graph.microsoft.com/v1.0/servicePrincipals/0b919ce6-2ea0-41d9-b213-5a14272a7300?*
2026-06-04 14:58:26.212 +05:30 [INF] Sending HTTP request GET https://graph.microsoft.com/v1.0/servicePrincipals/0b919ce6-2ea0-41d9-b213-5a14272a7300?*
2026-06-04 14:58:26.229 +05:30 [INF] Sending HTTP request GET https://graph.microsoft.com/v1.0/servicePrincipals/0b919ce6-2ea0-41d9-b213-5a14272a7300?*
2026-06-04 14:58:26.387 +05:30 [INF] Received HTTP response headers after 194.9447ms - 200
2026-06-04 14:58:26.406 +05:30 [INF] Received HTTP response headers after 159.998ms - 200
2026-06-04 14:58:26.408 +05:30 [INF] End processing HTTP request after 275.9768ms - 200
2026-06-04 14:58:26.433 +05:30 [INF] Received HTTP response headers after 255.9846ms - 200
2026-06-04 14:58:26.443 +05:30 [INF] End processing HTTP request after 265.3171ms - 200
2026-06-04 14:58:26.477 +05:30 [INF] End processing HTTP request after 388.9542ms - 200
2026-06-04 14:58:26.515 +05:30 [INF] Received HTTP response headers after 252.5707ms - 200
2026-06-04 14:58:26.525 +05:30 [INF] Start processing HTTP request GET https://graph.microsoft.com/v1.0/applications?*
2026-06-04 14:58:26.542 +05:30 [INF] End processing HTTP request after 348.9782ms - 200
2026-06-04 14:58:26.559 +05:30 [INF] Sending HTTP request GET https://graph.microsoft.com/v1.0/applications?*
2026-06-04 14:58:26.588 +05:30 [INF] Start processing HTTP request GET https://graph.microsoft.com/v1.0/applications?*
2026-06-04 14:58:26.609 +05:30 [INF] Sending HTTP request GET https://graph.microsoft.com/v1.0/applications?*
2026-06-04 14:58:26.697 +05:30 [INF] Received HTTP response headers after 102.6699ms - 200
2026-06-04 14:58:26.720 +05:30 [INF] End processing HTTP request after 195.1501ms - 200
2026-06-04 14:58:26.762 +05:30 [INF] Start processing HTTP request GET https://graph.microsoft.com/v1.0/servicePrincipals?*
2026-06-04 14:58:26.775 +05:30 [INF] Sending HTTP request GET https://graph.microsoft.com/v1.0/servicePrincipals?*
2026-06-04 14:58:26.806 +05:30 [INF] Received HTTP response headers after 182.7255ms - 200
2026-06-04 14:58:26.822 +05:30 [INF] End processing HTTP request after 234.9398ms - 200
2026-06-04 14:58:26.839 +05:30 [INF] Start processing HTTP request GET https://graph.microsoft.com/v1.0/servicePrincipals?*
2026-06-04 14:58:26.853 +05:30 [INF] Sending HTTP request GET https://graph.microsoft.com/v1.0/servicePrincipals?*
2026-06-04 14:58:27.014 +05:30 [INF] Received HTTP response headers after 225.5698ms - 200
2026-06-04 14:58:27.042 +05:30 [INF] End processing HTTP request after 280.3918ms - 200
2026-06-04 14:58:27.172 +05:30 [INF] Received HTTP response headers after 305.3133ms - 200
2026-06-04 14:58:27.242 +05:30 [INF] End processing HTTP request after 402.5182ms - 200
2026-06-04 14:58:27.398 +05:30 [INF] Request: GET /api/v1/entra/service-principals/0b919ce6-2ea0-41d9-b213-5a14272a7300/protocol-analysis responded 200 in 1830ms
2026-06-04 14:58:27.478 +05:30 [INF] Request: GET /api/v1/entra/service-principals/0b919ce6-2ea0-41d9-b213-5a14272a7300/sso-config responded 200 in 1910ms
2026-06-04 14:58:56.145 +05:30 [INF] IDX10242: Security token: '[PII of type 'Microsoft.IdentityModel.JsonWebTokens.JsonWebToken' is hidden. For more details, see https://aka.ms/IdentityModel/PII.]' has a valid signature.
2026-06-04 14:58:56.180 +05:30 [INF] IDX10239: Lifetime of the token is valid.
2026-06-04 14:58:56.230 +05:30 [INF] IDX10234: Audience Validated.Audience: 'api://f0ee212a-b836-4f5c-aafe-bee4b0ebfcfb'
2026-06-04 14:58:56.244 +05:30 [INF] IDX10245: Creating claims identity from the validated token: '[PII of type 'Microsoft.IdentityModel.JsonWebTokens.JsonWebToken' is hidden. For more details, see https://aka.ms/IdentityModel/PII.]'.
2026-06-04 14:58:56.277 +05:30 [INF] Start processing HTTP request GET https://graph.microsoft.com/v1.0/servicePrincipals/d827b8ce-fcd6-4764-a818-afa636f9152d?*
2026-06-04 14:58:56.293 +05:30 [INF] IDX10242: Security token: '[PII of type 'Microsoft.IdentityModel.JsonWebTokens.JsonWebToken' is hidden. For more details, see https://aka.ms/IdentityModel/PII.]' has a valid signature.
2026-06-04 14:58:56.301 +05:30 [INF] Sending HTTP request GET https://graph.microsoft.com/v1.0/servicePrincipals/d827b8ce-fcd6-4764-a818-afa636f9152d?*
2026-06-04 14:58:56.314 +05:30 [INF] IDX10239: Lifetime of the token is valid.
2026-06-04 14:58:56.346 +05:30 [INF] IDX10234: Audience Validated.Audience: 'api://f0ee212a-b836-4f5c-aafe-bee4b0ebfcfb'
2026-06-04 14:58:56.381 +05:30 [INF] IDX10245: Creating claims identity from the validated token: '[PII of type 'Microsoft.IdentityModel.JsonWebTokens.JsonWebToken' is hidden. For more details, see https://aka.ms/IdentityModel/PII.]'.
2026-06-04 14:58:56.398 +05:30 [INF] Start processing HTTP request GET https://graph.microsoft.com/v1.0/servicePrincipals/d827b8ce-fcd6-4764-a818-afa636f9152d/owners?*
2026-06-04 14:58:56.417 +05:30 [INF] Sending HTTP request GET https://graph.microsoft.com/v1.0/servicePrincipals/d827b8ce-fcd6-4764-a818-afa636f9152d/owners?*
2026-06-04 14:58:56.740 +05:30 [INF] Received HTTP response headers after 299.9262ms - 200
2026-06-04 14:58:56.796 +05:30 [INF] End processing HTTP request after 398.0541ms - 200
2026-06-04 14:58:56.867 +05:30 [INF] Request: GET /api/v1/entra/service-principals/d827b8ce-fcd6-4764-a818-afa636f9152d/owners responded 200 in 574ms
2026-06-04 14:58:56.989 +05:30 [INF] Received HTTP response headers after 657.4407ms - 200
2026-06-04 14:58:57.010 +05:30 [INF] End processing HTTP request after 733.4453ms - 200
2026-06-04 14:58:57.041 +05:30 [INF] Start processing HTTP request GET https://graph.microsoft.com/v1.0/servicePrincipals/d827b8ce-fcd6-4764-a818-afa636f9152d/appRoleAssignedTo?*
2026-06-04 14:58:57.063 +05:30 [INF] Sending HTTP request GET https://graph.microsoft.com/v1.0/servicePrincipals/d827b8ce-fcd6-4764-a818-afa636f9152d/appRoleAssignedTo?*
2026-06-04 14:58:57.086 +05:30 [INF] Start processing HTTP request GET https://graph.microsoft.com/v1.0/servicePrincipals/d827b8ce-fcd6-4764-a818-afa636f9152d?*
2026-06-04 14:58:57.105 +05:30 [INF] Sending HTTP request GET https://graph.microsoft.com/v1.0/servicePrincipals/d827b8ce-fcd6-4764-a818-afa636f9152d?*
2026-06-04 14:58:57.288 +05:30 [INF] Received HTTP response headers after 202.9499ms - 200
2026-06-04 14:58:57.323 +05:30 [INF] Received HTTP response headers after 198.3322ms - 200
2026-06-04 14:58:57.363 +05:30 [INF] End processing HTTP request after 277.8142ms - 200
2026-06-04 14:58:57.341 +05:30 [INF] End processing HTTP request after 299.7258ms - 200
2026-06-04 14:58:57.414 +05:30 [INF] Request: GET /api/v1/entra/service-principals/d827b8ce-fcd6-4764-a818-afa636f9152d responded 200 in 1269ms
2026-06-04 14:59:07.049 +05:30 [INF] IDX10242: Security token: '[PII of type 'Microsoft.IdentityModel.JsonWebTokens.JsonWebToken' is hidden. For more details, see https://aka.ms/IdentityModel/PII.]' has a valid signature.
2026-06-04 14:59:07.049 +05:30 [INF] IDX10242: Security token: '[PII of type 'Microsoft.IdentityModel.JsonWebTokens.JsonWebToken' is hidden. For more details, see https://aka.ms/IdentityModel/PII.]' has a valid signature.
2026-06-04 14:59:07.063 +05:30 [INF] IDX10239: Lifetime of the token is valid.
2026-06-04 14:59:07.076 +05:30 [INF] IDX10239: Lifetime of the token is valid.
2026-06-04 14:59:07.085 +05:30 [INF] IDX10234: Audience Validated.Audience: 'api://f0ee212a-b836-4f5c-aafe-bee4b0ebfcfb'
2026-06-04 14:59:07.097 +05:30 [INF] IDX10234: Audience Validated.Audience: 'api://f0ee212a-b836-4f5c-aafe-bee4b0ebfcfb'
2026-06-04 14:59:07.115 +05:30 [INF] IDX10245: Creating claims identity from the validated token: '[PII of type 'Microsoft.IdentityModel.JsonWebTokens.JsonWebToken' is hidden. For more details, see https://aka.ms/IdentityModel/PII.]'.
2026-06-04 14:59:07.127 +05:30 [INF] IDX10245: Creating claims identity from the validated token: '[PII of type 'Microsoft.IdentityModel.JsonWebTokens.JsonWebToken' is hidden. For more details, see https://aka.ms/IdentityModel/PII.]'.
2026-06-04 14:59:07.139 +05:30 [INF] Start processing HTTP request GET https://graph.microsoft.com/v1.0/servicePrincipals/d827b8ce-fcd6-4764-a818-afa636f9152d?*
2026-06-04 14:59:07.165 +05:30 [INF] Sending HTTP request GET https://graph.microsoft.com/v1.0/servicePrincipals/d827b8ce-fcd6-4764-a818-afa636f9152d?*
2026-06-04 14:59:07.149 +05:30 [INF] Start processing HTTP request GET https://graph.microsoft.com/v1.0/servicePrincipals/d827b8ce-fcd6-4764-a818-afa636f9152d?*
2026-06-04 14:59:07.199 +05:30 [INF] Sending HTTP request GET https://graph.microsoft.com/v1.0/servicePrincipals/d827b8ce-fcd6-4764-a818-afa636f9152d?*
2026-06-04 14:59:07.356 +05:30 [INF] Received HTTP response headers after 173.6067ms - 200
2026-06-04 14:59:07.380 +05:30 [INF] End processing HTTP request after 240.7257ms - 200
2026-06-04 14:59:07.389 +05:30 [INF] Received HTTP response headers after 171.1954ms - 200
2026-06-04 14:59:07.406 +05:30 [INF] Start processing HTTP request GET https://graph.microsoft.com/v1.0/servicePrincipals/d827b8ce-fcd6-4764-a818-afa636f9152d/appRoleAssignedTo?*
2026-06-04 14:59:07.426 +05:30 [INF] End processing HTTP request after 277.0962ms - 200
2026-06-04 14:59:07.441 +05:30 [INF] Sending HTTP request GET https://graph.microsoft.com/v1.0/servicePrincipals/d827b8ce-fcd6-4764-a818-afa636f9152d/appRoleAssignedTo?*
2026-06-04 14:59:07.457 +05:30 [INF] Start processing HTTP request GET https://graph.microsoft.com/v1.0/servicePrincipals/d827b8ce-fcd6-4764-a818-afa636f9152d/appRoleAssignedTo?*
2026-06-04 14:59:07.487 +05:30 [INF] Sending HTTP request GET https://graph.microsoft.com/v1.0/servicePrincipals/d827b8ce-fcd6-4764-a818-afa636f9152d/appRoleAssignedTo?*
2026-06-04 14:59:07.472 +05:30 [INF] Start processing HTTP request GET https://graph.microsoft.com/v1.0/servicePrincipals/d827b8ce-fcd6-4764-a818-afa636f9152d?*
2026-06-04 14:59:07.501 +05:30 [INF] Start processing HTTP request GET https://graph.microsoft.com/v1.0/servicePrincipals/d827b8ce-fcd6-4764-a818-afa636f9152d?*
2026-06-04 14:59:07.578 +05:30 [INF] Sending HTTP request GET https://graph.microsoft.com/v1.0/servicePrincipals/d827b8ce-fcd6-4764-a818-afa636f9152d?*
2026-06-04 14:59:07.593 +05:30 [INF] Sending HTTP request GET https://graph.microsoft.com/v1.0/servicePrincipals/d827b8ce-fcd6-4764-a818-afa636f9152d?*
2026-06-04 14:59:07.788 +05:30 [INF] Received HTTP response headers after 317.5503ms - 200
2026-06-04 14:59:07.792 +05:30 [INF] Received HTTP response headers after 291.3682ms - 200
2026-06-04 14:59:07.826 +05:30 [INF] End processing HTTP request after 419.1102ms - 200
2026-06-04 14:59:07.844 +05:30 [INF] End processing HTTP request after 386.3252ms - 200
2026-06-04 14:59:08.235 +05:30 [INF] Received HTTP response headers after 627.71ms - 200
2026-06-04 14:59:08.239 +05:30 [INF] Received HTTP response headers after 430.581ms - 200
2026-06-04 14:59:08.319 +05:30 [INF] End processing HTTP request after 818.4559ms - 200
2026-06-04 14:59:08.290 +05:30 [INF] End processing HTTP request after 818.535ms - 200
2026-06-04 14:59:08.336 +05:30 [INF] Start processing HTTP request GET https://graph.microsoft.com/v1.0/applications?*
2026-06-04 14:59:08.354 +05:30 [INF] Start processing HTTP request GET https://graph.microsoft.com/v1.0/applications?*
2026-06-04 14:59:08.371 +05:30 [INF] Sending HTTP request GET https://graph.microsoft.com/v1.0/applications?*
2026-06-04 14:59:08.387 +05:30 [INF] Sending HTTP request GET https://graph.microsoft.com/v1.0/applications?*
2026-06-04 14:59:08.496 +05:30 [INF] Received HTTP response headers after 92.4218ms - 200
2026-06-04 14:59:08.516 +05:30 [INF] End processing HTTP request after 179.3033ms - 200
2026-06-04 14:59:08.579 +05:30 [INF] Received HTTP response headers after 158.8238ms - 200
2026-06-04 14:59:08.613 +05:30 [INF] Start processing HTTP request GET https://graph.microsoft.com/v1.0/servicePrincipals?*
2026-06-04 14:59:08.632 +05:30 [INF] End processing HTTP request after 278.1796ms - 200
2026-06-04 14:59:08.649 +05:30 [INF] Sending HTTP request GET https://graph.microsoft.com/v1.0/servicePrincipals?*
2026-06-04 14:59:08.667 +05:30 [INF] Start processing HTTP request GET https://graph.microsoft.com/v1.0/servicePrincipals?*
2026-06-04 14:59:08.704 +05:30 [INF] Sending HTTP request GET https://graph.microsoft.com/v1.0/servicePrincipals?*
2026-06-04 14:59:08.914 +05:30 [INF] Received HTTP response headers after 192.2216ms - 200
2026-06-04 14:59:08.932 +05:30 [INF] End processing HTTP request after 264.7893ms - 200
2026-06-04 14:59:09.121 +05:30 [WRN] Slow request: GET /api/v1/entra/service-principals/d827b8ce-fcd6-4764-a818-afa636f9152d/protocol-analysis responded 200 in 2072ms
2026-06-04 14:59:09.407 +05:30 [INF] Received HTTP response headers after 719.5129ms - 200
2026-06-04 14:59:09.456 +05:30 [INF] End processing HTTP request after 843.3746ms - 200
2026-06-04 14:59:09.625 +05:30 [WRN] Slow request: GET /api/v1/entra/service-principals/d827b8ce-fcd6-4764-a818-afa636f9152d/sso-config responded 200 in 2576ms
2026-06-04 14:59:50.411 +05:30 [INF] IDX10242: Security token: '[PII of type 'Microsoft.IdentityModel.JsonWebTokens.JsonWebToken' is hidden. For more details, see https://aka.ms/IdentityModel/PII.]' has a valid signature.
2026-06-04 14:59:50.544 +05:30 [INF] IDX10239: Lifetime of the token is valid.
2026-06-04 14:59:50.638 +05:30 [INF] IDX10242: Security token: '[PII of type 'Microsoft.IdentityModel.JsonWebTokens.JsonWebToken' is hidden. For more details, see https://aka.ms/IdentityModel/PII.]' has a valid signature.
2026-06-04 14:59:50.781 +05:30 [INF] IDX10234: Audience Validated.Audience: 'api://f0ee212a-b836-4f5c-aafe-bee4b0ebfcfb'
2026-06-04 14:59:50.794 +05:30 [INF] IDX10239: Lifetime of the token is valid.
2026-06-04 14:59:50.999 +05:30 [INF] IDX10245: Creating claims identity from the validated token: '[PII of type 'Microsoft.IdentityModel.JsonWebTokens.JsonWebToken' is hidden. For more details, see https://aka.ms/IdentityModel/PII.]'.
2026-06-04 14:59:51.010 +05:30 [INF] IDX10234: Audience Validated.Audience: 'api://f0ee212a-b836-4f5c-aafe-bee4b0ebfcfb'
2026-06-04 14:59:51.624 +05:30 [INF] Start processing HTTP request GET https://graph.microsoft.com/v1.0/servicePrincipals/5d168edc-2729-4e15-9fed-f83537a68270?*
2026-06-04 14:59:52.124 +05:30 [INF] IDX10245: Creating claims identity from the validated token: '[PII of type 'Microsoft.IdentityModel.JsonWebTokens.JsonWebToken' is hidden. For more details, see https://aka.ms/IdentityModel/PII.]'.
2026-06-04 14:59:52.144 +05:30 [INF] Sending HTTP request GET https://graph.microsoft.com/v1.0/servicePrincipals/5d168edc-2729-4e15-9fed-f83537a68270?*
2026-06-04 14:59:52.161 +05:30 [INF] Start processing HTTP request GET https://graph.microsoft.com/v1.0/servicePrincipals/5d168edc-2729-4e15-9fed-f83537a68270/owners?*
2026-06-04 14:59:52.204 +05:30 [INF] Sending HTTP request GET https://graph.microsoft.com/v1.0/servicePrincipals/5d168edc-2729-4e15-9fed-f83537a68270/owners?*
2026-06-04 14:59:52.302 +05:30 [INF] Received HTTP response headers after 119.0699ms - 200
2026-06-04 14:59:52.324 +05:30 [INF] End processing HTTP request after 699.4414ms - 200
2026-06-04 14:59:52.344 +05:30 [INF] Start processing HTTP request GET https://graph.microsoft.com/v1.0/servicePrincipals/5d168edc-2729-4e15-9fed-f83537a68270/appRoleAssignedTo?*
2026-06-04 14:59:52.359 +05:30 [INF] Sending HTTP request GET https://graph.microsoft.com/v1.0/servicePrincipals/5d168edc-2729-4e15-9fed-f83537a68270/appRoleAssignedTo?*
2026-06-04 14:59:52.374 +05:30 [INF] Start processing HTTP request GET https://graph.microsoft.com/v1.0/servicePrincipals/5d168edc-2729-4e15-9fed-f83537a68270?*
2026-06-04 14:59:52.390 +05:30 [INF] Sending HTTP request GET https://graph.microsoft.com/v1.0/servicePrincipals/5d168edc-2729-4e15-9fed-f83537a68270?*
2026-06-04 14:59:52.395 +05:30 [INF] Received HTTP response headers after 172.6744ms - 200
2026-06-04 14:59:52.421 +05:30 [INF] End processing HTTP request after 259.873ms - 200
2026-06-04 14:59:52.438 +05:30 [INF] Request: GET /api/v1/entra/service-principals/5d168edc-2729-4e15-9fed-f83537a68270/owners responded 200 in 1800ms
2026-06-04 14:59:52.526 +05:30 [INF] Received HTTP response headers after 122.7922ms - 200
2026-06-04 14:59:52.547 +05:30 [INF] End processing HTTP request after 172.7438ms - 200
2026-06-04 14:59:52.579 +05:30 [INF] Received HTTP response headers after 205.2756ms - 200
2026-06-04 14:59:52.600 +05:30 [INF] End processing HTTP request after 256.0565ms - 200
2026-06-04 14:59:52.620 +05:30 [WRN] Slow request: GET /api/v1/entra/service-principals/5d168edc-2729-4e15-9fed-f83537a68270 responded 200 in 2222ms
2026-06-04 14:59:55.319 +05:30 [INF] IDX10242: Security token: '[PII of type 'Microsoft.IdentityModel.JsonWebTokens.JsonWebToken' is hidden. For more details, see https://aka.ms/IdentityModel/PII.]' has a valid signature.
2026-06-04 14:59:55.321 +05:30 [INF] IDX10242: Security token: '[PII of type 'Microsoft.IdentityModel.JsonWebTokens.JsonWebToken' is hidden. For more details, see https://aka.ms/IdentityModel/PII.]' has a valid signature.
2026-06-04 14:59:55.374 +05:30 [INF] IDX10239: Lifetime of the token is valid.
2026-06-04 14:59:55.385 +05:30 [INF] IDX10234: Audience Validated.Audience: 'api://f0ee212a-b836-4f5c-aafe-bee4b0ebfcfb'
2026-06-04 14:59:55.364 +05:30 [INF] IDX10239: Lifetime of the token is valid.
2026-06-04 14:59:55.465 +05:30 [INF] IDX10234: Audience Validated.Audience: 'api://f0ee212a-b836-4f5c-aafe-bee4b0ebfcfb'
2026-06-04 14:59:55.450 +05:30 [INF] IDX10245: Creating claims identity from the validated token: '[PII of type 'Microsoft.IdentityModel.JsonWebTokens.JsonWebToken' is hidden. For more details, see https://aka.ms/IdentityModel/PII.]'.
2026-06-04 14:59:55.500 +05:30 [INF] IDX10245: Creating claims identity from the validated token: '[PII of type 'Microsoft.IdentityModel.JsonWebTokens.JsonWebToken' is hidden. For more details, see https://aka.ms/IdentityModel/PII.]'.
2026-06-04 14:59:55.545 +05:30 [INF] Start processing HTTP request GET https://graph.microsoft.com/v1.0/servicePrincipals/5d168edc-2729-4e15-9fed-f83537a68270?*
2026-06-04 14:59:55.570 +05:30 [INF] Start processing HTTP request GET https://graph.microsoft.com/v1.0/servicePrincipals/5d168edc-2729-4e15-9fed-f83537a68270?*
2026-06-04 14:59:55.571 +05:30 [INF] Sending HTTP request GET https://graph.microsoft.com/v1.0/servicePrincipals/5d168edc-2729-4e15-9fed-f83537a68270?*
2026-06-04 14:59:55.623 +05:30 [INF] Sending HTTP request GET https://graph.microsoft.com/v1.0/servicePrincipals/5d168edc-2729-4e15-9fed-f83537a68270?*
2026-06-04 14:59:55.831 +05:30 [INF] Received HTTP response headers after 182.3297ms - 200
2026-06-04 14:59:55.851 +05:30 [INF] Received HTTP response headers after 179.6917ms - 200
2026-06-04 14:59:55.857 +05:30 [INF] End processing HTTP request after 311.7941ms - 200
2026-06-04 14:59:55.881 +05:30 [INF] End processing HTTP request after 311.2222ms - 200
2026-06-04 14:59:55.902 +05:30 [INF] Start processing HTTP request GET https://graph.microsoft.com/v1.0/servicePrincipals/5d168edc-2729-4e15-9fed-f83537a68270/appRoleAssignedTo?*
2026-06-04 14:59:55.928 +05:30 [INF] Start processing HTTP request GET https://graph.microsoft.com/v1.0/servicePrincipals/5d168edc-2729-4e15-9fed-f83537a68270/appRoleAssignedTo?*
2026-06-04 14:59:55.943 +05:30 [INF] Sending HTTP request GET https://graph.microsoft.com/v1.0/servicePrincipals/5d168edc-2729-4e15-9fed-f83537a68270/appRoleAssignedTo?*
2026-06-04 14:59:55.964 +05:30 [INF] Sending HTTP request GET https://graph.microsoft.com/v1.0/servicePrincipals/5d168edc-2729-4e15-9fed-f83537a68270/appRoleAssignedTo?*
2026-06-04 14:59:55.996 +05:30 [INF] Start processing HTTP request GET https://graph.microsoft.com/v1.0/servicePrincipals/5d168edc-2729-4e15-9fed-f83537a68270?*
2026-06-04 14:59:56.012 +05:30 [INF] Start processing HTTP request GET https://graph.microsoft.com/v1.0/servicePrincipals/5d168edc-2729-4e15-9fed-f83537a68270?*
2026-06-04 14:59:56.035 +05:30 [INF] Sending HTTP request GET https://graph.microsoft.com/v1.0/servicePrincipals/5d168edc-2729-4e15-9fed-f83537a68270?*
2026-06-04 14:59:56.085 +05:30 [INF] Sending HTTP request GET https://graph.microsoft.com/v1.0/servicePrincipals/5d168edc-2729-4e15-9fed-f83537a68270?*
2026-06-04 14:59:56.117 +05:30 [INF] Received HTTP response headers after 122.4311ms - 200
2026-06-04 14:59:56.153 +05:30 [INF] End processing HTTP request after 250.7643ms - 200
2026-06-04 14:59:56.213 +05:30 [INF] Received HTTP response headers after 103.2407ms - 200
2026-06-04 14:59:56.235 +05:30 [INF] Received HTTP response headers after 222.9916ms - 200
2026-06-04 14:59:56.249 +05:30 [INF] End processing HTTP request after 253.4655ms - 200
2026-06-04 14:59:56.271 +05:30 [INF] End processing HTTP request after 343.5523ms - 200
2026-06-04 14:59:56.291 +05:30 [INF] Received HTTP response headers after 161.2433ms - 200
2026-06-04 14:59:56.297 +05:30 [INF] Start processing HTTP request GET https://graph.microsoft.com/v1.0/applications?*
2026-06-04 14:59:56.346 +05:30 [INF] End processing HTTP request after 334.0242ms - 200
2026-06-04 14:59:56.368 +05:30 [INF] Sending HTTP request GET https://graph.microsoft.com/v1.0/applications?*
2026-06-04 14:59:56.397 +05:30 [INF] Start processing HTTP request GET https://graph.microsoft.com/v1.0/applications?*
2026-06-04 14:59:56.439 +05:30 [INF] Sending HTTP request GET https://graph.microsoft.com/v1.0/applications?*
2026-06-04 14:59:56.601 +05:30 [INF] Received HTTP response headers after 182.4584ms - 200
2026-06-04 14:59:56.627 +05:30 [INF] End processing HTTP request after 330.1078ms - 200
2026-06-04 14:59:56.627 +05:30 [INF] Received HTTP response headers after 161.3776ms - 200
2026-06-04 14:59:56.671 +05:30 [INF] End processing HTTP request after 273.9921ms - 200
2026-06-04 14:59:56.650 +05:30 [INF] Start processing HTTP request GET https://graph.microsoft.com/v1.0/servicePrincipals?*
2026-06-04 14:59:56.700 +05:30 [INF] Start processing HTTP request GET https://graph.microsoft.com/v1.0/servicePrincipals?*
2026-06-04 14:59:56.756 +05:30 [INF] Sending HTTP request GET https://graph.microsoft.com/v1.0/servicePrincipals?*
2026-06-04 14:59:56.729 +05:30 [INF] Sending HTTP request GET https://graph.microsoft.com/v1.0/servicePrincipals?*
2026-06-04 14:59:57.029 +05:30 [INF] Received HTTP response headers after 253.1676ms - 200
2026-06-04 14:59:57.053 +05:30 [INF] End processing HTTP request after 353.4382ms - 200
2026-06-04 14:59:57.177 +05:30 [INF] Request: GET /api/v1/entra/service-principals/5d168edc-2729-4e15-9fed-f83537a68270/protocol-analysis responded 200 in 1856ms
2026-06-04 14:59:57.354 +05:30 [INF] Received HTTP response headers after 559.9803ms - 200
2026-06-04 14:59:57.374 +05:30 [INF] End processing HTTP request after 724.6018ms - 200
2026-06-04 14:59:57.575 +05:30 [WRN] Slow request: GET /api/v1/entra/service-principals/5d168edc-2729-4e15-9fed-f83537a68270/sso-config responded 200 in 2256ms
2026-06-04 15:00:29.844 +05:30 [INF] IDX10242: Security token: '[PII of type 'Microsoft.IdentityModel.JsonWebTokens.JsonWebToken' is hidden. For more details, see https://aka.ms/IdentityModel/PII.]' has a valid signature.
2026-06-04 15:00:29.856 +05:30 [INF] IDX10239: Lifetime of the token is valid.
2026-06-04 15:00:29.866 +05:30 [INF] IDX10234: Audience Validated.Audience: 'api://f0ee212a-b836-4f5c-aafe-bee4b0ebfcfb'
2026-06-04 15:00:29.876 +05:30 [INF] IDX10245: Creating claims identity from the validated token: '[PII of type 'Microsoft.IdentityModel.JsonWebTokens.JsonWebToken' is hidden. For more details, see https://aka.ms/IdentityModel/PII.]'.
2026-06-04 15:00:29.915 +05:30 [INF] [Governance] Fetching applications from Graph...
2026-06-04 15:00:29.929 +05:30 [INF] Start processing HTTP request GET https://graph.microsoft.com/v1.0/applications?*
2026-06-04 15:00:29.975 +05:30 [INF] Sending HTTP request GET https://graph.microsoft.com/v1.0/applications?*
2026-06-04 15:00:30.247 +05:30 [INF] Received HTTP response headers after 246.3464ms - 200
2026-06-04 15:00:30.277 +05:30 [INF] End processing HTTP request after 347.8421ms - 200
2026-06-04 15:00:30.301 +05:30 [INF] Start processing HTTP request POST https://graph.microsoft.com/v1.0/$batch
2026-06-04 15:00:30.326 +05:30 [INF] Sending HTTP request POST https://graph.microsoft.com/v1.0/$batch
2026-06-04 15:00:30.439 +05:30 [INF] Received HTTP response headers after 92.1038ms - 200
2026-06-04 15:00:30.462 +05:30 [INF] End processing HTTP request after 160.9595ms - 200
2026-06-04 15:00:30.878 +05:30 [WRN] Failed to batch-fetch owner counts for applications
System.Text.Json.JsonException: The JSON value could not be converted to System.String. Path: $.responses[0].body | LineNumber: 0 | BytePositionInLine: 120.
 ---> System.InvalidOperationException: Cannot get the value of a token type 'StartObject' as a string.
   at System.Text.Json.ThrowHelper.ThrowInvalidOperationException_ExpectedString(JsonTokenType tokenType)
   at System.Text.Json.Serialization.Metadata.JsonPropertyInfo`1.ReadJsonAndSetMember(Object obj, ReadStack& state, Utf8JsonReader& reader)
   at System.Text.Json.Serialization.Converters.ObjectDefaultConverter`1.OnTryRead(Utf8JsonReader& reader, Type typeToConvert, JsonSerializerOptions options, ReadStack& state, T& value)
   at System.Text.Json.Serialization.JsonCollectionConverter`2.OnTryRead(Utf8JsonReader& reader, Type typeToConvert, JsonSerializerOptions options, ReadStack& state, TCollection& value)
   at System.Text.Json.Serialization.JsonConverter`1.TryRead(Utf8JsonReader& reader, Type typeToConvert, JsonSerializerOptions options, ReadStack& state, T& value, Boolean& isPopulatedValue)
   at System.Text.Json.Serialization.Metadata.JsonPropertyInfo`1.ReadJsonAndSetMember(Object obj, ReadStack& state, Utf8JsonReader& reader)
   at System.Text.Json.Serialization.Converters.ObjectDefaultConverter`1.OnTryRead(Utf8JsonReader& reader, Type typeToConvert, JsonSerializerOptions options, ReadStack& state, T& value)
   at System.Text.Json.Serialization.JsonConverter`1.ReadCore(Utf8JsonReader& reader, T& value, JsonSerializerOptions options, ReadStack& state)
   --- End of inner exception stack trace ---
   at System.Text.Json.ThrowHelper.ReThrowWithPath(ReadStack& state, Utf8JsonReader& reader, Exception ex)
   at System.Text.Json.Serialization.JsonConverter`1.ReadCore(Utf8JsonReader& reader, T& value, JsonSerializerOptions options, ReadStack& state)
   at System.Text.Json.Serialization.Metadata.JsonTypeInfo`1.DeserializeAsync[TReadBufferState,TStream](TStream utf8Json, TReadBufferState bufferState, CancellationToken cancellationToken)
   at System.Net.Http.Json.HttpContentJsonExtensions.ReadFromJsonAsyncCore[T](HttpContent content, JsonSerializerOptions options, CancellationToken cancellationToken)
   at SIGMA.Infrastructure.Graph.GraphClientService.BatchGetApplicationOwnerCountsAsync(List`1 appIds, CancellationToken ct) in D:\SIGMA Project\SIGMA-Beta\SIGMA\src\SIGMA.Infrastructure\Graph\GraphClientService.cs:line 548
2026-06-04 15:00:30.935 +05:30 [INF] Start processing HTTP request POST https://graph.microsoft.com/v1.0/$batch
2026-06-04 15:00:30.963 +05:30 [INF] Sending HTTP request POST https://graph.microsoft.com/v1.0/$batch
2026-06-04 15:00:31.073 +05:30 [INF] Received HTTP response headers after 89.2418ms - 200
2026-06-04 15:00:31.094 +05:30 [INF] End processing HTTP request after 158.5145ms - 200
2026-06-04 15:00:31.313 +05:30 [WRN] Failed to batch-fetch owner counts for applications
System.Text.Json.JsonException: The JSON value could not be converted to System.String. Path: $.responses[0].body | LineNumber: 0 | BytePositionInLine: 119.
 ---> System.InvalidOperationException: Cannot get the value of a token type 'StartObject' as a string.
   at System.Text.Json.ThrowHelper.ThrowInvalidOperationException_ExpectedString(JsonTokenType tokenType)
   at System.Text.Json.Serialization.Metadata.JsonPropertyInfo`1.ReadJsonAndSetMember(Object obj, ReadStack& state, Utf8JsonReader& reader)
   at System.Text.Json.Serialization.Converters.ObjectDefaultConverter`1.OnTryRead(Utf8JsonReader& reader, Type typeToConvert, JsonSerializerOptions options, ReadStack& state, T& value)
   at System.Text.Json.Serialization.JsonCollectionConverter`2.OnTryRead(Utf8JsonReader& reader, Type typeToConvert, JsonSerializerOptions options, ReadStack& state, TCollection& value)
   at System.Text.Json.Serialization.JsonConverter`1.TryRead(Utf8JsonReader& reader, Type typeToConvert, JsonSerializerOptions options, ReadStack& state, T& value, Boolean& isPopulatedValue)
   at System.Text.Json.Serialization.Metadata.JsonPropertyInfo`1.ReadJsonAndSetMember(Object obj, ReadStack& state, Utf8JsonReader& reader)
   at System.Text.Json.Serialization.Converters.ObjectDefaultConverter`1.OnTryRead(Utf8JsonReader& reader, Type typeToConvert, JsonSerializerOptions options, ReadStack& state, T& value)
   at System.Text.Json.Serialization.JsonConverter`1.ReadCore(Utf8JsonReader& reader, T& value, JsonSerializerOptions options, ReadStack& state)
   --- End of inner exception stack trace ---
   at System.Text.Json.ThrowHelper.ReThrowWithPath(ReadStack& state, Utf8JsonReader& reader, Exception ex)
   at System.Text.Json.Serialization.JsonConverter`1.ReadCore(Utf8JsonReader& reader, T& value, JsonSerializerOptions options, ReadStack& state)
   at System.Text.Json.Serialization.Metadata.JsonTypeInfo`1.DeserializeAsync[TReadBufferState,TStream](TStream utf8Json, TReadBufferState bufferState, CancellationToken cancellationToken)
   at System.Net.Http.Json.HttpContentJsonExtensions.ReadFromJsonAsyncCore[T](HttpContent content, JsonSerializerOptions options, CancellationToken cancellationToken)
   at SIGMA.Infrastructure.Graph.GraphClientService.BatchGetApplicationOwnerCountsAsync(List`1 appIds, CancellationToken ct) in D:\SIGMA Project\SIGMA-Beta\SIGMA\src\SIGMA.Infrastructure\Graph\GraphClientService.cs:line 548
2026-06-04 15:00:31.348 +05:30 [INF] [Governance] Applications result: IsSuccess=true, Error=null
2026-06-04 15:00:31.363 +05:30 [INF] [Governance] Processing 35 applications...
2026-06-04 15:00:31.450 +05:30 [INF] Start processing HTTP request GET https://graph.microsoft.com/v1.0/applications/0bbdd90f-39c8-4fa3-9b4b-1b2df842c658?*
2026-06-04 15:00:31.475 +05:30 [INF] Sending HTTP request GET https://graph.microsoft.com/v1.0/applications/0bbdd90f-39c8-4fa3-9b4b-1b2df842c658?*
2026-06-04 15:00:31.494 +05:30 [INF] Start processing HTTP request GET https://graph.microsoft.com/v1.0/applications/16390064-665b-46a7-bf00-af9438733c68?*
2026-06-04 15:00:31.512 +05:30 [INF] Sending HTTP request GET https://graph.microsoft.com/v1.0/applications/16390064-665b-46a7-bf00-af9438733c68?*
2026-06-04 15:00:31.533 +05:30 [INF] Start processing HTTP request GET https://graph.microsoft.com/v1.0/applications/168fff38-fb94-4f20-a935-4a12865d277e?*
2026-06-04 15:00:31.549 +05:30 [INF] Sending HTTP request GET https://graph.microsoft.com/v1.0/applications/168fff38-fb94-4f20-a935-4a12865d277e?*
2026-06-04 15:00:31.566 +05:30 [INF] Start processing HTTP request GET https://graph.microsoft.com/v1.0/applications/18683323-1182-42dc-83a1-1679ef2d8ccb?*
2026-06-04 15:00:31.582 +05:30 [INF] Sending HTTP request GET https://graph.microsoft.com/v1.0/applications/18683323-1182-42dc-83a1-1679ef2d8ccb?*
2026-06-04 15:00:31.606 +05:30 [INF] Start processing HTTP request GET https://graph.microsoft.com/v1.0/applications/1dc3420c-79ee-42ad-821e-832881d1359b?*
2026-06-04 15:00:31.623 +05:30 [INF] Received HTTP response headers after 131.5523ms - 200
2026-06-04 15:00:31.625 +05:30 [INF] Sending HTTP request GET https://graph.microsoft.com/v1.0/applications/1dc3420c-79ee-42ad-821e-832881d1359b?*
2026-06-04 15:00:31.649 +05:30 [INF] End processing HTTP request after 198.5839ms - 200
2026-06-04 15:00:31.671 +05:30 [INF] Start processing HTTP request GET https://graph.microsoft.com/v1.0/applications/211fcada-7373-4adb-91cc-0b7fca809a3c?*
2026-06-04 15:00:31.707 +05:30 [INF] Received HTTP response headers after 175.2129ms - 200
2026-06-04 15:00:31.707 +05:30 [INF] Sending HTTP request GET https://graph.microsoft.com/v1.0/applications/211fcada-7373-4adb-91cc-0b7fca809a3c?*
2026-06-04 15:00:31.730 +05:30 [INF] End processing HTTP request after 236.4388ms - 200
2026-06-04 15:00:31.914 +05:30 [INF] Start processing HTTP request GET https://graph.microsoft.com/v1.0/applications/41357df4-0eb4-4cad-830f-c67c331165af?*
2026-06-04 15:00:31.777 +05:30 [INF] Received HTTP response headers after 175.8121ms - 200
2026-06-04 15:00:31.748 +05:30 [INF] Received HTTP response headers after 182.0207ms - 200
2026-06-04 15:00:31.857 +05:30 [INF] Received HTTP response headers after 189.7653ms - 200
2026-06-04 15:00:32.261 +05:30 [INF] Received HTTP response headers after 348.1903ms - 200
2026-06-04 15:00:32.609 +05:30 [INF] End processing HTTP request after 938.6198ms - 200
2026-06-04 15:00:32.549 +05:30 [INF] End processing HTTP request after 982.8833ms - 200
2026-06-04 15:00:32.571 +05:30 [INF] End processing HTTP request after 1038.5878ms - 200
2026-06-04 15:00:32.590 +05:30 [INF] End processing HTTP request after 983.4638ms - 200
2026-06-04 15:00:32.529 +05:30 [INF] Sending HTTP request GET https://graph.microsoft.com/v1.0/applications/41357df4-0eb4-4cad-830f-c67c331165af?*
2026-06-04 15:00:32.698 +05:30 [INF] Start processing HTTP request GET https://graph.microsoft.com/v1.0/applications/426fdc27-92f9-4ff5-a261-5140585db6db?*
2026-06-04 15:00:32.712 +05:30 [INF] Sending HTTP request GET https://graph.microsoft.com/v1.0/applications/426fdc27-92f9-4ff5-a261-5140585db6db?*
2026-06-04 15:00:32.727 +05:30 [INF] Start processing HTTP request GET https://graph.microsoft.com/v1.0/applications/457436a9-f6b9-491a-b540-34243534784f?*
2026-06-04 15:00:32.742 +05:30 [INF] Sending HTTP request GET https://graph.microsoft.com/v1.0/applications/457436a9-f6b9-491a-b540-34243534784f?*
2026-06-04 15:00:32.757 +05:30 [INF] Start processing HTTP request GET https://graph.microsoft.com/v1.0/applications/49e2112b-0e2d-4381-b22e-38ca924f0134?*
2026-06-04 15:00:32.772 +05:30 [INF] Sending HTTP request GET https://graph.microsoft.com/v1.0/applications/49e2112b-0e2d-4381-b22e-38ca924f0134?*
2026-06-04 15:00:32.787 +05:30 [INF] Start processing HTTP request GET https://graph.microsoft.com/v1.0/applications/49e94653-ce8e-473e-9ac7-8da94b59064b?*
2026-06-04 15:00:32.803 +05:30 [INF] Sending HTTP request GET https://graph.microsoft.com/v1.0/applications/49e94653-ce8e-473e-9ac7-8da94b59064b?*
2026-06-04 15:00:32.824 +05:30 [INF] Start processing HTTP request GET https://graph.microsoft.com/v1.0/applications/4d6e78f8-1d50-4982-ad74-f739af798409?*
2026-06-04 15:00:32.841 +05:30 [INF] Sending HTTP request GET https://graph.microsoft.com/v1.0/applications/4d6e78f8-1d50-4982-ad74-f739af798409?*
2026-06-04 15:00:32.856 +05:30 [INF] Received HTTP response headers after 100.126ms - 200
2026-06-04 15:00:32.860 +05:30 [INF] Start processing HTTP request GET https://graph.microsoft.com/v1.0/applications/515206c9-45b1-47c8-990d-9eb4c90f1bc9?*
2026-06-04 15:00:32.877 +05:30 [INF] Received HTTP response headers after 179.031ms - 200
2026-06-04 15:00:32.877 +05:30 [INF] End processing HTTP request after 149.8775ms - 200
2026-06-04 15:00:32.893 +05:30 [INF] Sending HTTP request GET https://graph.microsoft.com/v1.0/applications/515206c9-45b1-47c8-990d-9eb4c90f1bc9?*
2026-06-04 15:00:32.912 +05:30 [INF] Received HTTP response headers after 184.8515ms - 200
2026-06-04 15:00:32.912 +05:30 [INF] End processing HTTP request after 998.5418ms - 200
2026-06-04 15:00:32.949 +05:30 [INF] Start processing HTTP request GET https://graph.microsoft.com/v1.0/applications/604d3cea-cc9f-4cec-9767-7b0268a162a6?*
2026-06-04 15:00:32.957 +05:30 [INF] Received HTTP response headers after 170.5579ms - 200
2026-06-04 15:00:32.970 +05:30 [INF] End processing HTTP request after 271.5865ms - 200
2026-06-04 15:00:32.985 +05:30 [INF] Received HTTP response headers after 161.8177ms - 200
2026-06-04 15:00:33.035 +05:30 [INF] Received HTTP response headers after 176.3858ms - 200
2026-06-04 15:00:33.065 +05:30 [INF] Received HTTP response headers after 116.6303ms - 200
2026-06-04 15:00:33.141 +05:30 [INF] Sending HTTP request GET https://graph.microsoft.com/v1.0/applications/604d3cea-cc9f-4cec-9767-7b0268a162a6?*
2026-06-04 15:00:33.161 +05:30 [INF] End processing HTTP request after 404.6242ms - 200
2026-06-04 15:00:33.197 +05:30 [INF] End processing HTTP request after 410.126ms - 200
2026-06-04 15:00:33.215 +05:30 [INF] End processing HTTP request after 391.0326ms - 200
2026-06-04 15:00:33.236 +05:30 [INF] End processing HTTP request after 376.4795ms - 200
2026-06-04 15:00:33.257 +05:30 [INF] Start processing HTTP request GET https://graph.microsoft.com/v1.0/applications/68c03ecd-864b-4489-bde4-23da2d863cc9?*
2026-06-04 15:00:33.359 +05:30 [INF] Sending HTTP request GET https://graph.microsoft.com/v1.0/applications/68c03ecd-864b-4489-bde4-23da2d863cc9?*
2026-06-04 15:00:33.371 +05:30 [INF] Received HTTP response headers after 114.3411ms - 200
2026-06-04 15:00:33.381 +05:30 [INF] Start processing HTTP request GET https://graph.microsoft.com/v1.0/applications/742fd072-6b6c-4230-8cf1-6972d7300ad5?*
2026-06-04 15:00:33.405 +05:30 [INF] End processing HTTP request after 456.1315ms - 200
2026-06-04 15:00:33.422 +05:30 [INF] Sending HTTP request GET https://graph.microsoft.com/v1.0/applications/742fd072-6b6c-4230-8cf1-6972d7300ad5?*
2026-06-04 15:00:33.460 +05:30 [INF] Start processing HTTP request GET https://graph.microsoft.com/v1.0/applications/76127915-56b3-483b-9d5b-c9f79c5637ff?*
2026-06-04 15:00:33.477 +05:30 [INF] Received HTTP response headers after 96.6983ms - 200
2026-06-04 15:00:33.486 +05:30 [INF] Sending HTTP request GET https://graph.microsoft.com/v1.0/applications/76127915-56b3-483b-9d5b-c9f79c5637ff?*
2026-06-04 15:00:33.507 +05:30 [INF] End processing HTTP request after 250.3278ms - 200
2026-06-04 15:00:33.525 +05:30 [INF] Start processing HTTP request GET https://graph.microsoft.com/v1.0/applications/76521842-1af8-4caf-b658-cc8189f05f86?*
2026-06-04 15:00:33.552 +05:30 [INF] Received HTTP response headers after 93.4226ms - 200
2026-06-04 15:00:33.560 +05:30 [INF] Sending HTTP request GET https://graph.microsoft.com/v1.0/applications/76521842-1af8-4caf-b658-cc8189f05f86?*
2026-06-04 15:00:33.579 +05:30 [INF] End processing HTTP request after 198.3637ms - 200
2026-06-04 15:00:33.601 +05:30 [INF] Start processing HTTP request GET https://graph.microsoft.com/v1.0/applications/83e59e8b-1583-43c5-aab9-2512ca2aec1d?*
2026-06-04 15:00:33.626 +05:30 [INF] Received HTTP response headers after 101.6839ms - 200
2026-06-04 15:00:33.638 +05:30 [INF] Sending HTTP request GET https://graph.microsoft.com/v1.0/applications/83e59e8b-1583-43c5-aab9-2512ca2aec1d?*
2026-06-04 15:00:33.659 +05:30 [INF] End processing HTTP request after 198.9967ms - 200
2026-06-04 15:00:33.681 +05:30 [INF] Start processing HTTP request GET https://graph.microsoft.com/v1.0/applications/860a6e19-3808-4bd0-81d8-e4ccc8d7d780?*
2026-06-04 15:00:33.731 +05:30 [INF] Sending HTTP request GET https://graph.microsoft.com/v1.0/applications/860a6e19-3808-4bd0-81d8-e4ccc8d7d780?*
2026-06-04 15:00:33.776 +05:30 [INF] Received HTTP response headers after 178.871ms - 200
2026-06-04 15:00:33.804 +05:30 [INF] End processing HTTP request after 278.6081ms - 200
2026-06-04 15:00:33.841 +05:30 [INF] Received HTTP response headers after 160.9132ms - 200
2026-06-04 15:00:33.861 +05:30 [INF] End processing HTTP request after 260.4174ms - 200
2026-06-04 15:00:33.935 +05:30 [INF] Received HTTP response headers after 178.9299ms - 200
2026-06-04 15:00:33.955 +05:30 [INF] End processing HTTP request after 274.3376ms - 200
2026-06-04 15:00:33.980 +05:30 [INF] Start processing HTTP request GET https://graph.microsoft.com/v1.0/applications/9c49407c-ffba-46e6-9478-4dc0adb10fb6?*
2026-06-04 15:00:34.004 +05:30 [INF] Sending HTTP request GET https://graph.microsoft.com/v1.0/applications/9c49407c-ffba-46e6-9478-4dc0adb10fb6?*
2026-06-04 15:00:34.027 +05:30 [INF] Start processing HTTP request GET https://graph.microsoft.com/v1.0/applications/b162627b-5d59-45ab-a873-8699ed5c2ad0?*
2026-06-04 15:00:34.046 +05:30 [INF] Sending HTTP request GET https://graph.microsoft.com/v1.0/applications/b162627b-5d59-45ab-a873-8699ed5c2ad0?*
2026-06-04 15:00:34.068 +05:30 [INF] Start processing HTTP request GET https://graph.microsoft.com/v1.0/applications/b26745cd-d8ac-4497-af66-b06ae74a239d?*
2026-06-04 15:00:34.085 +05:30 [INF] Sending HTTP request GET https://graph.microsoft.com/v1.0/applications/b26745cd-d8ac-4497-af66-b06ae74a239d?*
2026-06-04 15:00:34.106 +05:30 [INF] Start processing HTTP request GET https://graph.microsoft.com/v1.0/applications/b78fcfb9-0135-49e3-8a30-3c89f23efd27?*
2026-06-04 15:00:34.126 +05:30 [INF] Sending HTTP request GET https://graph.microsoft.com/v1.0/applications/b78fcfb9-0135-49e3-8a30-3c89f23efd27?*
2026-06-04 15:00:34.155 +05:30 [INF] Start processing HTTP request GET https://graph.microsoft.com/v1.0/applications/bd8e6495-916f-466e-b8ec-6c68b0ca2275?*
2026-06-04 15:00:34.172 +05:30 [INF] Sending HTTP request GET https://graph.microsoft.com/v1.0/applications/bd8e6495-916f-466e-b8ec-6c68b0ca2275?*
2026-06-04 15:00:34.183 +05:30 [INF] Received HTTP response headers after 157.5722ms - 200
2026-06-04 15:00:34.188 +05:30 [INF] Start processing HTTP request GET https://graph.microsoft.com/v1.0/applications/be0929ed-32bf-489d-b7e7-78c410f0eb32?*
2026-06-04 15:00:34.205 +05:30 [INF] End processing HTTP request after 224.2907ms - 200
2026-06-04 15:00:34.219 +05:30 [INF] Sending HTTP request GET https://graph.microsoft.com/v1.0/applications/be0929ed-32bf-489d-b7e7-78c410f0eb32?*
2026-06-04 15:00:34.221 +05:30 [INF] Received HTTP response headers after 153.5739ms - 200
2026-06-04 15:00:34.255 +05:30 [INF] Start processing HTTP request GET https://graph.microsoft.com/v1.0/applications/d8bc9ce0-805e-4f15-abc1-3770664967be?*
2026-06-04 15:00:34.271 +05:30 [INF] End processing HTTP request after 244.0968ms - 200
2026-06-04 15:00:34.276 +05:30 [INF] Received HTTP response headers after 170.5941ms - 200
2026-06-04 15:00:34.285 +05:30 [INF] Sending HTTP request GET https://graph.microsoft.com/v1.0/applications/d8bc9ce0-805e-4f15-abc1-3770664967be?*
2026-06-04 15:00:34.294 +05:30 [INF] Received HTTP response headers after 106.0856ms - 200
2026-06-04 15:00:34.309 +05:30 [INF] Received HTTP response headers after 155.6852ms - 200
2026-06-04 15:00:34.319 +05:30 [INF] End processing HTTP request after 251.0731ms - 200
2026-06-04 15:00:34.336 +05:30 [INF] Start processing HTTP request GET https://graph.microsoft.com/v1.0/applications/e6effa40-f02d-43b5-b176-f05c2bd6f9d8?*
2026-06-04 15:00:34.350 +05:30 [INF] Received HTTP response headers after 96.3721ms - 200
2026-06-04 15:00:34.355 +05:30 [INF] End processing HTTP request after 200.1212ms - 200
2026-06-04 15:00:34.372 +05:30 [INF] End processing HTTP request after 265.7458ms - 200
2026-06-04 15:00:34.403 +05:30 [INF] Sending HTTP request GET https://graph.microsoft.com/v1.0/applications/e6effa40-f02d-43b5-b176-f05c2bd6f9d8?*
2026-06-04 15:00:34.419 +05:30 [INF] End processing HTTP request after 230.4408ms - 200
2026-06-04 15:00:34.468 +05:30 [INF] Start processing HTTP request GET https://graph.microsoft.com/v1.0/applications/e9dd9e09-6245-4451-bbfc-9271397838bd?*
2026-06-04 15:00:34.491 +05:30 [INF] Received HTTP response headers after 156.2796ms - 200
2026-06-04 15:00:34.501 +05:30 [INF] Sending HTTP request GET https://graph.microsoft.com/v1.0/applications/e9dd9e09-6245-4451-bbfc-9271397838bd?*
2026-06-04 15:00:34.517 +05:30 [INF] End processing HTTP request after 262.4845ms - 200
2026-06-04 15:00:34.533 +05:30 [INF] Start processing HTTP request GET https://graph.microsoft.com/v1.0/applications/ec3e1482-03bc-4b54-bbb2-0098dca6c3d2?*
2026-06-04 15:00:34.573 +05:30 [INF] Sending HTTP request GET https://graph.microsoft.com/v1.0/applications/ec3e1482-03bc-4b54-bbb2-0098dca6c3d2?*
2026-06-04 15:00:34.600 +05:30 [INF] Start processing HTTP request GET https://graph.microsoft.com/v1.0/applications/ecf48238-8fe6-442d-ab11-447b07afd79e?*
2026-06-04 15:00:34.613 +05:30 [INF] Sending HTTP request GET https://graph.microsoft.com/v1.0/applications/ecf48238-8fe6-442d-ab11-447b07afd79e?*
2026-06-04 15:00:34.691 +05:30 [INF] Received HTTP response headers after 223.5099ms - 200
2026-06-04 15:00:34.703 +05:30 [INF] Start processing HTTP request GET https://graph.microsoft.com/v1.0/applications/ed787c25-faab-4a75-ba66-d96ad1c32f33?*
2026-06-04 15:00:34.712 +05:30 [INF] Received HTTP response headers after 179.7525ms - 200
2026-06-04 15:00:34.725 +05:30 [INF] End processing HTTP request after 389.9028ms - 200
2026-06-04 15:00:34.745 +05:30 [INF] Sending HTTP request GET https://graph.microsoft.com/v1.0/applications/ed787c25-faab-4a75-ba66-d96ad1c32f33?*
2026-06-04 15:00:34.755 +05:30 [INF] Received HTTP response headers after 155.7861ms - 200
2026-06-04 15:00:34.779 +05:30 [INF] End processing HTTP request after 310.6481ms - 200
2026-06-04 15:00:34.816 +05:30 [INF] Start processing HTTP request GET https://graph.microsoft.com/v1.0/applications/f27d50af-8e5d-493b-8503-6cc072e85ee6?*
2026-06-04 15:00:34.831 +05:30 [INF] End processing HTTP request after 298.0031ms - 200
2026-06-04 15:00:34.858 +05:30 [INF] Sending HTTP request GET https://graph.microsoft.com/v1.0/applications/f27d50af-8e5d-493b-8503-6cc072e85ee6?*
2026-06-04 15:00:34.881 +05:30 [INF] Received HTTP response headers after 179.267ms - 200
2026-06-04 15:00:34.886 +05:30 [INF] Start processing HTTP request GET https://graph.microsoft.com/v1.0/applications/f488bdea-975e-4c19-952b-ba57e2cd2b30?*
2026-06-04 15:00:34.902 +05:30 [INF] End processing HTTP request after 301.7261ms - 200
2026-06-04 15:00:34.920 +05:30 [INF] Sending HTTP request GET https://graph.microsoft.com/v1.0/applications/f488bdea-975e-4c19-952b-ba57e2cd2b30?*
2026-06-04 15:00:34.959 +05:30 [INF] Start processing HTTP request GET https://graph.microsoft.com/v1.0/applications/fc6adfe3-0b18-45e2-9299-2b37b672df0e?*
2026-06-04 15:00:34.976 +05:30 [INF] Received HTTP response headers after 160.7747ms - 200
2026-06-04 15:00:34.976 +05:30 [INF] Sending HTTP request GET https://graph.microsoft.com/v1.0/applications/fc6adfe3-0b18-45e2-9299-2b37b672df0e?*
2026-06-04 15:00:34.977 +05:30 [INF] Received HTTP response headers after 91.2888ms - 200
2026-06-04 15:00:35.005 +05:30 [INF] End processing HTTP request after 302.626ms - 200
2026-06-04 15:00:35.039 +05:30 [INF] End processing HTTP request after 223.5908ms - 200
2026-06-04 15:00:35.126 +05:30 [INF] Received HTTP response headers after 167.7173ms - 200
2026-06-04 15:00:35.145 +05:30 [INF] End processing HTTP request after 258.7107ms - 200
2026-06-04 15:00:35.193 +05:30 [INF] Received HTTP response headers after 171.8656ms - 200
2026-06-04 15:00:35.223 +05:30 [INF] End processing HTTP request after 264.7711ms - 200
2026-06-04 15:00:35.245 +05:30 [INF] [Governance] Fetching groups from Graph...
2026-06-04 15:00:35.258 +05:30 [INF] Start processing HTTP request GET https://graph.microsoft.com/v1.0/groups?*
2026-06-04 15:00:35.273 +05:30 [INF] Sending HTTP request GET https://graph.microsoft.com/v1.0/groups?*
2026-06-04 15:00:35.464 +05:30 [INF] Received HTTP response headers after 174.7997ms - 200
2026-06-04 15:00:35.487 +05:30 [INF] End processing HTTP request after 228.9073ms - 200
2026-06-04 15:00:35.509 +05:30 [INF] Start processing HTTP request POST https://graph.microsoft.com/v1.0/$batch
2026-06-04 15:00:35.527 +05:30 [INF] Sending HTTP request POST https://graph.microsoft.com/v1.0/$batch
2026-06-04 15:00:35.548 +05:30 [INF] Start processing HTTP request POST https://graph.microsoft.com/v1.0/$batch
2026-06-04 15:00:35.566 +05:30 [INF] Sending HTTP request POST https://graph.microsoft.com/v1.0/$batch
2026-06-04 15:00:35.636 +05:30 [INF] Received HTTP response headers after 89.4018ms - 200
2026-06-04 15:00:35.659 +05:30 [INF] End processing HTTP request after 150.0873ms - 200
2026-06-04 15:00:35.667 +05:30 [INF] Received HTTP response headers after 85.1565ms - 200
2026-06-04 15:00:35.711 +05:30 [INF] End processing HTTP request after 162.9793ms - 200
2026-06-04 15:00:35.883 +05:30 [WRN] Failed to batch-fetch members counts for groups
System.Text.Json.JsonException: The JSON value could not be converted to System.String. Path: $.responses[0].body | LineNumber: 0 | BytePositionInLine: 119.
 ---> System.InvalidOperationException: Cannot get the value of a token type 'StartObject' as a string.
   at System.Text.Json.ThrowHelper.ThrowInvalidOperationException_ExpectedString(JsonTokenType tokenType)
   at System.Text.Json.Serialization.Metadata.JsonPropertyInfo`1.ReadJsonAndSetMember(Object obj, ReadStack& state, Utf8JsonReader& reader)
   at System.Text.Json.Serialization.Converters.ObjectDefaultConverter`1.OnTryRead(Utf8JsonReader& reader, Type typeToConvert, JsonSerializerOptions options, ReadStack& state, T& value)
   at System.Text.Json.Serialization.JsonCollectionConverter`2.OnTryRead(Utf8JsonReader& reader, Type typeToConvert, JsonSerializerOptions options, ReadStack& state, TCollection& value)
   at System.Text.Json.Serialization.JsonConverter`1.TryRead(Utf8JsonReader& reader, Type typeToConvert, JsonSerializerOptions options, ReadStack& state, T& value, Boolean& isPopulatedValue)
   at System.Text.Json.Serialization.Metadata.JsonPropertyInfo`1.ReadJsonAndSetMember(Object obj, ReadStack& state, Utf8JsonReader& reader)
   at System.Text.Json.Serialization.Converters.ObjectDefaultConverter`1.OnTryRead(Utf8JsonReader& reader, Type typeToConvert, JsonSerializerOptions options, ReadStack& state, T& value)
   at System.Text.Json.Serialization.JsonConverter`1.ReadCore(Utf8JsonReader& reader, T& value, JsonSerializerOptions options, ReadStack& state)
   --- End of inner exception stack trace ---
   at System.Text.Json.ThrowHelper.ReThrowWithPath(ReadStack& state, Utf8JsonReader& reader, Exception ex)
   at System.Text.Json.Serialization.JsonConverter`1.ReadCore(Utf8JsonReader& reader, T& value, JsonSerializerOptions options, ReadStack& state)
   at System.Text.Json.Serialization.Metadata.JsonTypeInfo`1.DeserializeAsync[TReadBufferState,TStream](TStream utf8Json, TReadBufferState bufferState, CancellationToken cancellationToken)
   at System.Net.Http.Json.HttpContentJsonExtensions.ReadFromJsonAsyncCore[T](HttpContent content, JsonSerializerOptions options, CancellationToken cancellationToken)
   at SIGMA.Infrastructure.Graph.GraphClientService.BatchGetNavigationCountAsync(List`1 entityIds, String navigation, CancellationToken ct) in D:\SIGMA Project\SIGMA-Beta\SIGMA\src\SIGMA.Infrastructure\Graph\GraphClientService.cs:line 612
2026-06-04 15:00:36.055 +05:30 [WRN] Failed to batch-fetch owners counts for groups
System.Text.Json.JsonException: The JSON value could not be converted to System.String. Path: $.responses[0].body | LineNumber: 0 | BytePositionInLine: 119.
 ---> System.InvalidOperationException: Cannot get the value of a token type 'StartObject' as a string.
   at System.Text.Json.ThrowHelper.ThrowInvalidOperationException_ExpectedString(JsonTokenType tokenType)
   at System.Text.Json.Serialization.Metadata.JsonPropertyInfo`1.ReadJsonAndSetMember(Object obj, ReadStack& state, Utf8JsonReader& reader)
   at System.Text.Json.Serialization.Converters.ObjectDefaultConverter`1.OnTryRead(Utf8JsonReader& reader, Type typeToConvert, JsonSerializerOptions options, ReadStack& state, T& value)
   at System.Text.Json.Serialization.JsonCollectionConverter`2.OnTryRead(Utf8JsonReader& reader, Type typeToConvert, JsonSerializerOptions options, ReadStack& state, TCollection& value)
   at System.Text.Json.Serialization.JsonConverter`1.TryRead(Utf8JsonReader& reader, Type typeToConvert, JsonSerializerOptions options, ReadStack& state, T& value, Boolean& isPopulatedValue)
   at System.Text.Json.Serialization.Metadata.JsonPropertyInfo`1.ReadJsonAndSetMember(Object obj, ReadStack& state, Utf8JsonReader& reader)
   at System.Text.Json.Serialization.Converters.ObjectDefaultConverter`1.OnTryRead(Utf8JsonReader& reader, Type typeToConvert, JsonSerializerOptions options, ReadStack& state, T& value)
   at System.Text.Json.Serialization.JsonConverter`1.ReadCore(Utf8JsonReader& reader, T& value, JsonSerializerOptions options, ReadStack& state)
   --- End of inner exception stack trace ---
   at System.Text.Json.ThrowHelper.ReThrowWithPath(ReadStack& state, Utf8JsonReader& reader, Exception ex)
   at System.Text.Json.Serialization.JsonConverter`1.ReadCore(Utf8JsonReader& reader, T& value, JsonSerializerOptions options, ReadStack& state)
   at System.Text.Json.Serialization.Metadata.JsonTypeInfo`1.DeserializeAsync[TReadBufferState,TStream](TStream utf8Json, TReadBufferState bufferState, CancellationToken cancellationToken)
   at System.Net.Http.Json.HttpContentJsonExtensions.ReadFromJsonAsyncCore[T](HttpContent content, JsonSerializerOptions options, CancellationToken cancellationToken)
   at SIGMA.Infrastructure.Graph.GraphClientService.BatchGetNavigationCountAsync(List`1 entityIds, String navigation, CancellationToken ct) in D:\SIGMA Project\SIGMA-Beta\SIGMA\src\SIGMA.Infrastructure\Graph\GraphClientService.cs:line 612
2026-06-04 15:00:36.171 +05:30 [INF] [Governance] Groups result: IsSuccess=true, Count=18
2026-06-04 15:00:36.186 +05:30 [INF] [Governance] Fetching users from Graph...
2026-06-04 15:00:36.197 +05:30 [INF] Start processing HTTP request GET https://graph.microsoft.com/v1.0/users?*
2026-06-04 15:00:36.218 +05:30 [INF] Sending HTTP request GET https://graph.microsoft.com/v1.0/users?*
2026-06-04 15:00:36.352 +05:30 [INF] Received HTTP response headers after 113.066ms - 200
2026-06-04 15:00:36.374 +05:30 [INF] End processing HTTP request after 177.7459ms - 200
2026-06-04 15:00:36.406 +05:30 [INF] [Governance] Users result: IsSuccess=true, Count=23
2026-06-04 15:00:36.437 +05:30 [INF] [Governance] Final findings count: 90 (Critical=65, Warning=25, Info=0)
2026-06-04 15:00:36.507 +05:30 [WRN] Slow request: GET /api/v1/governance/findings responded 200 in 6663ms
2026-06-04 16:18:48.083 +05:30 [WRN] Overriding address(es) 'http://0.0.0.0:5107'. Binding to endpoints defined via IConfiguration and/or UseKestrel() instead.
2026-06-04 16:18:48.466 +05:30 [INF] Now listening on: http://0.0.0.0:5107
2026-06-04 16:18:48.632 +05:30 [INF] Application started. Press Ctrl+C to shut down.
2026-06-04 16:18:48.637 +05:30 [INF] Hosting environment: Development
2026-06-04 16:18:48.642 +05:30 [INF] Content root path: D:\SIGMA Project\SIGMA-Beta\SIGMA\src\SIGMA.Api
2026-06-04 16:18:56.310 +05:30 [INF] Microsoft.IdentityModel Version: 8.18.0.0. Date 06/04/2026 10:48:56. PII logging is OFF. See https://aka.ms/IdentityModel/PII for details. 
IDX10242: Security token: '[PII of type 'Microsoft.IdentityModel.JsonWebTokens.JsonWebToken' is hidden. For more details, see https://aka.ms/IdentityModel/PII.]' has a valid signature.
2026-06-04 16:18:56.375 +05:30 [ERR] IDX10223: Lifetime validation failed. The token is expired. ValidTo (UTC): '04-06-2026 10:10:46', Current time (UTC): '04-06-2026 10:48:56'.
2026-06-04 16:18:56.483 +05:30 [WRN] Slow request: GET /api/v1/entra/tenant responded 401 in 3482ms
2026-06-04 16:18:57.309 +05:30 [INF] Request: GET /hubs/sigma responded 401 in 35ms
2026-06-04 16:19:09.913 +05:30 [INF] IDX10242: Security token: '[PII of type 'Microsoft.IdentityModel.JsonWebTokens.JsonWebToken' is hidden. For more details, see https://aka.ms/IdentityModel/PII.]' has a valid signature.
2026-06-04 16:19:09.935 +05:30 [INF] IDX10239: Lifetime of the token is valid.
2026-06-04 16:19:10.024 +05:30 [INF] IDX10234: Audience Validated.Audience: 'api://f0ee212a-b836-4f5c-aafe-bee4b0ebfcfb'
2026-06-04 16:19:10.517 +05:30 [INF] IDX10242: Security token: '[PII of type 'Microsoft.IdentityModel.JsonWebTokens.JsonWebToken' is hidden. For more details, see https://aka.ms/IdentityModel/PII.]' has a valid signature.
2026-06-04 16:19:10.557 +05:30 [INF] IDX10239: Lifetime of the token is valid.
2026-06-04 16:19:10.607 +05:30 [INF] IDX10234: Audience Validated.Audience: 'api://f0ee212a-b836-4f5c-aafe-bee4b0ebfcfb'
2026-06-04 16:19:10.611 +05:30 [INF] IDX10245: Creating claims identity from the validated token: '[PII of type 'Microsoft.IdentityModel.JsonWebTokens.JsonWebToken' is hidden. For more details, see https://aka.ms/IdentityModel/PII.]'.
2026-06-04 16:19:10.655 +05:30 [INF] IDX10245: Creating claims identity from the validated token: '[PII of type 'Microsoft.IdentityModel.JsonWebTokens.JsonWebToken' is hidden. For more details, see https://aka.ms/IdentityModel/PII.]'.
2026-06-04 16:19:13.357 +05:30 [INF] Start processing HTTP request GET https://graph.microsoft.com/v1.0/organization
2026-06-04 16:19:13.374 +05:30 [INF] Sending HTTP request GET https://graph.microsoft.com/v1.0/organization
2026-06-04 16:19:13.816 +05:30 [INF] Received HTTP response headers after 422.4434ms - 200
2026-06-04 16:19:13.835 +05:30 [INF] End processing HTTP request after 485.2285ms - 200
2026-06-04 16:19:13.906 +05:30 [INF] Start processing HTTP request GET https://graph.microsoft.com/v1.0/users?*
2026-06-04 16:19:13.919 +05:30 [INF] Sending HTTP request GET https://graph.microsoft.com/v1.0/users?*
2026-06-04 16:19:13.935 +05:30 [INF] Start processing HTTP request GET https://graph.microsoft.com/v1.0/groups?*
2026-06-04 16:19:13.948 +05:30 [INF] Sending HTTP request GET https://graph.microsoft.com/v1.0/groups?*
2026-06-04 16:19:13.961 +05:30 [INF] Start processing HTTP request GET https://graph.microsoft.com/v1.0/applications?*
2026-06-04 16:19:13.977 +05:30 [INF] Sending HTTP request GET https://graph.microsoft.com/v1.0/applications?*
2026-06-04 16:19:13.990 +05:30 [INF] Start processing HTTP request GET https://graph.microsoft.com/v1.0/servicePrincipals?*
2026-06-04 16:19:14.009 +05:30 [INF] Sending HTTP request GET https://graph.microsoft.com/v1.0/servicePrincipals?*
2026-06-04 16:19:14.021 +05:30 [INF] Start processing HTTP request GET https://graph.microsoft.com/v1.0/devices?*
2026-06-04 16:19:14.036 +05:30 [INF] Sending HTTP request GET https://graph.microsoft.com/v1.0/devices?*
2026-06-04 16:19:14.053 +05:30 [INF] Start processing HTTP request GET https://graph.microsoft.com/v1.0/subscribedSkus
2026-06-04 16:19:14.066 +05:30 [INF] Sending HTTP request GET https://graph.microsoft.com/v1.0/subscribedSkus
2026-06-04 16:19:14.137 +05:30 [INF] Received HTTP response headers after 205.0475ms - 200
2026-06-04 16:19:14.154 +05:30 [INF] End processing HTTP request after 248.4231ms - 200
2026-06-04 16:19:14.263 +05:30 [INF] Received HTTP response headers after 303.0966ms - 200
2026-06-04 16:19:14.337 +05:30 [INF] End processing HTTP request after 402.7343ms - 200
2026-06-04 16:19:14.342 +05:30 [INF] Received HTTP response headers after 352.241ms - 200
2026-06-04 16:19:14.366 +05:30 [INF] Received HTTP response headers after 285.1854ms - 200
2026-06-04 16:19:14.408 +05:30 [INF] End processing HTTP request after 447.4219ms - 200
2026-06-04 16:19:14.401 +05:30 [INF] Received HTTP response headers after 378.9898ms - 200
2026-06-04 16:19:14.380 +05:30 [INF] Received HTTP response headers after 327.8371ms - 200
2026-06-04 16:19:14.450 +05:30 [INF] End processing HTTP request after 397.3416ms - 200
2026-06-04 16:19:14.487 +05:30 [INF] End processing HTTP request after 496.7548ms - 200
2026-06-04 16:19:14.509 +05:30 [INF] End processing HTTP request after 487.4446ms - 200
2026-06-04 16:19:14.679 +05:30 [WRN] Slow request: GET /api/v1/entra/tenant responded 200 in 4770ms
2026-06-04 16:19:19.990 +05:30 [INF] IDX10242: Security token: '[PII of type 'Microsoft.IdentityModel.JsonWebTokens.JsonWebToken' is hidden. For more details, see https://aka.ms/IdentityModel/PII.]' has a valid signature.
2026-06-04 16:19:20.001 +05:30 [INF] IDX10239: Lifetime of the token is valid.
2026-06-04 16:19:20.009 +05:30 [INF] IDX10234: Audience Validated.Audience: 'api://f0ee212a-b836-4f5c-aafe-bee4b0ebfcfb'
2026-06-04 16:19:20.019 +05:30 [INF] IDX10245: Creating claims identity from the validated token: '[PII of type 'Microsoft.IdentityModel.JsonWebTokens.JsonWebToken' is hidden. For more details, see https://aka.ms/IdentityModel/PII.]'.
2026-06-04 16:19:20.085 +05:30 [INF] [Governance] Fetching applications from Graph...
2026-06-04 16:19:20.109 +05:30 [INF] Start processing HTTP request GET https://graph.microsoft.com/v1.0/applications?*
2026-06-04 16:19:20.125 +05:30 [INF] Sending HTTP request GET https://graph.microsoft.com/v1.0/applications?*
2026-06-04 16:19:20.404 +05:30 [INF] Received HTTP response headers after 264.5046ms - 200
2026-06-04 16:19:20.426 +05:30 [INF] End processing HTTP request after 317.9556ms - 200
2026-06-04 16:19:20.604 +05:30 [INF] Start processing HTTP request POST https://graph.microsoft.com/v1.0/$batch
2026-06-04 16:19:20.621 +05:30 [INF] Sending HTTP request POST https://graph.microsoft.com/v1.0/$batch
2026-06-04 16:19:20.752 +05:30 [INF] Received HTTP response headers after 114.1768ms - 200
2026-06-04 16:19:20.783 +05:30 [INF] End processing HTTP request after 179.7072ms - 200
2026-06-04 16:19:21.383 +05:30 [WRN] Failed to batch-fetch owner counts for applications
System.Text.Json.JsonException: The JSON value could not be converted to System.String. Path: $.responses[0].body | LineNumber: 0 | BytePositionInLine: 119.
 ---> System.InvalidOperationException: Cannot get the value of a token type 'StartObject' as a string.
   at System.Text.Json.ThrowHelper.ThrowInvalidOperationException_ExpectedString(JsonTokenType tokenType)
   at System.Text.Json.Utf8JsonReader.GetString()
   at System.Text.Json.Serialization.Metadata.JsonPropertyInfo`1.ReadJsonAndSetMember(Object obj, ReadStack& state, Utf8JsonReader& reader)
   at System.Text.Json.Serialization.Converters.ObjectDefaultConverter`1.OnTryRead(Utf8JsonReader& reader, Type typeToConvert, JsonSerializerOptions options, ReadStack& state, T& value)
   at System.Text.Json.Serialization.JsonConverter`1.TryRead(Utf8JsonReader& reader, Type typeToConvert, JsonSerializerOptions options, ReadStack& state, T& value, Boolean& isPopulatedValue)
   at System.Text.Json.Serialization.JsonCollectionConverter`2.OnTryRead(Utf8JsonReader& reader, Type typeToConvert, JsonSerializerOptions options, ReadStack& state, TCollection& value)
   at System.Text.Json.Serialization.JsonConverter`1.TryRead(Utf8JsonReader& reader, Type typeToConvert, JsonSerializerOptions options, ReadStack& state, T& value, Boolean& isPopulatedValue)
   at System.Text.Json.Serialization.Metadata.JsonPropertyInfo`1.ReadJsonAndSetMember(Object obj, ReadStack& state, Utf8JsonReader& reader)
   at System.Text.Json.Serialization.Converters.ObjectDefaultConverter`1.OnTryRead(Utf8JsonReader& reader, Type typeToConvert, JsonSerializerOptions options, ReadStack& state, T& value)
   at System.Text.Json.Serialization.JsonConverter`1.TryRead(Utf8JsonReader& reader, Type typeToConvert, JsonSerializerOptions options, ReadStack& state, T& value, Boolean& isPopulatedValue)
   at System.Text.Json.Serialization.JsonConverter`1.ReadCore(Utf8JsonReader& reader, T& value, JsonSerializerOptions options, ReadStack& state)
   --- End of inner exception stack trace ---
   at System.Text.Json.ThrowHelper.ReThrowWithPath(ReadStack& state, Utf8JsonReader& reader, Exception ex)
   at System.Text.Json.Serialization.JsonConverter`1.ReadCore(Utf8JsonReader& reader, T& value, JsonSerializerOptions options, ReadStack& state)
   at System.Text.Json.Serialization.Metadata.JsonTypeInfo`1.ContinueDeserialize[TReadBufferState,TStream](TReadBufferState& bufferState, JsonReaderState& jsonReaderState, ReadStack& readStack, T& value)
   at System.Text.Json.Serialization.Metadata.JsonTypeInfo`1.DeserializeAsync[TReadBufferState,TStream](TStream utf8Json, TReadBufferState bufferState, CancellationToken cancellationToken)
   at System.Net.Http.Json.HttpContentJsonExtensions.ReadFromJsonAsyncCore[T](HttpContent content, JsonSerializerOptions options, CancellationToken cancellationToken)
   at SIGMA.Infrastructure.Graph.GraphClientService.BatchGetApplicationOwnerCountsAsync(List`1 appIds, CancellationToken ct) in D:\SIGMA Project\SIGMA-Beta\SIGMA\src\SIGMA.Infrastructure\Graph\GraphClientService.cs:line 548
2026-06-04 16:19:21.531 +05:30 [INF] Start processing HTTP request POST https://graph.microsoft.com/v1.0/$batch
2026-06-04 16:19:21.544 +05:30 [INF] Sending HTTP request POST https://graph.microsoft.com/v1.0/$batch
2026-06-04 16:19:21.665 +05:30 [INF] Received HTTP response headers after 107.8001ms - 200
2026-06-04 16:19:21.720 +05:30 [INF] End processing HTTP request after 188.7712ms - 200
2026-06-04 16:19:22.230 +05:30 [WRN] Failed to batch-fetch owner counts for applications
System.Text.Json.JsonException: The JSON value could not be converted to System.String. Path: $.responses[0].body | LineNumber: 0 | BytePositionInLine: 119.
 ---> System.InvalidOperationException: Cannot get the value of a token type 'StartObject' as a string.
   at System.Text.Json.ThrowHelper.ThrowInvalidOperationException_ExpectedString(JsonTokenType tokenType)
   at System.Text.Json.Utf8JsonReader.GetString()
   at System.Text.Json.Serialization.Metadata.JsonPropertyInfo`1.ReadJsonAndSetMember(Object obj, ReadStack& state, Utf8JsonReader& reader)
   at System.Text.Json.Serialization.Converters.ObjectDefaultConverter`1.OnTryRead(Utf8JsonReader& reader, Type typeToConvert, JsonSerializerOptions options, ReadStack& state, T& value)
   at System.Text.Json.Serialization.JsonConverter`1.TryRead(Utf8JsonReader& reader, Type typeToConvert, JsonSerializerOptions options, ReadStack& state, T& value, Boolean& isPopulatedValue)
   at System.Text.Json.Serialization.JsonCollectionConverter`2.OnTryRead(Utf8JsonReader& reader, Type typeToConvert, JsonSerializerOptions options, ReadStack& state, TCollection& value)
   at System.Text.Json.Serialization.JsonConverter`1.TryRead(Utf8JsonReader& reader, Type typeToConvert, JsonSerializerOptions options, ReadStack& state, T& value, Boolean& isPopulatedValue)
   at System.Text.Json.Serialization.Metadata.JsonPropertyInfo`1.ReadJsonAndSetMember(Object obj, ReadStack& state, Utf8JsonReader& reader)
   at System.Text.Json.Serialization.Converters.ObjectDefaultConverter`1.OnTryRead(Utf8JsonReader& reader, Type typeToConvert, JsonSerializerOptions options, ReadStack& state, T& value)
   at System.Text.Json.Serialization.JsonConverter`1.TryRead(Utf8JsonReader& reader, Type typeToConvert, JsonSerializerOptions options, ReadStack& state, T& value, Boolean& isPopulatedValue)
   at System.Text.Json.Serialization.JsonConverter`1.ReadCore(Utf8JsonReader& reader, T& value, JsonSerializerOptions options, ReadStack& state)
   --- End of inner exception stack trace ---
   at System.Text.Json.ThrowHelper.ReThrowWithPath(ReadStack& state, Utf8JsonReader& reader, Exception ex)
   at System.Text.Json.Serialization.JsonConverter`1.ReadCore(Utf8JsonReader& reader, T& value, JsonSerializerOptions options, ReadStack& state)
   at System.Text.Json.Serialization.Metadata.JsonTypeInfo`1.ContinueDeserialize[TReadBufferState,TStream](TReadBufferState& bufferState, JsonReaderState& jsonReaderState, ReadStack& readStack, T& value)
   at System.Text.Json.Serialization.Metadata.JsonTypeInfo`1.DeserializeAsync[TReadBufferState,TStream](TStream utf8Json, TReadBufferState bufferState, CancellationToken cancellationToken)
   at System.Net.Http.Json.HttpContentJsonExtensions.ReadFromJsonAsyncCore[T](HttpContent content, JsonSerializerOptions options, CancellationToken cancellationToken)
   at SIGMA.Infrastructure.Graph.GraphClientService.BatchGetApplicationOwnerCountsAsync(List`1 appIds, CancellationToken ct) in D:\SIGMA Project\SIGMA-Beta\SIGMA\src\SIGMA.Infrastructure\Graph\GraphClientService.cs:line 548
2026-06-04 16:19:22.267 +05:30 [INF] [Governance] Applications result: IsSuccess=true, Error=null
2026-06-04 16:19:22.275 +05:30 [INF] [Governance] Processing 35 applications...
2026-06-04 16:19:22.293 +05:30 [INF] Start processing HTTP request GET https://graph.microsoft.com/v1.0/applications/0bbdd90f-39c8-4fa3-9b4b-1b2df842c658?*
2026-06-04 16:19:22.308 +05:30 [INF] Sending HTTP request GET https://graph.microsoft.com/v1.0/applications/0bbdd90f-39c8-4fa3-9b4b-1b2df842c658?*
2026-06-04 16:19:22.326 +05:30 [INF] Start processing HTTP request GET https://graph.microsoft.com/v1.0/applications/16390064-665b-46a7-bf00-af9438733c68?*
2026-06-04 16:19:22.345 +05:30 [INF] Sending HTTP request GET https://graph.microsoft.com/v1.0/applications/16390064-665b-46a7-bf00-af9438733c68?*
2026-06-04 16:19:22.370 +05:30 [INF] Start processing HTTP request GET https://graph.microsoft.com/v1.0/applications/168fff38-fb94-4f20-a935-4a12865d277e?*
2026-06-04 16:19:22.389 +05:30 [INF] Sending HTTP request GET https://graph.microsoft.com/v1.0/applications/168fff38-fb94-4f20-a935-4a12865d277e?*
2026-06-04 16:19:22.412 +05:30 [INF] Start processing HTTP request GET https://graph.microsoft.com/v1.0/applications/18683323-1182-42dc-83a1-1679ef2d8ccb?*
2026-06-04 16:19:22.428 +05:30 [INF] Sending HTTP request GET https://graph.microsoft.com/v1.0/applications/18683323-1182-42dc-83a1-1679ef2d8ccb?*
2026-06-04 16:19:22.444 +05:30 [INF] Start processing HTTP request GET https://graph.microsoft.com/v1.0/applications/1dc3420c-79ee-42ad-821e-832881d1359b?*
2026-06-04 16:19:22.459 +05:30 [INF] Sending HTTP request GET https://graph.microsoft.com/v1.0/applications/1dc3420c-79ee-42ad-821e-832881d1359b?*
2026-06-04 16:19:22.480 +05:30 [INF] Start processing HTTP request GET https://graph.microsoft.com/v1.0/applications/211fcada-7373-4adb-91cc-0b7fca809a3c?*
2026-06-04 16:19:22.505 +05:30 [INF] Sending HTTP request GET https://graph.microsoft.com/v1.0/applications/211fcada-7373-4adb-91cc-0b7fca809a3c?*
2026-06-04 16:19:22.516 +05:30 [INF] Received HTTP response headers after 192.3902ms - 200
2026-06-04 16:19:22.531 +05:30 [INF] Start processing HTTP request GET https://graph.microsoft.com/v1.0/applications/41357df4-0eb4-4cad-830f-c67c331165af?*
2026-06-04 16:19:22.550 +05:30 [INF] End processing HTTP request after 256.7149ms - 200
2026-06-04 16:19:22.559 +05:30 [INF] Received HTTP response headers after 189.9005ms - 200
2026-06-04 16:19:22.564 +05:30 [INF] Received HTTP response headers after 121.9982ms - 200
2026-06-04 16:19:22.566 +05:30 [INF] Sending HTTP request GET https://graph.microsoft.com/v1.0/applications/41357df4-0eb4-4cad-830f-c67c331165af?*
2026-06-04 16:19:22.601 +05:30 [INF] Received HTTP response headers after 192.0097ms - 200
2026-06-04 16:19:22.602 +05:30 [INF] End processing HTTP request after 276.038ms - 200
2026-06-04 16:19:22.617 +05:30 [INF] End processing HTTP request after 205.509ms - 200
2026-06-04 16:19:22.631 +05:30 [INF] Start processing HTTP request GET https://graph.microsoft.com/v1.0/applications/426fdc27-92f9-4ff5-a261-5140585db6db?*
2026-06-04 16:19:22.646 +05:30 [INF] End processing HTTP request after 275.9607ms - 200
2026-06-04 16:19:22.674 +05:30 [INF] Received HTTP response headers after 195.4705ms - 200
2026-06-04 16:19:22.712 +05:30 [INF] Sending HTTP request GET https://graph.microsoft.com/v1.0/applications/426fdc27-92f9-4ff5-a261-5140585db6db?*
2026-06-04 16:19:22.715 +05:30 [INF] Received HTTP response headers after 184.8828ms - 200
2026-06-04 16:19:22.742 +05:30 [INF] End processing HTTP request after 298.614ms - 200
2026-06-04 16:19:22.759 +05:30 [INF] Start processing HTTP request GET https://graph.microsoft.com/v1.0/applications/457436a9-f6b9-491a-b540-34243534784f?*
2026-06-04 16:19:22.774 +05:30 [INF] End processing HTTP request after 294.3019ms - 200
2026-06-04 16:19:22.809 +05:30 [INF] Sending HTTP request GET https://graph.microsoft.com/v1.0/applications/457436a9-f6b9-491a-b540-34243534784f?*
2026-06-04 16:19:22.846 +05:30 [INF] Received HTTP response headers after 215.5285ms - 200
2026-06-04 16:19:22.853 +05:30 [INF] Start processing HTTP request GET https://graph.microsoft.com/v1.0/applications/49e2112b-0e2d-4381-b22e-38ca924f0134?*
2026-06-04 16:19:22.872 +05:30 [INF] End processing HTTP request after 340.5375ms - 200
2026-06-04 16:19:22.905 +05:30 [INF] Sending HTTP request GET https://graph.microsoft.com/v1.0/applications/49e2112b-0e2d-4381-b22e-38ca924f0134?*
2026-06-04 16:19:22.939 +05:30 [INF] Start processing HTTP request GET https://graph.microsoft.com/v1.0/applications/49e94653-ce8e-473e-9ac7-8da94b59064b?*
2026-06-04 16:19:22.952 +05:30 [INF] Received HTTP response headers after 193.8476ms - 200
2026-06-04 16:19:22.956 +05:30 [INF] Sending HTTP request GET https://graph.microsoft.com/v1.0/applications/49e94653-ce8e-473e-9ac7-8da94b59064b?*
2026-06-04 16:19:22.973 +05:30 [INF] End processing HTTP request after 341.8715ms - 200
2026-06-04 16:19:22.991 +05:30 [INF] Start processing HTTP request GET https://graph.microsoft.com/v1.0/applications/4d6e78f8-1d50-4982-ad74-f739af798409?*
2026-06-04 16:19:23.055 +05:30 [INF] Received HTTP response headers after 202.4396ms - 200
2026-06-04 16:19:23.055 +05:30 [INF] Received HTTP response headers after 116.3876ms - 200
2026-06-04 16:19:23.062 +05:30 [INF] Sending HTTP request GET https://graph.microsoft.com/v1.0/applications/4d6e78f8-1d50-4982-ad74-f739af798409?*
2026-06-04 16:19:23.077 +05:30 [INF] End processing HTTP request after 317.9359ms - 200
2026-06-04 16:19:23.098 +05:30 [INF] End processing HTTP request after 244.6937ms - 200
2026-06-04 16:19:23.116 +05:30 [INF] Start processing HTTP request GET https://graph.microsoft.com/v1.0/applications/515206c9-45b1-47c8-990d-9eb4c90f1bc9?*
2026-06-04 16:19:23.160 +05:30 [INF] Sending HTTP request GET https://graph.microsoft.com/v1.0/applications/515206c9-45b1-47c8-990d-9eb4c90f1bc9?*
2026-06-04 16:19:23.173 +05:30 [INF] Start processing HTTP request GET https://graph.microsoft.com/v1.0/applications/604d3cea-cc9f-4cec-9767-7b0268a162a6?*
2026-06-04 16:19:23.174 +05:30 [INF] Received HTTP response headers after 184.157ms - 200
2026-06-04 16:19:23.187 +05:30 [INF] Sending HTTP request GET https://graph.microsoft.com/v1.0/applications/604d3cea-cc9f-4cec-9767-7b0268a162a6?*
2026-06-04 16:19:23.202 +05:30 [INF] End processing HTTP request after 262.3336ms - 200
2026-06-04 16:19:23.217 +05:30 [INF] Start processing HTTP request GET https://graph.microsoft.com/v1.0/applications/68c03ecd-864b-4489-bde4-23da2d863cc9?*
2026-06-04 16:19:23.247 +05:30 [INF] Sending HTTP request GET https://graph.microsoft.com/v1.0/applications/68c03ecd-864b-4489-bde4-23da2d863cc9?*
2026-06-04 16:19:23.255 +05:30 [INF] Received HTTP response headers after 140.269ms - 200
2026-06-04 16:19:23.277 +05:30 [INF] End processing HTTP request after 286.0947ms - 200
2026-06-04 16:19:23.262 +05:30 [INF] Start processing HTTP request GET https://graph.microsoft.com/v1.0/applications/742fd072-6b6c-4230-8cf1-6972d7300ad5?*
2026-06-04 16:19:23.316 +05:30 [INF] Sending HTTP request GET https://graph.microsoft.com/v1.0/applications/742fd072-6b6c-4230-8cf1-6972d7300ad5?*
2026-06-04 16:19:23.337 +05:30 [INF] Start processing HTTP request GET https://graph.microsoft.com/v1.0/applications/76127915-56b3-483b-9d5b-c9f79c5637ff?*
2026-06-04 16:19:23.341 +05:30 [INF] Received HTTP response headers after 124.3345ms - 200
2026-06-04 16:19:23.355 +05:30 [INF] Sending HTTP request GET https://graph.microsoft.com/v1.0/applications/76127915-56b3-483b-9d5b-c9f79c5637ff?*
2026-06-04 16:19:23.365 +05:30 [INF] Received HTTP response headers after 192.2101ms - 200
2026-06-04 16:19:23.374 +05:30 [INF] End processing HTTP request after 200.9027ms - 200
2026-06-04 16:19:23.376 +05:30 [INF] Received HTTP response headers after 116.3048ms - 200
2026-06-04 16:19:23.390 +05:30 [INF] Start processing HTTP request GET https://graph.microsoft.com/v1.0/applications/76521842-1af8-4caf-b658-cc8189f05f86?*
2026-06-04 16:19:23.407 +05:30 [INF] End processing HTTP request after 291.4078ms - 200
2026-06-04 16:19:23.449 +05:30 [INF] End processing HTTP request after 232.0916ms - 200
2026-06-04 16:19:23.468 +05:30 [INF] Sending HTTP request GET https://graph.microsoft.com/v1.0/applications/76521842-1af8-4caf-b658-cc8189f05f86?*
2026-06-04 16:19:23.500 +05:30 [INF] Received HTTP response headers after 110.831ms - 200
2026-06-04 16:19:23.522 +05:30 [INF] Start processing HTTP request GET https://graph.microsoft.com/v1.0/applications/83e59e8b-1583-43c5-aab9-2512ca2aec1d?*
2026-06-04 16:19:23.545 +05:30 [INF] Received HTTP response headers after 208.5073ms - 200
2026-06-04 16:19:23.556 +05:30 [INF] End processing HTTP request after 218.8613ms - 200
2026-06-04 16:19:23.572 +05:30 [INF] Sending HTTP request GET https://graph.microsoft.com/v1.0/applications/83e59e8b-1583-43c5-aab9-2512ca2aec1d?*
2026-06-04 16:19:23.589 +05:30 [INF] End processing HTTP request after 327.5143ms - 200
2026-06-04 16:19:23.623 +05:30 [INF] Start processing HTTP request GET https://graph.microsoft.com/v1.0/applications/860a6e19-3808-4bd0-81d8-e4ccc8d7d780?*
2026-06-04 16:19:23.643 +05:30 [INF] Received HTTP response headers after 122.3293ms - 200
2026-06-04 16:19:23.656 +05:30 [INF] Sending HTTP request GET https://graph.microsoft.com/v1.0/applications/860a6e19-3808-4bd0-81d8-e4ccc8d7d780?*
2026-06-04 16:19:23.676 +05:30 [INF] End processing HTTP request after 285.4388ms - 200
2026-06-04 16:19:23.802 +05:30 [INF] Received HTTP response headers after 179.7135ms - 200
2026-06-04 16:19:23.821 +05:30 [INF] End processing HTTP request after 299.2725ms - 200
2026-06-04 16:19:23.873 +05:30 [INF] Received HTTP response headers after 182.1097ms - 200
2026-06-04 16:19:23.895 +05:30 [INF] End processing HTTP request after 272.3697ms - 200
2026-06-04 16:19:23.918 +05:30 [INF] Start processing HTTP request GET https://graph.microsoft.com/v1.0/applications/9c49407c-ffba-46e6-9478-4dc0adb10fb6?*
2026-06-04 16:19:23.932 +05:30 [INF] Sending HTTP request GET https://graph.microsoft.com/v1.0/applications/9c49407c-ffba-46e6-9478-4dc0adb10fb6?*
2026-06-04 16:19:23.947 +05:30 [INF] Start processing HTTP request GET https://graph.microsoft.com/v1.0/applications/b162627b-5d59-45ab-a873-8699ed5c2ad0?*
2026-06-04 16:19:23.961 +05:30 [INF] Sending HTTP request GET https://graph.microsoft.com/v1.0/applications/b162627b-5d59-45ab-a873-8699ed5c2ad0?*
2026-06-04 16:19:23.981 +05:30 [INF] Start processing HTTP request GET https://graph.microsoft.com/v1.0/applications/b26745cd-d8ac-4497-af66-b06ae74a239d?*
2026-06-04 16:19:24.000 +05:30 [INF] Sending HTTP request GET https://graph.microsoft.com/v1.0/applications/b26745cd-d8ac-4497-af66-b06ae74a239d?*
2026-06-04 16:19:24.015 +05:30 [INF] Start processing HTTP request GET https://graph.microsoft.com/v1.0/applications/b78fcfb9-0135-49e3-8a30-3c89f23efd27?*
2026-06-04 16:19:24.028 +05:30 [INF] Sending HTTP request GET https://graph.microsoft.com/v1.0/applications/b78fcfb9-0135-49e3-8a30-3c89f23efd27?*
2026-06-04 16:19:24.046 +05:30 [INF] Start processing HTTP request GET https://graph.microsoft.com/v1.0/applications/bd8e6495-916f-466e-b8ec-6c68b0ca2275?*
2026-06-04 16:19:24.063 +05:30 [INF] Sending HTTP request GET https://graph.microsoft.com/v1.0/applications/bd8e6495-916f-466e-b8ec-6c68b0ca2275?*
2026-06-04 16:19:24.080 +05:30 [INF] Start processing HTTP request GET https://graph.microsoft.com/v1.0/applications/be0929ed-32bf-489d-b7e7-78c410f0eb32?*
2026-06-04 16:19:24.097 +05:30 [INF] Sending HTTP request GET https://graph.microsoft.com/v1.0/applications/be0929ed-32bf-489d-b7e7-78c410f0eb32?*
2026-06-04 16:19:24.115 +05:30 [INF] Start processing HTTP request GET https://graph.microsoft.com/v1.0/applications/d8bc9ce0-805e-4f15-abc1-3770664967be?*
2026-06-04 16:19:24.129 +05:30 [INF] Received HTTP response headers after 182.7933ms - 200
2026-06-04 16:19:24.133 +05:30 [INF] Sending HTTP request GET https://graph.microsoft.com/v1.0/applications/d8bc9ce0-805e-4f15-abc1-3770664967be?*
2026-06-04 16:19:24.149 +05:30 [INF] Received HTTP response headers after 134.4766ms - 200
2026-06-04 16:19:24.150 +05:30 [INF] Received HTTP response headers after 171.0741ms - 200
2026-06-04 16:19:24.152 +05:30 [INF] End processing HTTP request after 234.135ms - 200
2026-06-04 16:19:24.168 +05:30 [INF] Start processing HTTP request GET https://graph.microsoft.com/v1.0/applications/e6effa40-f02d-43b5-b176-f05c2bd6f9d8?*
2026-06-04 16:19:24.205 +05:30 [INF] End processing HTTP request after 257.5321ms - 200
2026-06-04 16:19:24.185 +05:30 [INF] End processing HTTP request after 204.2494ms - 200
2026-06-04 16:19:24.218 +05:30 [INF] Received HTTP response headers after 173.4012ms - 200
2026-06-04 16:19:24.252 +05:30 [INF] Sending HTTP request GET https://graph.microsoft.com/v1.0/applications/e6effa40-f02d-43b5-b176-f05c2bd6f9d8?*
2026-06-04 16:19:24.254 +05:30 [INF] Received HTTP response headers after 139.8606ms - 200
2026-06-04 16:19:24.262 +05:30 [INF] Received HTTP response headers after 183.1958ms - 200
2026-06-04 16:19:24.306 +05:30 [INF] End processing HTTP request after 290.6779ms - 200
2026-06-04 16:19:24.323 +05:30 [INF] Start processing HTTP request GET https://graph.microsoft.com/v1.0/applications/e9dd9e09-6245-4451-bbfc-9271397838bd?*
2026-06-04 16:19:24.342 +05:30 [INF] End processing HTTP request after 261.7754ms - 200
2026-06-04 16:19:24.361 +05:30 [INF] End processing HTTP request after 315.7741ms - 200
2026-06-04 16:19:24.395 +05:30 [INF] Sending HTTP request GET https://graph.microsoft.com/v1.0/applications/e9dd9e09-6245-4451-bbfc-9271397838bd?*
2026-06-04 16:19:24.454 +05:30 [INF] Start processing HTTP request GET https://graph.microsoft.com/v1.0/applications/ec3e1482-03bc-4b54-bbb2-0098dca6c3d2?*
2026-06-04 16:19:24.463 +05:30 [INF] Received HTTP response headers after 295.3607ms - 200
2026-06-04 16:19:24.491 +05:30 [INF] End processing HTTP request after 375.482ms - 200
2026-06-04 16:19:24.472 +05:30 [INF] Sending HTTP request GET https://graph.microsoft.com/v1.0/applications/ec3e1482-03bc-4b54-bbb2-0098dca6c3d2?*
2026-06-04 16:19:24.506 +05:30 [INF] Received HTTP response headers after 183.2283ms - 200
2026-06-04 16:19:24.528 +05:30 [INF] Start processing HTTP request GET https://graph.microsoft.com/v1.0/applications/ecf48238-8fe6-442d-ab11-447b07afd79e?*
2026-06-04 16:19:24.546 +05:30 [INF] End processing HTTP request after 377.8205ms - 200
2026-06-04 16:19:24.563 +05:30 [INF] Sending HTTP request GET https://graph.microsoft.com/v1.0/applications/ecf48238-8fe6-442d-ab11-447b07afd79e?*
2026-06-04 16:19:24.596 +05:30 [INF] Start processing HTTP request GET https://graph.microsoft.com/v1.0/applications/ed787c25-faab-4a75-ba66-d96ad1c32f33?*
2026-06-04 16:19:24.612 +05:30 [INF] Sending HTTP request GET https://graph.microsoft.com/v1.0/applications/ed787c25-faab-4a75-ba66-d96ad1c32f33?*
2026-06-04 16:19:24.628 +05:30 [INF] Start processing HTTP request GET https://graph.microsoft.com/v1.0/applications/f27d50af-8e5d-493b-8503-6cc072e85ee6?*
2026-06-04 16:19:24.644 +05:30 [INF] Received HTTP response headers after 190.8899ms - 200
2026-06-04 16:19:24.653 +05:30 [INF] Sending HTTP request GET https://graph.microsoft.com/v1.0/applications/f27d50af-8e5d-493b-8503-6cc072e85ee6?*
2026-06-04 16:19:24.671 +05:30 [INF] End processing HTTP request after 347.8517ms - 200
2026-06-04 16:19:24.687 +05:30 [INF] Start processing HTTP request GET https://graph.microsoft.com/v1.0/applications/f488bdea-975e-4c19-952b-ba57e2cd2b30?*
2026-06-04 16:19:24.709 +05:30 [INF] Received HTTP response headers after 182.1352ms - 200
2026-06-04 16:19:24.721 +05:30 [INF] Sending HTTP request GET https://graph.microsoft.com/v1.0/applications/f488bdea-975e-4c19-952b-ba57e2cd2b30?*
2026-06-04 16:19:24.738 +05:30 [INF] End processing HTTP request after 284.0074ms - 200
2026-06-04 16:19:24.760 +05:30 [INF] Start processing HTTP request GET https://graph.microsoft.com/v1.0/applications/fc6adfe3-0b18-45e2-9299-2b37b672df0e?*
2026-06-04 16:19:24.772 +05:30 [INF] Received HTTP response headers after 144.8034ms - 200
2026-06-04 16:19:24.781 +05:30 [INF] Received HTTP response headers after 185.1607ms - 200
2026-06-04 16:19:24.794 +05:30 [INF] Sending HTTP request GET https://graph.microsoft.com/v1.0/applications/fc6adfe3-0b18-45e2-9299-2b37b672df0e?*
2026-06-04 16:19:24.807 +05:30 [INF] Received HTTP response headers after 120.2173ms - 200
2026-06-04 16:19:24.812 +05:30 [INF] End processing HTTP request after 215.5689ms - 200
2026-06-04 16:19:24.830 +05:30 [INF] End processing HTTP request after 301.761ms - 200
2026-06-04 16:19:24.863 +05:30 [INF] End processing HTTP request after 234.1612ms - 200
2026-06-04 16:19:24.943 +05:30 [INF] Received HTTP response headers after 184.2839ms - 200
2026-06-04 16:19:24.962 +05:30 [INF] End processing HTTP request after 274.1217ms - 200
2026-06-04 16:19:24.971 +05:30 [INF] Received HTTP response headers after 125.9151ms - 200
2026-06-04 16:19:25.000 +05:30 [INF] End processing HTTP request after 240.3039ms - 200
2026-06-04 16:19:25.021 +05:30 [INF] [Governance] Fetching groups from Graph...
2026-06-04 16:19:25.034 +05:30 [INF] Start processing HTTP request GET https://graph.microsoft.com/v1.0/groups?*
2026-06-04 16:19:25.049 +05:30 [INF] Sending HTTP request GET https://graph.microsoft.com/v1.0/groups?*
2026-06-04 16:19:25.260 +05:30 [INF] Received HTTP response headers after 195.8767ms - 200
2026-06-04 16:19:25.276 +05:30 [INF] End processing HTTP request after 242.3017ms - 200
2026-06-04 16:19:25.321 +05:30 [INF] Start processing HTTP request POST https://graph.microsoft.com/v1.0/$batch
2026-06-04 16:19:25.335 +05:30 [INF] Sending HTTP request POST https://graph.microsoft.com/v1.0/$batch
2026-06-04 16:19:25.350 +05:30 [INF] Start processing HTTP request POST https://graph.microsoft.com/v1.0/$batch
2026-06-04 16:19:25.371 +05:30 [INF] Sending HTTP request POST https://graph.microsoft.com/v1.0/$batch
2026-06-04 16:19:25.463 +05:30 [INF] Received HTTP response headers after 115.0403ms - 200
2026-06-04 16:19:25.486 +05:30 [INF] End processing HTTP request after 165.2774ms - 200
2026-06-04 16:19:25.494 +05:30 [INF] Received HTTP response headers after 110.2352ms - 200
2026-06-04 16:19:25.530 +05:30 [INF] End processing HTTP request after 180.1413ms - 200
2026-06-04 16:19:25.671 +05:30 [WRN] Failed to batch-fetch owners counts for groups
System.Text.Json.JsonException: The JSON value could not be converted to System.String. Path: $.responses[0].body | LineNumber: 0 | BytePositionInLine: 119.
 ---> System.InvalidOperationException: Cannot get the value of a token type 'StartObject' as a string.
   at System.Text.Json.ThrowHelper.ThrowInvalidOperationException_ExpectedString(JsonTokenType tokenType)
   at System.Text.Json.Utf8JsonReader.GetString()
   at System.Text.Json.Serialization.Metadata.JsonPropertyInfo`1.ReadJsonAndSetMember(Object obj, ReadStack& state, Utf8JsonReader& reader)
   at System.Text.Json.Serialization.Converters.ObjectDefaultConverter`1.OnTryRead(Utf8JsonReader& reader, Type typeToConvert, JsonSerializerOptions options, ReadStack& state, T& value)
   at System.Text.Json.Serialization.JsonConverter`1.TryRead(Utf8JsonReader& reader, Type typeToConvert, JsonSerializerOptions options, ReadStack& state, T& value, Boolean& isPopulatedValue)
   at System.Text.Json.Serialization.JsonCollectionConverter`2.OnTryRead(Utf8JsonReader& reader, Type typeToConvert, JsonSerializerOptions options, ReadStack& state, TCollection& value)
   at System.Text.Json.Serialization.JsonConverter`1.TryRead(Utf8JsonReader& reader, Type typeToConvert, JsonSerializerOptions options, ReadStack& state, T& value, Boolean& isPopulatedValue)
   at System.Text.Json.Serialization.Metadata.JsonPropertyInfo`1.ReadJsonAndSetMember(Object obj, ReadStack& state, Utf8JsonReader& reader)
   at System.Text.Json.Serialization.Converters.ObjectDefaultConverter`1.OnTryRead(Utf8JsonReader& reader, Type typeToConvert, JsonSerializerOptions options, ReadStack& state, T& value)
   at System.Text.Json.Serialization.JsonConverter`1.TryRead(Utf8JsonReader& reader, Type typeToConvert, JsonSerializerOptions options, ReadStack& state, T& value, Boolean& isPopulatedValue)
   at System.Text.Json.Serialization.JsonConverter`1.ReadCore(Utf8JsonReader& reader, T& value, JsonSerializerOptions options, ReadStack& state)
   --- End of inner exception stack trace ---
   at System.Text.Json.ThrowHelper.ReThrowWithPath(ReadStack& state, Utf8JsonReader& reader, Exception ex)
   at System.Text.Json.Serialization.JsonConverter`1.ReadCore(Utf8JsonReader& reader, T& value, JsonSerializerOptions options, ReadStack& state)
   at System.Text.Json.Serialization.Metadata.JsonTypeInfo`1.ContinueDeserialize[TReadBufferState,TStream](TReadBufferState& bufferState, JsonReaderState& jsonReaderState, ReadStack& readStack, T& value)
   at System.Text.Json.Serialization.Metadata.JsonTypeInfo`1.DeserializeAsync[TReadBufferState,TStream](TStream utf8Json, TReadBufferState bufferState, CancellationToken cancellationToken)
   at System.Net.Http.Json.HttpContentJsonExtensions.ReadFromJsonAsyncCore[T](HttpContent content, JsonSerializerOptions options, CancellationToken cancellationToken)
   at SIGMA.Infrastructure.Graph.GraphClientService.BatchGetNavigationCountAsync(List`1 entityIds, String navigation, CancellationToken ct) in D:\SIGMA Project\SIGMA-Beta\SIGMA\src\SIGMA.Infrastructure\Graph\GraphClientService.cs:line 612
2026-06-04 16:19:25.871 +05:30 [WRN] Failed to batch-fetch members counts for groups
System.Text.Json.JsonException: The JSON value could not be converted to System.String. Path: $.responses[0].body | LineNumber: 0 | BytePositionInLine: 119.
 ---> System.InvalidOperationException: Cannot get the value of a token type 'StartObject' as a string.
   at System.Text.Json.ThrowHelper.ThrowInvalidOperationException_ExpectedString(JsonTokenType tokenType)
   at System.Text.Json.Utf8JsonReader.GetString()
   at System.Text.Json.Serialization.Metadata.JsonPropertyInfo`1.ReadJsonAndSetMember(Object obj, ReadStack& state, Utf8JsonReader& reader)
   at System.Text.Json.Serialization.Converters.ObjectDefaultConverter`1.OnTryRead(Utf8JsonReader& reader, Type typeToConvert, JsonSerializerOptions options, ReadStack& state, T& value)
   at System.Text.Json.Serialization.JsonConverter`1.TryRead(Utf8JsonReader& reader, Type typeToConvert, JsonSerializerOptions options, ReadStack& state, T& value, Boolean& isPopulatedValue)
   at System.Text.Json.Serialization.JsonCollectionConverter`2.OnTryRead(Utf8JsonReader& reader, Type typeToConvert, JsonSerializerOptions options, ReadStack& state, TCollection& value)
   at System.Text.Json.Serialization.JsonConverter`1.TryRead(Utf8JsonReader& reader, Type typeToConvert, JsonSerializerOptions options, ReadStack& state, T& value, Boolean& isPopulatedValue)
   at System.Text.Json.Serialization.Metadata.JsonPropertyInfo`1.ReadJsonAndSetMember(Object obj, ReadStack& state, Utf8JsonReader& reader)
   at System.Text.Json.Serialization.Converters.ObjectDefaultConverter`1.OnTryRead(Utf8JsonReader& reader, Type typeToConvert, JsonSerializerOptions options, ReadStack& state, T& value)
   at System.Text.Json.Serialization.JsonConverter`1.TryRead(Utf8JsonReader& reader, Type typeToConvert, JsonSerializerOptions options, ReadStack& state, T& value, Boolean& isPopulatedValue)
   at System.Text.Json.Serialization.JsonConverter`1.ReadCore(Utf8JsonReader& reader, T& value, JsonSerializerOptions options, ReadStack& state)
   --- End of inner exception stack trace ---
   at System.Text.Json.ThrowHelper.ReThrowWithPath(ReadStack& state, Utf8JsonReader& reader, Exception ex)
   at System.Text.Json.Serialization.JsonConverter`1.ReadCore(Utf8JsonReader& reader, T& value, JsonSerializerOptions options, ReadStack& state)
   at System.Text.Json.Serialization.Metadata.JsonTypeInfo`1.ContinueDeserialize[TReadBufferState,TStream](TReadBufferState& bufferState, JsonReaderState& jsonReaderState, ReadStack& readStack, T& value)
   at System.Text.Json.Serialization.Metadata.JsonTypeInfo`1.DeserializeAsync[TReadBufferState,TStream](TStream utf8Json, TReadBufferState bufferState, CancellationToken cancellationToken)
   at System.Net.Http.Json.HttpContentJsonExtensions.ReadFromJsonAsyncCore[T](HttpContent content, JsonSerializerOptions options, CancellationToken cancellationToken)
   at SIGMA.Infrastructure.Graph.GraphClientService.BatchGetNavigationCountAsync(List`1 entityIds, String navigation, CancellationToken ct) in D:\SIGMA Project\SIGMA-Beta\SIGMA\src\SIGMA.Infrastructure\Graph\GraphClientService.cs:line 612
2026-06-04 16:19:25.944 +05:30 [INF] [Governance] Groups result: IsSuccess=true, Count=18
2026-06-04 16:19:25.959 +05:30 [INF] [Governance] Found stale empty group: DnsAdmins (created 650 days ago)
2026-06-04 16:19:25.975 +05:30 [INF] [Governance] Found stale empty group: SeniorAdminTrail (created 645 days ago)
2026-06-04 16:19:25.984 +05:30 [INF] [Governance] Found stale empty group: ADSyncAdmins (created 650 days ago)
2026-06-04 16:19:25.994 +05:30 [INF] [Governance] Found stale empty group: MS_SuperStars (created 652 days ago)
2026-06-04 16:19:26.002 +05:30 [INF] [Governance] Found stale empty group: TestDemo (created 103 days ago)
2026-06-04 16:19:26.011 +05:30 [INF] [Governance] Found stale empty group: TrailMS365 (created 652 days ago)
2026-06-04 16:19:26.023 +05:30 [INF] [Governance] Found stale empty group: UserAdmin (created 640 days ago)
2026-06-04 16:19:26.032 +05:30 [INF] [Governance] Found stale empty group: TestGroup1 (created 640 days ago)
2026-06-04 16:19:26.041 +05:30 [INF] [Governance] Found stale empty group: DemoGroup (created 631 days ago)
2026-06-04 16:19:26.049 +05:30 [INF] [Governance] Found stale empty group: JuniorAdmins (created 644 days ago)
2026-06-04 16:19:26.058 +05:30 [INF] [Governance] Found stale empty group: Retail Trail (created 643 days ago)
2026-06-04 16:19:26.066 +05:30 [INF] [Governance] Found stale empty group: ADSyncBrowse (created 650 days ago)
2026-06-04 16:19:26.076 +05:30 [INF] [Governance] Found stale empty group: HelpDeskAdmin (created 640 days ago)
2026-06-04 16:19:26.084 +05:30 [INF] [Governance] Found stale empty group: SalesAndMarketingTrail (created 643 days ago)
2026-06-04 16:19:26.096 +05:30 [INF] [Governance] Found stale empty group: DnsUpdateProxy (created 650 days ago)
2026-06-04 16:19:26.104 +05:30 [INF] [Governance] Found stale empty group: ADSyncPasswordSet (created 650 days ago)
2026-06-04 16:19:26.113 +05:30 [INF] [Governance] Found stale empty group: ADSyncOperators (created 650 days ago)
2026-06-04 16:19:26.123 +05:30 [INF] [Governance] Found stale empty group: TestGroup2 (created 640 days ago)
2026-06-04 16:19:26.131 +05:30 [INF] [Governance] Fetching users from Graph...
2026-06-04 16:19:26.145 +05:30 [INF] Start processing HTTP request GET https://graph.microsoft.com/v1.0/users?*
2026-06-04 16:19:26.158 +05:30 [INF] Sending HTTP request GET https://graph.microsoft.com/v1.0/users?*
2026-06-04 16:19:26.319 +05:30 [INF] Received HTTP response headers after 143.7436ms - 200
2026-06-04 16:19:26.343 +05:30 [INF] End processing HTTP request after 198.2489ms - 200
2026-06-04 16:19:26.432 +05:30 [INF] [Governance] Users result: IsSuccess=true, Count=23
2026-06-04 16:19:26.451 +05:30 [INF] [Governance] Final findings count: 108 (Critical=65, Warning=25, Info=18)
2026-06-04 16:19:26.522 +05:30 [WRN] Slow request: GET /api/v1/governance/findings responded 200 in 6531ms
2026-06-04 16:29:46.919 +05:30 [INF] IDX10242: Security token: '[PII of type 'Microsoft.IdentityModel.JsonWebTokens.JsonWebToken' is hidden. For more details, see https://aka.ms/IdentityModel/PII.]' has a valid signature.
2026-06-04 16:29:46.937 +05:30 [INF] IDX10239: Lifetime of the token is valid.
2026-06-04 16:29:46.947 +05:30 [INF] IDX10234: Audience Validated.Audience: 'api://f0ee212a-b836-4f5c-aafe-bee4b0ebfcfb'
2026-06-04 16:29:46.958 +05:30 [INF] IDX10245: Creating claims identity from the validated token: '[PII of type 'Microsoft.IdentityModel.JsonWebTokens.JsonWebToken' is hidden. For more details, see https://aka.ms/IdentityModel/PII.]'.
2026-06-04 16:29:46.972 +05:30 [INF] [Governance] Fetching applications from Graph...
2026-06-04 16:29:46.987 +05:30 [INF] Start processing HTTP request GET https://graph.microsoft.com/v1.0/applications?*
2026-06-04 16:29:47.005 +05:30 [INF] Sending HTTP request GET https://graph.microsoft.com/v1.0/applications?*
2026-06-04 16:29:47.466 +05:30 [INF] Received HTTP response headers after 440.0154ms - 200
2026-06-04 16:29:47.520 +05:30 [INF] End processing HTTP request after 533.5816ms - 200
2026-06-04 16:29:47.567 +05:30 [INF] Start processing HTTP request POST https://graph.microsoft.com/v1.0/$batch
2026-06-04 16:29:47.591 +05:30 [INF] Sending HTTP request POST https://graph.microsoft.com/v1.0/$batch
2026-06-04 16:29:47.732 +05:30 [INF] Received HTTP response headers after 110.7718ms - 200
2026-06-04 16:29:47.764 +05:30 [INF] End processing HTTP request after 191.1204ms - 200
2026-06-04 16:29:48.454 +05:30 [WRN] Failed to batch-fetch owner counts for applications
System.Text.Json.JsonException: The JSON value could not be converted to System.String. Path: $.responses[0].body | LineNumber: 0 | BytePositionInLine: 120.
 ---> System.InvalidOperationException: Cannot get the value of a token type 'StartObject' as a string.
   at System.Text.Json.ThrowHelper.ThrowInvalidOperationException_ExpectedString(JsonTokenType tokenType)
   at System.Text.Json.Serialization.Metadata.JsonPropertyInfo`1.ReadJsonAndSetMember(Object obj, ReadStack& state, Utf8JsonReader& reader)
   at System.Text.Json.Serialization.Converters.ObjectDefaultConverter`1.OnTryRead(Utf8JsonReader& reader, Type typeToConvert, JsonSerializerOptions options, ReadStack& state, T& value)
   at System.Text.Json.Serialization.JsonCollectionConverter`2.OnTryRead(Utf8JsonReader& reader, Type typeToConvert, JsonSerializerOptions options, ReadStack& state, TCollection& value)
   at System.Text.Json.Serialization.JsonConverter`1.TryRead(Utf8JsonReader& reader, Type typeToConvert, JsonSerializerOptions options, ReadStack& state, T& value, Boolean& isPopulatedValue)
   at System.Text.Json.Serialization.Metadata.JsonPropertyInfo`1.ReadJsonAndSetMember(Object obj, ReadStack& state, Utf8JsonReader& reader)
   at System.Text.Json.Serialization.Converters.ObjectDefaultConverter`1.OnTryRead(Utf8JsonReader& reader, Type typeToConvert, JsonSerializerOptions options, ReadStack& state, T& value)
   at System.Text.Json.Serialization.JsonConverter`1.TryRead(Utf8JsonReader& reader, Type typeToConvert, JsonSerializerOptions options, ReadStack& state, T& value, Boolean& isPopulatedValue)
   at System.Text.Json.Serialization.JsonConverter`1.ReadCore(Utf8JsonReader& reader, T& value, JsonSerializerOptions options, ReadStack& state)
   --- End of inner exception stack trace ---
   at System.Text.Json.ThrowHelper.ReThrowWithPath(ReadStack& state, Utf8JsonReader& reader, Exception ex)
   at System.Text.Json.Serialization.JsonConverter`1.ReadCore(Utf8JsonReader& reader, T& value, JsonSerializerOptions options, ReadStack& state)
   at System.Text.Json.Serialization.Metadata.JsonTypeInfo`1.ContinueDeserialize[TReadBufferState,TStream](TReadBufferState& bufferState, JsonReaderState& jsonReaderState, ReadStack& readStack, T& value)
   at System.Text.Json.Serialization.Metadata.JsonTypeInfo`1.DeserializeAsync[TReadBufferState,TStream](TStream utf8Json, TReadBufferState bufferState, CancellationToken cancellationToken)
   at System.Net.Http.Json.HttpContentJsonExtensions.ReadFromJsonAsyncCore[T](HttpContent content, JsonSerializerOptions options, CancellationToken cancellationToken)
   at SIGMA.Infrastructure.Graph.GraphClientService.BatchGetApplicationOwnerCountsAsync(List`1 appIds, CancellationToken ct) in D:\SIGMA Project\SIGMA-Beta\SIGMA\src\SIGMA.Infrastructure\Graph\GraphClientService.cs:line 548
2026-06-04 16:29:48.490 +05:30 [INF] Start processing HTTP request POST https://graph.microsoft.com/v1.0/$batch
2026-06-04 16:29:48.507 +05:30 [INF] Sending HTTP request POST https://graph.microsoft.com/v1.0/$batch
2026-06-04 16:29:48.633 +05:30 [INF] Received HTTP response headers after 107.1933ms - 200
2026-06-04 16:29:48.655 +05:30 [INF] End processing HTTP request after 164.8424ms - 200
2026-06-04 16:29:48.820 +05:30 [WRN] Failed to batch-fetch owner counts for applications
System.Text.Json.JsonException: The JSON value could not be converted to System.String. Path: $.responses[0].body | LineNumber: 0 | BytePositionInLine: 120.
 ---> System.InvalidOperationException: Cannot get the value of a token type 'StartObject' as a string.
   at System.Text.Json.ThrowHelper.ThrowInvalidOperationException_ExpectedString(JsonTokenType tokenType)
   at System.Text.Json.Serialization.Metadata.JsonPropertyInfo`1.ReadJsonAndSetMember(Object obj, ReadStack& state, Utf8JsonReader& reader)
   at System.Text.Json.Serialization.Converters.ObjectDefaultConverter`1.OnTryRead(Utf8JsonReader& reader, Type typeToConvert, JsonSerializerOptions options, ReadStack& state, T& value)
   at System.Text.Json.Serialization.JsonCollectionConverter`2.OnTryRead(Utf8JsonReader& reader, Type typeToConvert, JsonSerializerOptions options, ReadStack& state, TCollection& value)
   at System.Text.Json.Serialization.JsonConverter`1.TryRead(Utf8JsonReader& reader, Type typeToConvert, JsonSerializerOptions options, ReadStack& state, T& value, Boolean& isPopulatedValue)
   at System.Text.Json.Serialization.Metadata.JsonPropertyInfo`1.ReadJsonAndSetMember(Object obj, ReadStack& state, Utf8JsonReader& reader)
   at System.Text.Json.Serialization.Converters.ObjectDefaultConverter`1.OnTryRead(Utf8JsonReader& reader, Type typeToConvert, JsonSerializerOptions options, ReadStack& state, T& value)
   at System.Text.Json.Serialization.JsonConverter`1.TryRead(Utf8JsonReader& reader, Type typeToConvert, JsonSerializerOptions options, ReadStack& state, T& value, Boolean& isPopulatedValue)
   at System.Text.Json.Serialization.JsonConverter`1.ReadCore(Utf8JsonReader& reader, T& value, JsonSerializerOptions options, ReadStack& state)
   --- End of inner exception stack trace ---
   at System.Text.Json.ThrowHelper.ReThrowWithPath(ReadStack& state, Utf8JsonReader& reader, Exception ex)
   at System.Text.Json.Serialization.JsonConverter`1.ReadCore(Utf8JsonReader& reader, T& value, JsonSerializerOptions options, ReadStack& state)
   at System.Text.Json.Serialization.Metadata.JsonTypeInfo`1.ContinueDeserialize[TReadBufferState,TStream](TReadBufferState& bufferState, JsonReaderState& jsonReaderState, ReadStack& readStack, T& value)
   at System.Text.Json.Serialization.Metadata.JsonTypeInfo`1.DeserializeAsync[TReadBufferState,TStream](TStream utf8Json, TReadBufferState bufferState, CancellationToken cancellationToken)
   at System.Net.Http.Json.HttpContentJsonExtensions.ReadFromJsonAsyncCore[T](HttpContent content, JsonSerializerOptions options, CancellationToken cancellationToken)
   at SIGMA.Infrastructure.Graph.GraphClientService.BatchGetApplicationOwnerCountsAsync(List`1 appIds, CancellationToken ct) in D:\SIGMA Project\SIGMA-Beta\SIGMA\src\SIGMA.Infrastructure\Graph\GraphClientService.cs:line 548
2026-06-04 16:29:48.862 +05:30 [INF] [Governance] Applications result: IsSuccess=true, Error=null
2026-06-04 16:29:48.871 +05:30 [INF] [Governance] Processing 35 applications...
2026-06-04 16:29:48.884 +05:30 [INF] Start processing HTTP request GET https://graph.microsoft.com/v1.0/applications/0bbdd90f-39c8-4fa3-9b4b-1b2df842c658?*
2026-06-04 16:29:48.902 +05:30 [INF] Sending HTTP request GET https://graph.microsoft.com/v1.0/applications/0bbdd90f-39c8-4fa3-9b4b-1b2df842c658?*
2026-06-04 16:29:48.920 +05:30 [INF] Start processing HTTP request GET https://graph.microsoft.com/v1.0/applications/16390064-665b-46a7-bf00-af9438733c68?*
2026-06-04 16:29:48.939 +05:30 [INF] Sending HTTP request GET https://graph.microsoft.com/v1.0/applications/16390064-665b-46a7-bf00-af9438733c68?*
2026-06-04 16:29:48.963 +05:30 [INF] Start processing HTTP request GET https://graph.microsoft.com/v1.0/applications/168fff38-fb94-4f20-a935-4a12865d277e?*
2026-06-04 16:29:48.981 +05:30 [INF] Sending HTTP request GET https://graph.microsoft.com/v1.0/applications/168fff38-fb94-4f20-a935-4a12865d277e?*
2026-06-04 16:29:48.999 +05:30 [INF] Start processing HTTP request GET https://graph.microsoft.com/v1.0/applications/18683323-1182-42dc-83a1-1679ef2d8ccb?*
2026-06-04 16:29:49.021 +05:30 [INF] Sending HTTP request GET https://graph.microsoft.com/v1.0/applications/18683323-1182-42dc-83a1-1679ef2d8ccb?*
2026-06-04 16:29:49.052 +05:30 [INF] Start processing HTTP request GET https://graph.microsoft.com/v1.0/applications/1dc3420c-79ee-42ad-821e-832881d1359b?*
2026-06-04 16:29:49.073 +05:30 [INF] Sending HTTP request GET https://graph.microsoft.com/v1.0/applications/1dc3420c-79ee-42ad-821e-832881d1359b?*
2026-06-04 16:29:49.165 +05:30 [INF] Start processing HTTP request GET https://graph.microsoft.com/v1.0/applications/211fcada-7373-4adb-91cc-0b7fca809a3c?*
2026-06-04 16:29:49.213 +05:30 [INF] Received HTTP response headers after 293.5669ms - 200
2026-06-04 16:29:49.248 +05:30 [INF] Received HTTP response headers after 285.3478ms - 200
2026-06-04 16:29:49.271 +05:30 [INF] Sending HTTP request GET https://graph.microsoft.com/v1.0/applications/211fcada-7373-4adb-91cc-0b7fca809a3c?*
2026-06-04 16:29:49.300 +05:30 [INF] Received HTTP response headers after 301.4105ms - 200
2026-06-04 16:29:49.318 +05:30 [INF] End processing HTTP request after 433.1298ms - 200
2026-06-04 16:29:49.337 +05:30 [INF] End processing HTTP request after 416.5569ms - 200
2026-06-04 16:29:49.355 +05:30 [INF] Start processing HTTP request GET https://graph.microsoft.com/v1.0/applications/41357df4-0eb4-4cad-830f-c67c331165af?*
2026-06-04 16:29:49.372 +05:30 [INF] End processing HTTP request after 408.7519ms - 200
2026-06-04 16:29:49.414 +05:30 [INF] Received HTTP response headers after 363.4043ms - 200
2026-06-04 16:29:49.437 +05:30 [INF] Sending HTTP request GET https://graph.microsoft.com/v1.0/applications/41357df4-0eb4-4cad-830f-c67c331165af?*
2026-06-04 16:29:49.478 +05:30 [INF] End processing HTTP request after 479.6556ms - 200
2026-06-04 16:29:49.496 +05:30 [INF] Start processing HTTP request GET https://graph.microsoft.com/v1.0/applications/426fdc27-92f9-4ff5-a261-5140585db6db?*
2026-06-04 16:29:49.549 +05:30 [INF] Sending HTTP request GET https://graph.microsoft.com/v1.0/applications/426fdc27-92f9-4ff5-a261-5140585db6db?*
2026-06-04 16:29:49.580 +05:30 [INF] Received HTTP response headers after 225.5129ms - 200
2026-06-04 16:29:49.581 +05:30 [INF] Start processing HTTP request GET https://graph.microsoft.com/v1.0/applications/457436a9-f6b9-491a-b540-34243534784f?*
2026-06-04 16:29:49.584 +05:30 [INF] Received HTTP response headers after 420.0244ms - 200
2026-06-04 16:29:49.662 +05:30 [INF] End processing HTTP request after 610.3303ms - 200
2026-06-04 16:29:49.632 +05:30 [INF] Sending HTTP request GET https://graph.microsoft.com/v1.0/applications/457436a9-f6b9-491a-b540-34243534784f?*
2026-06-04 16:29:49.605 +05:30 [INF] End processing HTTP request after 439.8415ms - 200
2026-06-04 16:29:49.696 +05:30 [INF] Received HTTP response headers after 201.6739ms - 200
2026-06-04 16:29:49.713 +05:30 [INF] Start processing HTTP request GET https://graph.microsoft.com/v1.0/applications/49e2112b-0e2d-4381-b22e-38ca924f0134?*
2026-06-04 16:29:49.768 +05:30 [INF] Received HTTP response headers after 187.9119ms - 200
2026-06-04 16:29:49.841 +05:30 [INF] End processing HTTP request after 344.6767ms - 200
2026-06-04 16:29:49.815 +05:30 [INF] Sending HTTP request GET https://graph.microsoft.com/v1.0/applications/49e2112b-0e2d-4381-b22e-38ca924f0134?*
2026-06-04 16:29:49.837 +05:30 [INF] Received HTTP response headers after 125.5466ms - 200
2026-06-04 16:29:49.788 +05:30 [INF] End processing HTTP request after 432.9558ms - 200
2026-06-04 16:29:49.897 +05:30 [INF] Start processing HTTP request GET https://graph.microsoft.com/v1.0/applications/49e94653-ce8e-473e-9ac7-8da94b59064b?*
2026-06-04 16:29:49.921 +05:30 [INF] End processing HTTP request after 340.1122ms - 200
2026-06-04 16:29:50.019 +05:30 [INF] Sending HTTP request GET https://graph.microsoft.com/v1.0/applications/49e94653-ce8e-473e-9ac7-8da94b59064b?*
2026-06-04 16:29:50.069 +05:30 [INF] Start processing HTTP request GET https://graph.microsoft.com/v1.0/applications/4d6e78f8-1d50-4982-ad74-f739af798409?*
2026-06-04 16:29:50.097 +05:30 [INF] Sending HTTP request GET https://graph.microsoft.com/v1.0/applications/4d6e78f8-1d50-4982-ad74-f739af798409?*
2026-06-04 16:29:50.098 +05:30 [INF] Received HTTP response headers after 201.4382ms - 200
2026-06-04 16:29:50.145 +05:30 [INF] End processing HTTP request after 432.4117ms - 200
2026-06-04 16:29:50.118 +05:30 [INF] Start processing HTTP request GET https://graph.microsoft.com/v1.0/applications/515206c9-45b1-47c8-990d-9eb4c90f1bc9?*
2026-06-04 16:29:50.216 +05:30 [INF] Sending HTTP request GET https://graph.microsoft.com/v1.0/applications/515206c9-45b1-47c8-990d-9eb4c90f1bc9?*
2026-06-04 16:29:50.257 +05:30 [INF] Start processing HTTP request GET https://graph.microsoft.com/v1.0/applications/604d3cea-cc9f-4cec-9767-7b0268a162a6?*
2026-06-04 16:29:50.278 +05:30 [INF] Received HTTP response headers after 209.2072ms - 200
2026-06-04 16:29:50.296 +05:30 [INF] Received HTTP response headers after 179.7027ms - 200
2026-06-04 16:29:50.302 +05:30 [INF] Sending HTTP request GET https://graph.microsoft.com/v1.0/applications/604d3cea-cc9f-4cec-9767-7b0268a162a6?*
2026-06-04 16:29:50.329 +05:30 [INF] End processing HTTP request after 431.7853ms - 200
2026-06-04 16:29:50.353 +05:30 [INF] End processing HTTP request after 283.4079ms - 200
2026-06-04 16:29:50.385 +05:30 [INF] Start processing HTTP request GET https://graph.microsoft.com/v1.0/applications/68c03ecd-864b-4489-bde4-23da2d863cc9?*
2026-06-04 16:29:50.451 +05:30 [INF] Received HTTP response headers after 196.964ms - 200
2026-06-04 16:29:50.469 +05:30 [INF] Sending HTTP request GET https://graph.microsoft.com/v1.0/applications/68c03ecd-864b-4489-bde4-23da2d863cc9?*
2026-06-04 16:29:50.495 +05:30 [INF] End processing HTTP request after 376.9179ms - 200
2026-06-04 16:29:50.517 +05:30 [INF] Start processing HTTP request GET https://graph.microsoft.com/v1.0/applications/742fd072-6b6c-4230-8cf1-6972d7300ad5?*
2026-06-04 16:29:50.564 +05:30 [INF] Sending HTTP request GET https://graph.microsoft.com/v1.0/applications/742fd072-6b6c-4230-8cf1-6972d7300ad5?*
2026-06-04 16:29:50.577 +05:30 [INF] Received HTTP response headers after 192.3327ms - 200
2026-06-04 16:29:50.582 +05:30 [INF] Start processing HTTP request GET https://graph.microsoft.com/v1.0/applications/76127915-56b3-483b-9d5b-c9f79c5637ff?*
2026-06-04 16:29:50.600 +05:30 [INF] End processing HTTP request after 345.237ms - 200
2026-06-04 16:29:50.615 +05:30 [INF] Sending HTTP request GET https://graph.microsoft.com/v1.0/applications/76127915-56b3-483b-9d5b-c9f79c5637ff?*
2026-06-04 16:29:50.661 +05:30 [INF] Start processing HTTP request GET https://graph.microsoft.com/v1.0/applications/76521842-1af8-4caf-b658-cc8189f05f86?*
2026-06-04 16:29:50.678 +05:30 [INF] Sending HTTP request GET https://graph.microsoft.com/v1.0/applications/76521842-1af8-4caf-b658-cc8189f05f86?*
2026-06-04 16:29:50.695 +05:30 [INF] Start processing HTTP request GET https://graph.microsoft.com/v1.0/applications/83e59e8b-1583-43c5-aab9-2512ca2aec1d?*
2026-06-04 16:29:50.697 +05:30 [INF] Received HTTP response headers after 180.8832ms - 200
2026-06-04 16:29:50.711 +05:30 [INF] Sending HTTP request GET https://graph.microsoft.com/v1.0/applications/83e59e8b-1583-43c5-aab9-2512ca2aec1d?*
2026-06-04 16:29:50.728 +05:30 [INF] End processing HTTP request after 343.4223ms - 200
2026-06-04 16:29:50.745 +05:30 [INF] Start processing HTTP request GET https://graph.microsoft.com/v1.0/applications/860a6e19-3808-4bd0-81d8-e4ccc8d7d780?*
2026-06-04 16:29:50.758 +05:30 [INF] Received HTTP response headers after 176.0626ms - 200
2026-06-04 16:29:50.782 +05:30 [INF] Sending HTTP request GET https://graph.microsoft.com/v1.0/applications/860a6e19-3808-4bd0-81d8-e4ccc8d7d780?*
2026-06-04 16:29:50.799 +05:30 [INF] End processing HTTP request after 282.4311ms - 200
2026-06-04 16:29:50.830 +05:30 [INF] Received HTTP response headers after 135.4182ms - 200
2026-06-04 16:29:50.856 +05:30 [INF] End processing HTTP request after 194.9547ms - 200
2026-06-04 16:29:50.861 +05:30 [INF] Received HTTP response headers after 200.3424ms - 200
2026-06-04 16:29:50.863 +05:30 [INF] Received HTTP response headers after 118.1063ms - 200
2026-06-04 16:29:50.901 +05:30 [INF] End processing HTTP request after 318.7067ms - 200
2026-06-04 16:29:50.919 +05:30 [INF] End processing HTTP request after 223.9161ms - 200
2026-06-04 16:29:51.007 +05:30 [INF] Received HTTP response headers after 192.3804ms - 200
2026-06-04 16:29:51.030 +05:30 [INF] End processing HTTP request after 284.6821ms - 200
2026-06-04 16:29:51.051 +05:30 [INF] Start processing HTTP request GET https://graph.microsoft.com/v1.0/applications/9c49407c-ffba-46e6-9478-4dc0adb10fb6?*
2026-06-04 16:29:51.069 +05:30 [INF] Sending HTTP request GET https://graph.microsoft.com/v1.0/applications/9c49407c-ffba-46e6-9478-4dc0adb10fb6?*
2026-06-04 16:29:51.102 +05:30 [INF] Start processing HTTP request GET https://graph.microsoft.com/v1.0/applications/b162627b-5d59-45ab-a873-8699ed5c2ad0?*
2026-06-04 16:29:51.123 +05:30 [INF] Sending HTTP request GET https://graph.microsoft.com/v1.0/applications/b162627b-5d59-45ab-a873-8699ed5c2ad0?*
2026-06-04 16:29:51.140 +05:30 [INF] Start processing HTTP request GET https://graph.microsoft.com/v1.0/applications/b26745cd-d8ac-4497-af66-b06ae74a239d?*
2026-06-04 16:29:51.159 +05:30 [INF] Sending HTTP request GET https://graph.microsoft.com/v1.0/applications/b26745cd-d8ac-4497-af66-b06ae74a239d?*
2026-06-04 16:29:51.176 +05:30 [INF] Start processing HTTP request GET https://graph.microsoft.com/v1.0/applications/b78fcfb9-0135-49e3-8a30-3c89f23efd27?*
2026-06-04 16:29:51.195 +05:30 [INF] Sending HTTP request GET https://graph.microsoft.com/v1.0/applications/b78fcfb9-0135-49e3-8a30-3c89f23efd27?*
2026-06-04 16:29:51.213 +05:30 [INF] Start processing HTTP request GET https://graph.microsoft.com/v1.0/applications/bd8e6495-916f-466e-b8ec-6c68b0ca2275?*
2026-06-04 16:29:51.231 +05:30 [INF] Sending HTTP request GET https://graph.microsoft.com/v1.0/applications/bd8e6495-916f-466e-b8ec-6c68b0ca2275?*
2026-06-04 16:29:51.249 +05:30 [INF] Start processing HTTP request GET https://graph.microsoft.com/v1.0/applications/be0929ed-32bf-489d-b7e7-78c410f0eb32?*
2026-06-04 16:29:51.268 +05:30 [INF] Sending HTTP request GET https://graph.microsoft.com/v1.0/applications/be0929ed-32bf-489d-b7e7-78c410f0eb32?*
2026-06-04 16:29:51.296 +05:30 [INF] Received HTTP response headers after 194.0838ms - 200
2026-06-04 16:29:51.311 +05:30 [INF] Start processing HTTP request GET https://graph.microsoft.com/v1.0/applications/d8bc9ce0-805e-4f15-abc1-3770664967be?*
2026-06-04 16:29:51.317 +05:30 [INF] Received HTTP response headers after 178.2094ms - 200
2026-06-04 16:29:51.331 +05:30 [INF] End processing HTTP request after 280.1885ms - 200
2026-06-04 16:29:51.348 +05:30 [INF] Sending HTTP request GET https://graph.microsoft.com/v1.0/applications/d8bc9ce0-805e-4f15-abc1-3770664967be?*
2026-06-04 16:29:51.367 +05:30 [INF] End processing HTTP request after 264.6784ms - 200
2026-06-04 16:29:51.368 +05:30 [INF] Received HTTP response headers after 193.2075ms - 200
2026-06-04 16:29:51.390 +05:30 [INF] Received HTTP response headers after 177.3155ms - 200
2026-06-04 16:29:51.411 +05:30 [INF] Start processing HTTP request GET https://graph.microsoft.com/v1.0/applications/e6effa40-f02d-43b5-b176-f05c2bd6f9d8?*
2026-06-04 16:29:51.510 +05:30 [INF] Sending HTTP request GET https://graph.microsoft.com/v1.0/applications/e6effa40-f02d-43b5-b176-f05c2bd6f9d8?*
2026-06-04 16:29:51.450 +05:30 [INF] Received HTTP response headers after 201.5226ms - 200
2026-06-04 16:29:51.466 +05:30 [INF] End processing HTTP request after 326.3329ms - 200
2026-06-04 16:29:51.485 +05:30 [INF] End processing HTTP request after 308.4205ms - 200
2026-06-04 16:29:51.448 +05:30 [INF] Received HTTP response headers after 138.2609ms - 200
2026-06-04 16:29:51.547 +05:30 [INF] Start processing HTTP request GET https://graph.microsoft.com/v1.0/applications/e9dd9e09-6245-4451-bbfc-9271397838bd?*
2026-06-04 16:29:51.569 +05:30 [INF] End processing HTTP request after 355.6336ms - 200
2026-06-04 16:29:51.613 +05:30 [INF] Received HTTP response headers after 206.3609ms - 200
2026-06-04 16:29:51.633 +05:30 [INF] End processing HTTP request after 384.0186ms - 200
2026-06-04 16:29:51.651 +05:30 [INF] Sending HTTP request GET https://graph.microsoft.com/v1.0/applications/e9dd9e09-6245-4451-bbfc-9271397838bd?*
2026-06-04 16:29:51.697 +05:30 [INF] End processing HTTP request after 385.7109ms - 200
2026-06-04 16:29:51.730 +05:30 [INF] Received HTTP response headers after 183.7539ms - 200
2026-06-04 16:29:51.752 +05:30 [INF] Start processing HTTP request GET https://graph.microsoft.com/v1.0/applications/ec3e1482-03bc-4b54-bbb2-0098dca6c3d2?*
2026-06-04 16:29:51.795 +05:30 [INF] End processing HTTP request after 384.0295ms - 200
2026-06-04 16:29:51.812 +05:30 [INF] Sending HTTP request GET https://graph.microsoft.com/v1.0/applications/ec3e1482-03bc-4b54-bbb2-0098dca6c3d2?*
2026-06-04 16:29:51.850 +05:30 [INF] Start processing HTTP request GET https://graph.microsoft.com/v1.0/applications/ecf48238-8fe6-442d-ab11-447b07afd79e?*
2026-06-04 16:29:51.868 +05:30 [INF] Sending HTTP request GET https://graph.microsoft.com/v1.0/applications/ecf48238-8fe6-442d-ab11-447b07afd79e?*
2026-06-04 16:29:51.892 +05:30 [INF] Start processing HTTP request GET https://graph.microsoft.com/v1.0/applications/ed787c25-faab-4a75-ba66-d96ad1c32f33?*
2026-06-04 16:29:51.909 +05:30 [INF] Sending HTTP request GET https://graph.microsoft.com/v1.0/applications/ed787c25-faab-4a75-ba66-d96ad1c32f33?*
2026-06-04 16:29:51.927 +05:30 [INF] Start processing HTTP request GET https://graph.microsoft.com/v1.0/applications/f27d50af-8e5d-493b-8503-6cc072e85ee6?*
2026-06-04 16:29:51.942 +05:30 [INF] Received HTTP response headers after 191.9319ms - 200
2026-06-04 16:29:51.958 +05:30 [INF] Sending HTTP request GET https://graph.microsoft.com/v1.0/applications/f27d50af-8e5d-493b-8503-6cc072e85ee6?*
2026-06-04 16:29:51.978 +05:30 [INF] Received HTTP response headers after 128.3714ms - 200
2026-06-04 16:29:51.979 +05:30 [INF] End processing HTTP request after 431.4583ms - 200
2026-06-04 16:29:51.997 +05:30 [INF] Start processing HTTP request GET https://graph.microsoft.com/v1.0/applications/f488bdea-975e-4c19-952b-ba57e2cd2b30?*
2026-06-04 16:29:52.055 +05:30 [INF] Sending HTTP request GET https://graph.microsoft.com/v1.0/applications/f488bdea-975e-4c19-952b-ba57e2cd2b30?*
2026-06-04 16:29:52.015 +05:30 [INF] End processing HTTP request after 263.9183ms - 200
2026-06-04 16:29:52.075 +05:30 [INF] Start processing HTTP request GET https://graph.microsoft.com/v1.0/applications/fc6adfe3-0b18-45e2-9299-2b37b672df0e?*
2026-06-04 16:29:52.090 +05:30 [INF] Received HTTP response headers after 199.4076ms - 200
2026-06-04 16:29:52.113 +05:30 [INF] Sending HTTP request GET https://graph.microsoft.com/v1.0/applications/fc6adfe3-0b18-45e2-9299-2b37b672df0e?*
2026-06-04 16:29:52.123 +05:30 [INF] Received HTTP response headers after 197.6795ms - 200
2026-06-04 16:29:52.139 +05:30 [INF] End processing HTTP request after 288.2016ms - 200
2026-06-04 16:29:52.185 +05:30 [INF] End processing HTTP request after 292.7163ms - 200
2026-06-04 16:29:52.190 +05:30 [INF] Received HTTP response headers after 193.6855ms - 200
2026-06-04 16:29:52.249 +05:30 [INF] End processing HTTP request after 322.4667ms - 200
2026-06-04 16:29:52.261 +05:30 [INF] Received HTTP response headers after 187.0066ms - 200
2026-06-04 16:29:52.294 +05:30 [INF] End processing HTTP request after 297.5426ms - 200
2026-06-04 16:29:52.331 +05:30 [INF] Received HTTP response headers after 173.0594ms - 200
2026-06-04 16:29:52.350 +05:30 [INF] End processing HTTP request after 274.692ms - 200
2026-06-04 16:29:52.371 +05:30 [INF] [Governance] Fetching groups from Graph...
2026-06-04 16:29:52.381 +05:30 [INF] Start processing HTTP request GET https://graph.microsoft.com/v1.0/groups?*
2026-06-04 16:29:52.413 +05:30 [INF] Sending HTTP request GET https://graph.microsoft.com/v1.0/groups?*
2026-06-04 16:29:52.625 +05:30 [INF] Received HTTP response headers after 192.6253ms - 200
2026-06-04 16:29:52.649 +05:30 [INF] End processing HTTP request after 267.3191ms - 200
2026-06-04 16:29:52.671 +05:30 [INF] Start processing HTTP request POST https://graph.microsoft.com/v1.0/$batch
2026-06-04 16:29:52.690 +05:30 [INF] Sending HTTP request POST https://graph.microsoft.com/v1.0/$batch
2026-06-04 16:29:52.707 +05:30 [INF] Start processing HTTP request POST https://graph.microsoft.com/v1.0/$batch
2026-06-04 16:29:52.724 +05:30 [INF] Sending HTTP request POST https://graph.microsoft.com/v1.0/$batch
2026-06-04 16:29:52.808 +05:30 [INF] Received HTTP response headers after 101.1095ms - 200
2026-06-04 16:29:52.833 +05:30 [INF] End processing HTTP request after 162.1046ms - 200
2026-06-04 16:29:52.853 +05:30 [INF] Received HTTP response headers after 109.638ms - 200
2026-06-04 16:29:52.887 +05:30 [INF] End processing HTTP request after 179.3411ms - 200
2026-06-04 16:29:53.094 +05:30 [WRN] Failed to batch-fetch owners counts for groups
System.Text.Json.JsonException: The JSON value could not be converted to System.String. Path: $.responses[0].body | LineNumber: 0 | BytePositionInLine: 119.
 ---> System.InvalidOperationException: Cannot get the value of a token type 'StartObject' as a string.
   at System.Text.Json.ThrowHelper.ThrowInvalidOperationException_ExpectedString(JsonTokenType tokenType)
   at System.Text.Json.Serialization.Metadata.JsonPropertyInfo`1.ReadJsonAndSetMember(Object obj, ReadStack& state, Utf8JsonReader& reader)
   at System.Text.Json.Serialization.Converters.ObjectDefaultConverter`1.OnTryRead(Utf8JsonReader& reader, Type typeToConvert, JsonSerializerOptions options, ReadStack& state, T& value)
   at System.Text.Json.Serialization.JsonCollectionConverter`2.OnTryRead(Utf8JsonReader& reader, Type typeToConvert, JsonSerializerOptions options, ReadStack& state, TCollection& value)
   at System.Text.Json.Serialization.JsonConverter`1.TryRead(Utf8JsonReader& reader, Type typeToConvert, JsonSerializerOptions options, ReadStack& state, T& value, Boolean& isPopulatedValue)
   at System.Text.Json.Serialization.Metadata.JsonPropertyInfo`1.ReadJsonAndSetMember(Object obj, ReadStack& state, Utf8JsonReader& reader)
   at System.Text.Json.Serialization.Converters.ObjectDefaultConverter`1.OnTryRead(Utf8JsonReader& reader, Type typeToConvert, JsonSerializerOptions options, ReadStack& state, T& value)
   at System.Text.Json.Serialization.JsonConverter`1.ReadCore(Utf8JsonReader& reader, T& value, JsonSerializerOptions options, ReadStack& state)
   --- End of inner exception stack trace ---
   at System.Text.Json.ThrowHelper.ReThrowWithPath(ReadStack& state, Utf8JsonReader& reader, Exception ex)
   at System.Text.Json.Serialization.JsonConverter`1.ReadCore(Utf8JsonReader& reader, T& value, JsonSerializerOptions options, ReadStack& state)
   at System.Text.Json.Serialization.Metadata.JsonTypeInfo`1.DeserializeAsync[TReadBufferState,TStream](TStream utf8Json, TReadBufferState bufferState, CancellationToken cancellationToken)
   at System.Net.Http.Json.HttpContentJsonExtensions.ReadFromJsonAsyncCore[T](HttpContent content, JsonSerializerOptions options, CancellationToken cancellationToken)
   at SIGMA.Infrastructure.Graph.GraphClientService.BatchGetNavigationCountAsync(List`1 entityIds, String navigation, CancellationToken ct) in D:\SIGMA Project\SIGMA-Beta\SIGMA\src\SIGMA.Infrastructure\Graph\GraphClientService.cs:line 612
2026-06-04 16:29:53.549 +05:30 [WRN] Failed to batch-fetch members counts for groups
System.Text.Json.JsonException: The JSON value could not be converted to System.String. Path: $.responses[0].body | LineNumber: 0 | BytePositionInLine: 119.
 ---> System.InvalidOperationException: Cannot get the value of a token type 'StartObject' as a string.
   at System.Text.Json.ThrowHelper.ThrowInvalidOperationException_ExpectedString(JsonTokenType tokenType)
   at System.Text.Json.Serialization.Metadata.JsonPropertyInfo`1.ReadJsonAndSetMember(Object obj, ReadStack& state, Utf8JsonReader& reader)
   at System.Text.Json.Serialization.Converters.ObjectDefaultConverter`1.OnTryRead(Utf8JsonReader& reader, Type typeToConvert, JsonSerializerOptions options, ReadStack& state, T& value)
   at System.Text.Json.Serialization.JsonCollectionConverter`2.OnTryRead(Utf8JsonReader& reader, Type typeToConvert, JsonSerializerOptions options, ReadStack& state, TCollection& value)
   at System.Text.Json.Serialization.JsonConverter`1.TryRead(Utf8JsonReader& reader, Type typeToConvert, JsonSerializerOptions options, ReadStack& state, T& value, Boolean& isPopulatedValue)
   at System.Text.Json.Serialization.Metadata.JsonPropertyInfo`1.ReadJsonAndSetMember(Object obj, ReadStack& state, Utf8JsonReader& reader)
   at System.Text.Json.Serialization.Converters.ObjectDefaultConverter`1.OnTryRead(Utf8JsonReader& reader, Type typeToConvert, JsonSerializerOptions options, ReadStack& state, T& value)
   at System.Text.Json.Serialization.JsonConverter`1.ReadCore(Utf8JsonReader& reader, T& value, JsonSerializerOptions options, ReadStack& state)
   --- End of inner exception stack trace ---
   at System.Text.Json.ThrowHelper.ReThrowWithPath(ReadStack& state, Utf8JsonReader& reader, Exception ex)
   at System.Text.Json.Serialization.JsonConverter`1.ReadCore(Utf8JsonReader& reader, T& value, JsonSerializerOptions options, ReadStack& state)
   at System.Text.Json.Serialization.Metadata.JsonTypeInfo`1.DeserializeAsync[TReadBufferState,TStream](TStream utf8Json, TReadBufferState bufferState, CancellationToken cancellationToken)
   at System.Net.Http.Json.HttpContentJsonExtensions.ReadFromJsonAsyncCore[T](HttpContent content, JsonSerializerOptions options, CancellationToken cancellationToken)
   at SIGMA.Infrastructure.Graph.GraphClientService.BatchGetNavigationCountAsync(List`1 entityIds, String navigation, CancellationToken ct) in D:\SIGMA Project\SIGMA-Beta\SIGMA\src\SIGMA.Infrastructure\Graph\GraphClientService.cs:line 612
2026-06-04 16:29:53.586 +05:30 [INF] [Governance] Groups result: IsSuccess=true, Count=19
2026-06-04 16:29:53.597 +05:30 [INF] [Governance] Found stale empty group: DnsAdmins (created 650 days ago)
2026-06-04 16:29:53.611 +05:30 [INF] [Governance] Found stale empty group: SeniorAdminTrail (created 645 days ago)
2026-06-04 16:29:53.625 +05:30 [INF] [Governance] Found stale empty group: ADSyncAdmins (created 650 days ago)
2026-06-04 16:29:53.640 +05:30 [INF] [Governance] Found stale empty group: MS_SuperStars (created 652 days ago)
2026-06-04 16:29:53.649 +05:30 [INF] [Governance] Found stale empty group: TestDemo (created 103 days ago)
2026-06-04 16:29:53.663 +05:30 [INF] [Governance] Found stale empty group: TrailMS365 (created 652 days ago)
2026-06-04 16:29:53.677 +05:30 [INF] [Governance] Found stale empty group: UserAdmin (created 640 days ago)
2026-06-04 16:29:53.690 +05:30 [INF] [Governance] Found stale empty group: TestGroup1 (created 640 days ago)
2026-06-04 16:29:53.697 +05:30 [INF] [Governance] Found stale empty group: DemoGroup (created 631 days ago)
2026-06-04 16:29:53.713 +05:30 [INF] [Governance] Found stale empty group: JuniorAdmins (created 644 days ago)
2026-06-04 16:29:53.731 +05:30 [INF] [Governance] Found stale empty group: Retail Trail (created 643 days ago)
2026-06-04 16:29:53.744 +05:30 [INF] [Governance] Found stale empty group: ADSyncBrowse (created 650 days ago)
2026-06-04 16:29:53.755 +05:30 [INF] [Governance] Found stale empty group: HelpDeskAdmin (created 640 days ago)
2026-06-04 16:29:53.763 +05:30 [INF] [Governance] Found stale empty group: SalesAndMarketingTrail (created 643 days ago)
2026-06-04 16:29:53.778 +05:30 [INF] [Governance] Found stale empty group: DnsUpdateProxy (created 650 days ago)
2026-06-04 16:29:53.790 +05:30 [INF] [Governance] Found stale empty group: ADSyncPasswordSet (created 650 days ago)
2026-06-04 16:29:53.798 +05:30 [INF] [Governance] Found stale empty group: ADSyncOperators (created 650 days ago)
2026-06-04 16:29:53.812 +05:30 [INF] [Governance] Found stale empty group: TestGroup2 (created 640 days ago)
2026-06-04 16:29:53.827 +05:30 [INF] [Governance] Fetching users from Graph...
2026-06-04 16:29:53.840 +05:30 [INF] Start processing HTTP request GET https://graph.microsoft.com/v1.0/users?*
2026-06-04 16:29:53.856 +05:30 [INF] Sending HTTP request GET https://graph.microsoft.com/v1.0/users?*
2026-06-04 16:29:54.428 +05:30 [INF] Received HTTP response headers after 556.7723ms - 200
2026-06-04 16:29:54.459 +05:30 [INF] End processing HTTP request after 618.6354ms - 200
2026-06-04 16:29:54.496 +05:30 [INF] [Governance] Users result: IsSuccess=true, Count=23
2026-06-04 16:29:54.522 +05:30 [INF] [Governance] Final findings count: 108 (Critical=65, Warning=25, Info=18)
2026-06-04 16:29:54.556 +05:30 [WRN] Slow request: GET /api/v1/governance/findings responded 200 in 7638ms
2026-06-04 16:29:54.692 +05:30 [INF] IDX10242: Security token: '[PII of type 'Microsoft.IdentityModel.JsonWebTokens.JsonWebToken' is hidden. For more details, see https://aka.ms/IdentityModel/PII.]' has a valid signature.
2026-06-04 16:29:54.707 +05:30 [INF] IDX10239: Lifetime of the token is valid.
2026-06-04 16:29:54.718 +05:30 [INF] IDX10234: Audience Validated.Audience: 'api://f0ee212a-b836-4f5c-aafe-bee4b0ebfcfb'
2026-06-04 16:29:54.728 +05:30 [INF] IDX10245: Creating claims identity from the validated token: '[PII of type 'Microsoft.IdentityModel.JsonWebTokens.JsonWebToken' is hidden. For more details, see https://aka.ms/IdentityModel/PII.]'.
2026-06-04 16:29:54.746 +05:30 [INF] [Governance] Returning cached response with 108 findings
2026-06-04 16:29:54.772 +05:30 [INF] Request: GET /api/v1/governance/findings responded 200 in 80ms
2026-06-04 16:30:03.112 +05:30 [INF] IDX10242: Security token: '[PII of type 'Microsoft.IdentityModel.JsonWebTokens.JsonWebToken' is hidden. For more details, see https://aka.ms/IdentityModel/PII.]' has a valid signature.
2026-06-04 16:30:03.126 +05:30 [INF] IDX10239: Lifetime of the token is valid.
2026-06-04 16:30:03.145 +05:30 [INF] IDX10234: Audience Validated.Audience: 'api://f0ee212a-b836-4f5c-aafe-bee4b0ebfcfb'
2026-06-04 16:30:03.164 +05:30 [INF] IDX10245: Creating claims identity from the validated token: '[PII of type 'Microsoft.IdentityModel.JsonWebTokens.JsonWebToken' is hidden. For more details, see https://aka.ms/IdentityModel/PII.]'.
2026-06-04 16:30:03.523 +05:30 [INF] Start processing HTTP request GET https://graph.microsoft.com/v1.0/applications?*
2026-06-04 16:30:03.542 +05:30 [INF] Sending HTTP request GET https://graph.microsoft.com/v1.0/applications?*
2026-06-04 16:30:03.827 +05:30 [INF] Received HTTP response headers after 266.3676ms - 200
2026-06-04 16:30:03.898 +05:30 [INF] End processing HTTP request after 374.7149ms - 200
2026-06-04 16:30:03.958 +05:30 [INF] Start processing HTTP request POST https://graph.microsoft.com/v1.0/$batch
2026-06-04 16:30:03.979 +05:30 [INF] Sending HTTP request POST https://graph.microsoft.com/v1.0/$batch
2026-06-04 16:30:04.113 +05:30 [INF] Received HTTP response headers after 105.2559ms - 200
2026-06-04 16:30:04.140 +05:30 [INF] End processing HTTP request after 182.4117ms - 200
2026-06-04 16:30:04.876 +05:30 [WRN] Failed to batch-fetch owner counts for applications
System.Text.Json.JsonException: The JSON value could not be converted to System.String. Path: $.responses[0].body | LineNumber: 0 | BytePositionInLine: 120.
 ---> System.InvalidOperationException: Cannot get the value of a token type 'StartObject' as a string.
   at System.Text.Json.ThrowHelper.ThrowInvalidOperationException_ExpectedString(JsonTokenType tokenType)
   at System.Text.Json.Serialization.Metadata.JsonPropertyInfo`1.ReadJsonAndSetMember(Object obj, ReadStack& state, Utf8JsonReader& reader)
   at System.Text.Json.Serialization.Converters.ObjectDefaultConverter`1.OnTryRead(Utf8JsonReader& reader, Type typeToConvert, JsonSerializerOptions options, ReadStack& state, T& value)
   at System.Text.Json.Serialization.JsonCollectionConverter`2.OnTryRead(Utf8JsonReader& reader, Type typeToConvert, JsonSerializerOptions options, ReadStack& state, TCollection& value)
   at System.Text.Json.Serialization.JsonConverter`1.TryRead(Utf8JsonReader& reader, Type typeToConvert, JsonSerializerOptions options, ReadStack& state, T& value, Boolean& isPopulatedValue)
   at System.Text.Json.Serialization.Metadata.JsonPropertyInfo`1.ReadJsonAndSetMember(Object obj, ReadStack& state, Utf8JsonReader& reader)
   at System.Text.Json.Serialization.Converters.ObjectDefaultConverter`1.OnTryRead(Utf8JsonReader& reader, Type typeToConvert, JsonSerializerOptions options, ReadStack& state, T& value)
   at System.Text.Json.Serialization.JsonConverter`1.ReadCore(Utf8JsonReader& reader, T& value, JsonSerializerOptions options, ReadStack& state)
   --- End of inner exception stack trace ---
   at System.Text.Json.ThrowHelper.ReThrowWithPath(ReadStack& state, Utf8JsonReader& reader, Exception ex)
   at System.Text.Json.Serialization.JsonConverter`1.ReadCore(Utf8JsonReader& reader, T& value, JsonSerializerOptions options, ReadStack& state)
   at System.Text.Json.Serialization.Metadata.JsonTypeInfo`1.DeserializeAsync[TReadBufferState,TStream](TStream utf8Json, TReadBufferState bufferState, CancellationToken cancellationToken)
   at System.Net.Http.Json.HttpContentJsonExtensions.ReadFromJsonAsyncCore[T](HttpContent content, JsonSerializerOptions options, CancellationToken cancellationToken)
   at SIGMA.Infrastructure.Graph.GraphClientService.BatchGetApplicationOwnerCountsAsync(List`1 appIds, CancellationToken ct) in D:\SIGMA Project\SIGMA-Beta\SIGMA\src\SIGMA.Infrastructure\Graph\GraphClientService.cs:line 548
2026-06-04 16:30:04.929 +05:30 [INF] Start processing HTTP request POST https://graph.microsoft.com/v1.0/$batch
2026-06-04 16:30:04.952 +05:30 [INF] Sending HTTP request POST https://graph.microsoft.com/v1.0/$batch
2026-06-04 16:30:05.071 +05:30 [INF] Received HTTP response headers after 102.9397ms - 200
2026-06-04 16:30:05.097 +05:30 [INF] End processing HTTP request after 168.0802ms - 200
2026-06-04 16:30:05.238 +05:30 [WRN] Failed to batch-fetch owner counts for applications
System.Text.Json.JsonException: The JSON value could not be converted to System.String. Path: $.responses[0].body | LineNumber: 0 | BytePositionInLine: 119.
 ---> System.InvalidOperationException: Cannot get the value of a token type 'StartObject' as a string.
   at System.Text.Json.ThrowHelper.ThrowInvalidOperationException_ExpectedString(JsonTokenType tokenType)
   at System.Text.Json.Serialization.Metadata.JsonPropertyInfo`1.ReadJsonAndSetMember(Object obj, ReadStack& state, Utf8JsonReader& reader)
   at System.Text.Json.Serialization.Converters.ObjectDefaultConverter`1.OnTryRead(Utf8JsonReader& reader, Type typeToConvert, JsonSerializerOptions options, ReadStack& state, T& value)
   at System.Text.Json.Serialization.JsonCollectionConverter`2.OnTryRead(Utf8JsonReader& reader, Type typeToConvert, JsonSerializerOptions options, ReadStack& state, TCollection& value)
   at System.Text.Json.Serialization.JsonConverter`1.TryRead(Utf8JsonReader& reader, Type typeToConvert, JsonSerializerOptions options, ReadStack& state, T& value, Boolean& isPopulatedValue)
   at System.Text.Json.Serialization.Metadata.JsonPropertyInfo`1.ReadJsonAndSetMember(Object obj, ReadStack& state, Utf8JsonReader& reader)
   at System.Text.Json.Serialization.Converters.ObjectDefaultConverter`1.OnTryRead(Utf8JsonReader& reader, Type typeToConvert, JsonSerializerOptions options, ReadStack& state, T& value)
   at System.Text.Json.Serialization.JsonConverter`1.ReadCore(Utf8JsonReader& reader, T& value, JsonSerializerOptions options, ReadStack& state)
   --- End of inner exception stack trace ---
   at System.Text.Json.ThrowHelper.ReThrowWithPath(ReadStack& state, Utf8JsonReader& reader, Exception ex)
   at System.Text.Json.Serialization.JsonConverter`1.ReadCore(Utf8JsonReader& reader, T& value, JsonSerializerOptions options, ReadStack& state)
   at System.Text.Json.Serialization.Metadata.JsonTypeInfo`1.DeserializeAsync[TReadBufferState,TStream](TStream utf8Json, TReadBufferState bufferState, CancellationToken cancellationToken)
   at System.Net.Http.Json.HttpContentJsonExtensions.ReadFromJsonAsyncCore[T](HttpContent content, JsonSerializerOptions options, CancellationToken cancellationToken)
   at SIGMA.Infrastructure.Graph.GraphClientService.BatchGetApplicationOwnerCountsAsync(List`1 appIds, CancellationToken ct) in D:\SIGMA Project\SIGMA-Beta\SIGMA\src\SIGMA.Infrastructure\Graph\GraphClientService.cs:line 548
2026-06-04 16:30:05.403 +05:30 [WRN] Slow request: GET /api/v1/entra/applications responded 200 in 2291ms
2026-06-04 16:30:08.767 +05:30 [INF] IDX10242: Security token: '[PII of type 'Microsoft.IdentityModel.JsonWebTokens.JsonWebToken' is hidden. For more details, see https://aka.ms/IdentityModel/PII.]' has a valid signature.
2026-06-04 16:30:08.782 +05:30 [INF] IDX10239: Lifetime of the token is valid.
2026-06-04 16:30:08.791 +05:30 [INF] IDX10234: Audience Validated.Audience: 'api://f0ee212a-b836-4f5c-aafe-bee4b0ebfcfb'
2026-06-04 16:30:08.806 +05:30 [INF] IDX10245: Creating claims identity from the validated token: '[PII of type 'Microsoft.IdentityModel.JsonWebTokens.JsonWebToken' is hidden. For more details, see https://aka.ms/IdentityModel/PII.]'.
2026-06-04 16:30:08.865 +05:30 [INF] Start processing HTTP request GET https://graph.microsoft.com/v1.0/groups?*
2026-06-04 16:30:08.885 +05:30 [INF] Sending HTTP request GET https://graph.microsoft.com/v1.0/groups?*
2026-06-04 16:30:09.103 +05:30 [INF] Received HTTP response headers after 200.5929ms - 200
2026-06-04 16:30:09.128 +05:30 [INF] End processing HTTP request after 263.0427ms - 200
2026-06-04 16:30:09.152 +05:30 [INF] Start processing HTTP request POST https://graph.microsoft.com/v1.0/$batch
2026-06-04 16:30:09.171 +05:30 [INF] Sending HTTP request POST https://graph.microsoft.com/v1.0/$batch
2026-06-04 16:30:09.191 +05:30 [INF] Start processing HTTP request POST https://graph.microsoft.com/v1.0/$batch
2026-06-04 16:30:09.218 +05:30 [INF] Sending HTTP request POST https://graph.microsoft.com/v1.0/$batch
2026-06-04 16:30:09.290 +05:30 [INF] Received HTTP response headers after 100.6108ms - 200
2026-06-04 16:30:09.322 +05:30 [INF] End processing HTTP request after 170.0742ms - 200
2026-06-04 16:30:09.346 +05:30 [INF] Received HTTP response headers after 110.0507ms - 200
2026-06-04 16:30:09.373 +05:30 [INF] End processing HTTP request after 182.771ms - 200
2026-06-04 16:30:09.484 +05:30 [WRN] Failed to batch-fetch members counts for groups
System.Text.Json.JsonException: The JSON value could not be converted to System.String. Path: $.responses[0].body | LineNumber: 0 | BytePositionInLine: 120.
 ---> System.InvalidOperationException: Cannot get the value of a token type 'StartObject' as a string.
   at System.Text.Json.ThrowHelper.ThrowInvalidOperationException_ExpectedString(JsonTokenType tokenType)
   at System.Text.Json.Serialization.Metadata.JsonPropertyInfo`1.ReadJsonAndSetMember(Object obj, ReadStack& state, Utf8JsonReader& reader)
   at System.Text.Json.Serialization.Converters.ObjectDefaultConverter`1.OnTryRead(Utf8JsonReader& reader, Type typeToConvert, JsonSerializerOptions options, ReadStack& state, T& value)
   at System.Text.Json.Serialization.JsonCollectionConverter`2.OnTryRead(Utf8JsonReader& reader, Type typeToConvert, JsonSerializerOptions options, ReadStack& state, TCollection& value)
   at System.Text.Json.Serialization.JsonConverter`1.TryRead(Utf8JsonReader& reader, Type typeToConvert, JsonSerializerOptions options, ReadStack& state, T& value, Boolean& isPopulatedValue)
   at System.Text.Json.Serialization.Metadata.JsonPropertyInfo`1.ReadJsonAndSetMember(Object obj, ReadStack& state, Utf8JsonReader& reader)
   at System.Text.Json.Serialization.Converters.ObjectDefaultConverter`1.OnTryRead(Utf8JsonReader& reader, Type typeToConvert, JsonSerializerOptions options, ReadStack& state, T& value)
   at System.Text.Json.Serialization.JsonConverter`1.ReadCore(Utf8JsonReader& reader, T& value, JsonSerializerOptions options, ReadStack& state)
   --- End of inner exception stack trace ---
   at System.Text.Json.ThrowHelper.ReThrowWithPath(ReadStack& state, Utf8JsonReader& reader, Exception ex)
   at System.Text.Json.Serialization.JsonConverter`1.ReadCore(Utf8JsonReader& reader, T& value, JsonSerializerOptions options, ReadStack& state)
   at System.Text.Json.Serialization.Metadata.JsonTypeInfo`1.DeserializeAsync[TReadBufferState,TStream](TStream utf8Json, TReadBufferState bufferState, CancellationToken cancellationToken)
   at System.Net.Http.Json.HttpContentJsonExtensions.ReadFromJsonAsyncCore[T](HttpContent content, JsonSerializerOptions options, CancellationToken cancellationToken)
   at SIGMA.Infrastructure.Graph.GraphClientService.BatchGetNavigationCountAsync(List`1 entityIds, String navigation, CancellationToken ct) in D:\SIGMA Project\SIGMA-Beta\SIGMA\src\SIGMA.Infrastructure\Graph\GraphClientService.cs:line 612
2026-06-04 16:30:09.654 +05:30 [WRN] Failed to batch-fetch owners counts for groups
System.Text.Json.JsonException: The JSON value could not be converted to System.String. Path: $.responses[0].body | LineNumber: 0 | BytePositionInLine: 119.
 ---> System.InvalidOperationException: Cannot get the value of a token type 'StartObject' as a string.
   at System.Text.Json.ThrowHelper.ThrowInvalidOperationException_ExpectedString(JsonTokenType tokenType)
   at System.Text.Json.Serialization.Metadata.JsonPropertyInfo`1.ReadJsonAndSetMember(Object obj, ReadStack& state, Utf8JsonReader& reader)
   at System.Text.Json.Serialization.Converters.ObjectDefaultConverter`1.OnTryRead(Utf8JsonReader& reader, Type typeToConvert, JsonSerializerOptions options, ReadStack& state, T& value)
   at System.Text.Json.Serialization.JsonCollectionConverter`2.OnTryRead(Utf8JsonReader& reader, Type typeToConvert, JsonSerializerOptions options, ReadStack& state, TCollection& value)
   at System.Text.Json.Serialization.JsonConverter`1.TryRead(Utf8JsonReader& reader, Type typeToConvert, JsonSerializerOptions options, ReadStack& state, T& value, Boolean& isPopulatedValue)
   at System.Text.Json.Serialization.Metadata.JsonPropertyInfo`1.ReadJsonAndSetMember(Object obj, ReadStack& state, Utf8JsonReader& reader)
   at System.Text.Json.Serialization.Converters.ObjectDefaultConverter`1.OnTryRead(Utf8JsonReader& reader, Type typeToConvert, JsonSerializerOptions options, ReadStack& state, T& value)
   at System.Text.Json.Serialization.JsonConverter`1.ReadCore(Utf8JsonReader& reader, T& value, JsonSerializerOptions options, ReadStack& state)
   --- End of inner exception stack trace ---
   at System.Text.Json.ThrowHelper.ReThrowWithPath(ReadStack& state, Utf8JsonReader& reader, Exception ex)
   at System.Text.Json.Serialization.JsonConverter`1.ReadCore(Utf8JsonReader& reader, T& value, JsonSerializerOptions options, ReadStack& state)
   at System.Text.Json.Serialization.Metadata.JsonTypeInfo`1.DeserializeAsync[TReadBufferState,TStream](TStream utf8Json, TReadBufferState bufferState, CancellationToken cancellationToken)
   at System.Net.Http.Json.HttpContentJsonExtensions.ReadFromJsonAsyncCore[T](HttpContent content, JsonSerializerOptions options, CancellationToken cancellationToken)
   at SIGMA.Infrastructure.Graph.GraphClientService.BatchGetNavigationCountAsync(List`1 entityIds, String navigation, CancellationToken ct) in D:\SIGMA Project\SIGMA-Beta\SIGMA\src\SIGMA.Infrastructure\Graph\GraphClientService.cs:line 612
2026-06-04 16:30:09.705 +05:30 [INF] Request: GET /api/v1/entra/groups responded 200 in 938ms
2026-06-04 16:37:02.427 +05:30 [WRN] Overriding address(es) 'http://0.0.0.0:5107'. Binding to endpoints defined via IConfiguration and/or UseKestrel() instead.
2026-06-04 16:37:02.775 +05:30 [INF] Now listening on: http://0.0.0.0:5107
2026-06-04 16:37:03.057 +05:30 [INF] Application started. Press Ctrl+C to shut down.
2026-06-04 16:37:03.062 +05:30 [INF] Hosting environment: Development
2026-06-04 16:37:03.067 +05:30 [INF] Content root path: D:\SIGMA Project\SIGMA-Beta\SIGMA\src\SIGMA.Api
2026-06-04 16:37:58.585 +05:30 [INF] Request: GET /swagger/index.html responded 200 in 379ms
2026-06-04 16:37:58.633 +05:30 [WRN] Unable to configure Browser Link script injection on the response. This may have been caused by the response's Content-Encoding: '["br"]'. Consider disabling response compression.
2026-06-04 16:37:58.650 +05:30 [WRN] Unable to configure browser refresh script injection on the response. This may have been caused by the response's Content-Encoding: '["br"]'. Consider disabling response compression.
2026-06-04 16:37:58.746 +05:30 [INF] Request: GET /swagger/index.css responded 304 in 31ms
2026-06-04 16:37:58.747 +05:30 [INF] Request: GET /swagger/swagger-ui.css responded 304 in 31ms
2026-06-04 16:37:58.936 +05:30 [INF] Request: GET /swagger/swagger-ui-standalone-preset.js responded 304 in 3ms
2026-06-04 16:37:58.951 +05:30 [INF] Request: GET /swagger/index.js responded 304 in 0ms
2026-06-04 16:37:59.314 +05:30 [INF] Request: GET /swagger/swagger-ui-bundle.js responded 304 in 487ms
2026-06-04 16:37:59.821 +05:30 [INF] Request: GET /swagger/favicon-32x32.png responded 304 in 0ms
2026-06-04 16:38:02.856 +05:30 [WRN] Slow request: GET /openapi/v1.json responded 200 in 3086ms
2026-06-04 16:40:00.508 +05:30 [INF] Microsoft.IdentityModel Version: 8.18.0.0. Date 06/04/2026 11:10:00. PII logging is OFF. See https://aka.ms/IdentityModel/PII for details. 
IDX10242: Security token: '[PII of type 'Microsoft.IdentityModel.JsonWebTokens.JsonWebToken' is hidden. For more details, see https://aka.ms/IdentityModel/PII.]' has a valid signature.
2026-06-04 16:40:00.508 +05:30 [INF] Microsoft.IdentityModel Version: 8.18.0.0. Date 06/04/2026 11:10:00. PII logging is OFF. See https://aka.ms/IdentityModel/PII for details. 
IDX10242: Security token: '[PII of type 'Microsoft.IdentityModel.JsonWebTokens.JsonWebToken' is hidden. For more details, see https://aka.ms/IdentityModel/PII.]' has a valid signature.
2026-06-04 16:40:00.630 +05:30 [INF] IDX10239: Lifetime of the token is valid.
2026-06-04 16:40:00.630 +05:30 [INF] IDX10239: Lifetime of the token is valid.
2026-06-04 16:40:00.653 +05:30 [INF] IDX10234: Audience Validated.Audience: 'api://f0ee212a-b836-4f5c-aafe-bee4b0ebfcfb'
2026-06-04 16:40:00.653 +05:30 [INF] IDX10234: Audience Validated.Audience: 'api://f0ee212a-b836-4f5c-aafe-bee4b0ebfcfb'
2026-06-04 16:40:01.220 +05:30 [INF] IDX10245: Creating claims identity from the validated token: '[PII of type 'Microsoft.IdentityModel.JsonWebTokens.JsonWebToken' is hidden. For more details, see https://aka.ms/IdentityModel/PII.]'.
2026-06-04 16:40:01.484 +05:30 [INF] IDX10245: Creating claims identity from the validated token: '[PII of type 'Microsoft.IdentityModel.JsonWebTokens.JsonWebToken' is hidden. For more details, see https://aka.ms/IdentityModel/PII.]'.
2026-06-04 16:40:04.251 +05:30 [INF] Start processing HTTP request GET https://graph.microsoft.com/v1.0/organization
2026-06-04 16:40:04.273 +05:30 [INF] Sending HTTP request GET https://graph.microsoft.com/v1.0/organization
2026-06-04 16:40:05.580 +05:30 [INF] Received HTTP response headers after 1263.0545ms - 200
2026-06-04 16:40:05.600 +05:30 [INF] End processing HTTP request after 1353.3978ms - 200
2026-06-04 16:40:05.822 +05:30 [INF] Start processing HTTP request GET https://graph.microsoft.com/v1.0/users?*
2026-06-04 16:40:05.835 +05:30 [INF] Sending HTTP request GET https://graph.microsoft.com/v1.0/users?*
2026-06-04 16:40:05.858 +05:30 [INF] Start processing HTTP request GET https://graph.microsoft.com/v1.0/groups?*
2026-06-04 16:40:05.874 +05:30 [INF] Sending HTTP request GET https://graph.microsoft.com/v1.0/groups?*
2026-06-04 16:40:05.891 +05:30 [INF] Start processing HTTP request GET https://graph.microsoft.com/v1.0/applications?*
2026-06-04 16:40:05.912 +05:30 [INF] Sending HTTP request GET https://graph.microsoft.com/v1.0/applications?*
2026-06-04 16:40:05.929 +05:30 [INF] Start processing HTTP request GET https://graph.microsoft.com/v1.0/servicePrincipals?*
2026-06-04 16:40:05.947 +05:30 [INF] Sending HTTP request GET https://graph.microsoft.com/v1.0/servicePrincipals?*
2026-06-04 16:40:05.965 +05:30 [INF] Start processing HTTP request GET https://graph.microsoft.com/v1.0/devices?*
2026-06-04 16:40:05.995 +05:30 [INF] Sending HTTP request GET https://graph.microsoft.com/v1.0/devices?*
2026-06-04 16:40:06.055 +05:30 [INF] Received HTTP response headers after 203.3304ms - 200
2026-06-04 16:40:06.066 +05:30 [INF] Start processing HTTP request GET https://graph.microsoft.com/v1.0/subscribedSkus
2026-06-04 16:40:06.083 +05:30 [INF] End processing HTTP request after 264.3646ms - 200
2026-06-04 16:40:06.101 +05:30 [INF] Sending HTTP request GET https://graph.microsoft.com/v1.0/subscribedSkus
2026-06-04 16:40:06.213 +05:30 [INF] Received HTTP response headers after 321.9808ms - 200
2026-06-04 16:40:06.275 +05:30 [INF] End processing HTTP request after 417.3928ms - 200
2026-06-04 16:40:06.284 +05:30 [INF] Received HTTP response headers after 356.2982ms - 200
2026-06-04 16:40:06.308 +05:30 [INF] Received HTTP response headers after 159.6345ms - 200
2026-06-04 16:40:06.345 +05:30 [INF] End processing HTTP request after 453.1123ms - 200
2026-06-04 16:40:06.346 +05:30 [INF] Received HTTP response headers after 381.7021ms - 200
2026-06-04 16:40:06.362 +05:30 [INF] Received HTTP response headers after 296.7346ms - 200
2026-06-04 16:40:06.367 +05:30 [INF] End processing HTTP request after 301.1798ms - 200
2026-06-04 16:40:06.422 +05:30 [INF] End processing HTTP request after 493.9215ms - 200
2026-06-04 16:40:06.445 +05:30 [INF] End processing HTTP request after 480.0422ms - 200
2026-06-04 16:40:06.713 +05:30 [WRN] Slow request: GET /api/v1/entra/tenant responded 200 in 8761ms
2026-06-04 16:40:20.054 +05:30 [INF] IDX10242: Security token: '[PII of type 'Microsoft.IdentityModel.JsonWebTokens.JsonWebToken' is hidden. For more details, see https://aka.ms/IdentityModel/PII.]' has a valid signature.
2026-06-04 16:40:20.070 +05:30 [INF] IDX10239: Lifetime of the token is valid.
2026-06-04 16:40:20.078 +05:30 [INF] IDX10234: Audience Validated.Audience: 'api://f0ee212a-b836-4f5c-aafe-bee4b0ebfcfb'
2026-06-04 16:40:20.090 +05:30 [INF] IDX10245: Creating claims identity from the validated token: '[PII of type 'Microsoft.IdentityModel.JsonWebTokens.JsonWebToken' is hidden. For more details, see https://aka.ms/IdentityModel/PII.]'.
2026-06-04 16:40:20.202 +05:30 [INF] [Governance] Fetching applications from Graph...
2026-06-04 16:40:20.399 +05:30 [INF] Start processing HTTP request GET https://graph.microsoft.com/v1.0/applications?*
2026-06-04 16:40:20.418 +05:30 [INF] Sending HTTP request GET https://graph.microsoft.com/v1.0/applications?*
2026-06-04 16:40:20.833 +05:30 [INF] Received HTTP response headers after 394.9481ms - 200
2026-06-04 16:40:20.856 +05:30 [INF] End processing HTTP request after 457.186ms - 200
2026-06-04 16:40:21.144 +05:30 [INF] Start processing HTTP request POST https://graph.microsoft.com/v1.0/$batch
2026-06-04 16:40:21.160 +05:30 [INF] Sending HTTP request POST https://graph.microsoft.com/v1.0/$batch
2026-06-04 16:40:21.286 +05:30 [INF] Received HTTP response headers after 111.3606ms - 200
2026-06-04 16:40:21.306 +05:30 [INF] End processing HTTP request after 162.6096ms - 200
2026-06-04 16:40:23.084 +05:30 [WRN] Failed to batch-fetch owner counts for applications
System.Text.Json.JsonException: The JSON value could not be converted to System.String. Path: $.responses[0].body | LineNumber: 0 | BytePositionInLine: 119.
 ---> System.InvalidOperationException: Cannot get the value of a token type 'StartObject' as a string.
   at System.Text.Json.ThrowHelper.ThrowInvalidOperationException_ExpectedString(JsonTokenType tokenType)
   at System.Text.Json.Utf8JsonReader.GetString()
   at System.Text.Json.Serialization.Metadata.JsonPropertyInfo`1.ReadJsonAndSetMember(Object obj, ReadStack& state, Utf8JsonReader& reader)
   at System.Text.Json.Serialization.Converters.ObjectDefaultConverter`1.OnTryRead(Utf8JsonReader& reader, Type typeToConvert, JsonSerializerOptions options, ReadStack& state, T& value)
   at System.Text.Json.Serialization.JsonConverter`1.TryRead(Utf8JsonReader& reader, Type typeToConvert, JsonSerializerOptions options, ReadStack& state, T& value, Boolean& isPopulatedValue)
   at System.Text.Json.Serialization.JsonCollectionConverter`2.OnTryRead(Utf8JsonReader& reader, Type typeToConvert, JsonSerializerOptions options, ReadStack& state, TCollection& value)
   at System.Text.Json.Serialization.JsonConverter`1.TryRead(Utf8JsonReader& reader, Type typeToConvert, JsonSerializerOptions options, ReadStack& state, T& value, Boolean& isPopulatedValue)
   at System.Text.Json.Serialization.Metadata.JsonPropertyInfo`1.ReadJsonAndSetMember(Object obj, ReadStack& state, Utf8JsonReader& reader)
   at System.Text.Json.Serialization.Converters.ObjectDefaultConverter`1.OnTryRead(Utf8JsonReader& reader, Type typeToConvert, JsonSerializerOptions options, ReadStack& state, T& value)
   at System.Text.Json.Serialization.JsonConverter`1.TryRead(Utf8JsonReader& reader, Type typeToConvert, JsonSerializerOptions options, ReadStack& state, T& value, Boolean& isPopulatedValue)
   at System.Text.Json.Serialization.JsonConverter`1.ReadCore(Utf8JsonReader& reader, T& value, JsonSerializerOptions options, ReadStack& state)
   --- End of inner exception stack trace ---
   at System.Text.Json.ThrowHelper.ReThrowWithPath(ReadStack& state, Utf8JsonReader& reader, Exception ex)
   at System.Text.Json.Serialization.JsonConverter`1.ReadCore(Utf8JsonReader& reader, T& value, JsonSerializerOptions options, ReadStack& state)
   at System.Text.Json.Serialization.Metadata.JsonTypeInfo`1.ContinueDeserialize[TReadBufferState,TStream](TReadBufferState& bufferState, JsonReaderState& jsonReaderState, ReadStack& readStack, T& value)
   at System.Text.Json.Serialization.Metadata.JsonTypeInfo`1.DeserializeAsync[TReadBufferState,TStream](TStream utf8Json, TReadBufferState bufferState, CancellationToken cancellationToken)
   at System.Net.Http.Json.HttpContentJsonExtensions.ReadFromJsonAsyncCore[T](HttpContent content, JsonSerializerOptions options, CancellationToken cancellationToken)
   at SIGMA.Infrastructure.Graph.GraphClientService.BatchGetApplicationOwnerCountsAsync(List`1 appIds, CancellationToken ct) in D:\SIGMA Project\SIGMA-Beta\SIGMA\src\SIGMA.Infrastructure\Graph\GraphClientService.cs:line 548
2026-06-04 16:40:23.171 +05:30 [INF] Start processing HTTP request POST https://graph.microsoft.com/v1.0/$batch
2026-06-04 16:40:23.187 +05:30 [INF] Sending HTTP request POST https://graph.microsoft.com/v1.0/$batch
2026-06-04 16:40:23.311 +05:30 [INF] Received HTTP response headers after 107.5767ms - 200
2026-06-04 16:40:23.332 +05:30 [INF] End processing HTTP request after 161.3033ms - 200
2026-06-04 16:40:23.830 +05:30 [WRN] Failed to batch-fetch owner counts for applications
System.Text.Json.JsonException: The JSON value could not be converted to System.String. Path: $.responses[0].body | LineNumber: 0 | BytePositionInLine: 120.
 ---> System.InvalidOperationException: Cannot get the value of a token type 'StartObject' as a string.
   at System.Text.Json.ThrowHelper.ThrowInvalidOperationException_ExpectedString(JsonTokenType tokenType)
   at System.Text.Json.Utf8JsonReader.GetString()
   at System.Text.Json.Serialization.Metadata.JsonPropertyInfo`1.ReadJsonAndSetMember(Object obj, ReadStack& state, Utf8JsonReader& reader)
   at System.Text.Json.Serialization.Converters.ObjectDefaultConverter`1.OnTryRead(Utf8JsonReader& reader, Type typeToConvert, JsonSerializerOptions options, ReadStack& state, T& value)
   at System.Text.Json.Serialization.JsonConverter`1.TryRead(Utf8JsonReader& reader, Type typeToConvert, JsonSerializerOptions options, ReadStack& state, T& value, Boolean& isPopulatedValue)
   at System.Text.Json.Serialization.JsonCollectionConverter`2.OnTryRead(Utf8JsonReader& reader, Type typeToConvert, JsonSerializerOptions options, ReadStack& state, TCollection& value)
   at System.Text.Json.Serialization.JsonConverter`1.TryRead(Utf8JsonReader& reader, Type typeToConvert, JsonSerializerOptions options, ReadStack& state, T& value, Boolean& isPopulatedValue)
   at System.Text.Json.Serialization.Metadata.JsonPropertyInfo`1.ReadJsonAndSetMember(Object obj, ReadStack& state, Utf8JsonReader& reader)
   at System.Text.Json.Serialization.Converters.ObjectDefaultConverter`1.OnTryRead(Utf8JsonReader& reader, Type typeToConvert, JsonSerializerOptions options, ReadStack& state, T& value)
   at System.Text.Json.Serialization.JsonConverter`1.TryRead(Utf8JsonReader& reader, Type typeToConvert, JsonSerializerOptions options, ReadStack& state, T& value, Boolean& isPopulatedValue)
   at System.Text.Json.Serialization.JsonConverter`1.ReadCore(Utf8JsonReader& reader, T& value, JsonSerializerOptions options, ReadStack& state)
   --- End of inner exception stack trace ---
   at System.Text.Json.ThrowHelper.ReThrowWithPath(ReadStack& state, Utf8JsonReader& reader, Exception ex)
   at System.Text.Json.Serialization.JsonConverter`1.ReadCore(Utf8JsonReader& reader, T& value, JsonSerializerOptions options, ReadStack& state)
   at System.Text.Json.Serialization.Metadata.JsonTypeInfo`1.ContinueDeserialize[TReadBufferState,TStream](TReadBufferState& bufferState, JsonReaderState& jsonReaderState, ReadStack& readStack, T& value)
   at System.Text.Json.Serialization.Metadata.JsonTypeInfo`1.DeserializeAsync[TReadBufferState,TStream](TStream utf8Json, TReadBufferState bufferState, CancellationToken cancellationToken)
   at System.Net.Http.Json.HttpContentJsonExtensions.ReadFromJsonAsyncCore[T](HttpContent content, JsonSerializerOptions options, CancellationToken cancellationToken)
   at SIGMA.Infrastructure.Graph.GraphClientService.BatchGetApplicationOwnerCountsAsync(List`1 appIds, CancellationToken ct) in D:\SIGMA Project\SIGMA-Beta\SIGMA\src\SIGMA.Infrastructure\Graph\GraphClientService.cs:line 548
2026-06-04 16:40:23.870 +05:30 [INF] [Governance] Applications result: IsSuccess=true, Error=null
2026-06-04 16:40:23.884 +05:30 [INF] [Governance] Processing 35 applications...
2026-06-04 16:40:23.902 +05:30 [INF] Start processing HTTP request GET https://graph.microsoft.com/v1.0/applications/0bbdd90f-39c8-4fa3-9b4b-1b2df842c658?*
2026-06-04 16:40:23.923 +05:30 [INF] Sending HTTP request GET https://graph.microsoft.com/v1.0/applications/0bbdd90f-39c8-4fa3-9b4b-1b2df842c658?*
2026-06-04 16:40:23.953 +05:30 [INF] Start processing HTTP request GET https://graph.microsoft.com/v1.0/applications/16390064-665b-46a7-bf00-af9438733c68?*
2026-06-04 16:40:23.971 +05:30 [INF] Sending HTTP request GET https://graph.microsoft.com/v1.0/applications/16390064-665b-46a7-bf00-af9438733c68?*
2026-06-04 16:40:23.993 +05:30 [INF] Start processing HTTP request GET https://graph.microsoft.com/v1.0/applications/168fff38-fb94-4f20-a935-4a12865d277e?*
2026-06-04 16:40:24.010 +05:30 [INF] Sending HTTP request GET https://graph.microsoft.com/v1.0/applications/168fff38-fb94-4f20-a935-4a12865d277e?*
2026-06-04 16:40:24.028 +05:30 [INF] Start processing HTTP request GET https://graph.microsoft.com/v1.0/applications/18683323-1182-42dc-83a1-1679ef2d8ccb?*
2026-06-04 16:40:24.043 +05:30 [INF] Sending HTTP request GET https://graph.microsoft.com/v1.0/applications/18683323-1182-42dc-83a1-1679ef2d8ccb?*
2026-06-04 16:40:24.061 +05:30 [INF] Start processing HTTP request GET https://graph.microsoft.com/v1.0/applications/1dc3420c-79ee-42ad-821e-832881d1359b?*
2026-06-04 16:40:24.077 +05:30 [INF] Sending HTTP request GET https://graph.microsoft.com/v1.0/applications/1dc3420c-79ee-42ad-821e-832881d1359b?*
2026-06-04 16:40:24.091 +05:30 [INF] Start processing HTTP request GET https://graph.microsoft.com/v1.0/applications/211fcada-7373-4adb-91cc-0b7fca809a3c?*
2026-06-04 16:40:24.110 +05:30 [INF] Sending HTTP request GET https://graph.microsoft.com/v1.0/applications/211fcada-7373-4adb-91cc-0b7fca809a3c?*
2026-06-04 16:40:24.128 +05:30 [INF] Start processing HTTP request GET https://graph.microsoft.com/v1.0/applications/41357df4-0eb4-4cad-830f-c67c331165af?*
2026-06-04 16:40:24.152 +05:30 [INF] Sending HTTP request GET https://graph.microsoft.com/v1.0/applications/41357df4-0eb4-4cad-830f-c67c331165af?*
2026-06-04 16:40:24.166 +05:30 [INF] Received HTTP response headers after 176.5331ms - 200
2026-06-04 16:40:24.177 +05:30 [INF] Start processing HTTP request GET https://graph.microsoft.com/v1.0/applications/426fdc27-92f9-4ff5-a261-5140585db6db?*
2026-06-04 16:40:24.195 +05:30 [INF] End processing HTTP request after 241.8773ms - 200
2026-06-04 16:40:24.201 +05:30 [INF] Received HTTP response headers after 252.1304ms - 200
2026-06-04 16:40:24.210 +05:30 [INF] Received HTTP response headers after 183.2982ms - 200
2026-06-04 16:40:24.212 +05:30 [INF] Sending HTTP request GET https://graph.microsoft.com/v1.0/applications/426fdc27-92f9-4ff5-a261-5140585db6db?*
2026-06-04 16:40:24.247 +05:30 [INF] Received HTTP response headers after 186.0741ms - 200
2026-06-04 16:40:24.251 +05:30 [INF] End processing HTTP request after 348.457ms - 200
2026-06-04 16:40:24.269 +05:30 [INF] Received HTTP response headers after 179.7721ms - 200
2026-06-04 16:40:24.270 +05:30 [INF] End processing HTTP request after 277.6669ms - 200
2026-06-04 16:40:24.287 +05:30 [INF] Start processing HTTP request GET https://graph.microsoft.com/v1.0/applications/457436a9-f6b9-491a-b540-34243534784f?*
2026-06-04 16:40:24.303 +05:30 [INF] End processing HTTP request after 275.1769ms - 200
2026-06-04 16:40:24.336 +05:30 [INF] End processing HTTP request after 274.5375ms - 200
2026-06-04 16:40:24.380 +05:30 [INF] Sending HTTP request GET https://graph.microsoft.com/v1.0/applications/457436a9-f6b9-491a-b540-34243534784f?*
2026-06-04 16:40:24.425 +05:30 [INF] Received HTTP response headers after 297.5486ms - 200
2026-06-04 16:40:24.430 +05:30 [INF] Start processing HTTP request GET https://graph.microsoft.com/v1.0/applications/49e2112b-0e2d-4381-b22e-38ca924f0134?*
2026-06-04 16:40:24.447 +05:30 [INF] End processing HTTP request after 356.4665ms - 200
2026-06-04 16:40:24.458 +05:30 [INF] Received HTTP response headers after 281.5171ms - 200
2026-06-04 16:40:24.464 +05:30 [INF] Sending HTTP request GET https://graph.microsoft.com/v1.0/applications/49e2112b-0e2d-4381-b22e-38ca924f0134?*
2026-06-04 16:40:24.505 +05:30 [INF] End processing HTTP request after 376.5314ms - 200
2026-06-04 16:40:24.518 +05:30 [INF] Received HTTP response headers after 231.4695ms - 200
2026-06-04 16:40:24.528 +05:30 [INF] Start processing HTTP request GET https://graph.microsoft.com/v1.0/applications/49e94653-ce8e-473e-9ac7-8da94b59064b?*
2026-06-04 16:40:24.565 +05:30 [INF] End processing HTTP request after 388.1552ms - 200
2026-06-04 16:40:24.584 +05:30 [INF] Sending HTTP request GET https://graph.microsoft.com/v1.0/applications/49e94653-ce8e-473e-9ac7-8da94b59064b?*
2026-06-04 16:40:24.615 +05:30 [INF] Received HTTP response headers after 185.9256ms - 200
2026-06-04 16:40:24.635 +05:30 [INF] Start processing HTTP request GET https://graph.microsoft.com/v1.0/applications/4d6e78f8-1d50-4982-ad74-f739af798409?*
2026-06-04 16:40:24.653 +05:30 [INF] End processing HTTP request after 365.6403ms - 200
2026-06-04 16:40:24.670 +05:30 [INF] Sending HTTP request GET https://graph.microsoft.com/v1.0/applications/4d6e78f8-1d50-4982-ad74-f739af798409?*
2026-06-04 16:40:24.705 +05:30 [INF] Start processing HTTP request GET https://graph.microsoft.com/v1.0/applications/515206c9-45b1-47c8-990d-9eb4c90f1bc9?*
2026-06-04 16:40:24.726 +05:30 [INF] Sending HTTP request GET https://graph.microsoft.com/v1.0/applications/515206c9-45b1-47c8-990d-9eb4c90f1bc9?*
2026-06-04 16:40:24.712 +05:30 [INF] Received HTTP response headers after 184.8638ms - 200
2026-06-04 16:40:24.748 +05:30 [INF] Start processing HTTP request GET https://graph.microsoft.com/v1.0/applications/604d3cea-cc9f-4cec-9767-7b0268a162a6?*
2026-06-04 16:40:24.767 +05:30 [INF] End processing HTTP request after 337.4088ms - 200
2026-06-04 16:40:24.785 +05:30 [INF] Sending HTTP request GET https://graph.microsoft.com/v1.0/applications/604d3cea-cc9f-4cec-9767-7b0268a162a6?*
2026-06-04 16:40:24.815 +05:30 [INF] Received HTTP response headers after 181.0188ms - 200
2026-06-04 16:40:24.825 +05:30 [INF] Received HTTP response headers after 121.1008ms - 200
2026-06-04 16:40:24.832 +05:30 [INF] Start processing HTTP request GET https://graph.microsoft.com/v1.0/applications/68c03ecd-864b-4489-bde4-23da2d863cc9?*
2026-06-04 16:40:24.852 +05:30 [INF] End processing HTTP request after 323.7351ms - 200
2026-06-04 16:40:24.871 +05:30 [INF] End processing HTTP request after 236.3593ms - 200
2026-06-04 16:40:24.878 +05:30 [INF] Received HTTP response headers after 130.4972ms - 200
2026-06-04 16:40:24.892 +05:30 [INF] Sending HTTP request GET https://graph.microsoft.com/v1.0/applications/68c03ecd-864b-4489-bde4-23da2d863cc9?*
2026-06-04 16:40:24.954 +05:30 [INF] End processing HTTP request after 249.2067ms - 200
2026-06-04 16:40:24.974 +05:30 [INF] Start processing HTTP request GET https://graph.microsoft.com/v1.0/applications/742fd072-6b6c-4230-8cf1-6972d7300ad5?*
2026-06-04 16:40:25.011 +05:30 [INF] Sending HTTP request GET https://graph.microsoft.com/v1.0/applications/742fd072-6b6c-4230-8cf1-6972d7300ad5?*
2026-06-04 16:40:25.037 +05:30 [INF] Start processing HTTP request GET https://graph.microsoft.com/v1.0/applications/76127915-56b3-483b-9d5b-c9f79c5637ff?*
2026-06-04 16:40:25.054 +05:30 [INF] Sending HTTP request GET https://graph.microsoft.com/v1.0/applications/76127915-56b3-483b-9d5b-c9f79c5637ff?*
2026-06-04 16:40:25.073 +05:30 [INF] Start processing HTTP request GET https://graph.microsoft.com/v1.0/applications/76521842-1af8-4caf-b658-cc8189f05f86?*
2026-06-04 16:40:25.089 +05:30 [INF] Sending HTTP request GET https://graph.microsoft.com/v1.0/applications/76521842-1af8-4caf-b658-cc8189f05f86?*
2026-06-04 16:40:25.114 +05:30 [INF] Start processing HTTP request GET https://graph.microsoft.com/v1.0/applications/83e59e8b-1583-43c5-aab9-2512ca2aec1d?*
2026-06-04 16:40:25.137 +05:30 [INF] Sending HTTP request GET https://graph.microsoft.com/v1.0/applications/83e59e8b-1583-43c5-aab9-2512ca2aec1d?*
2026-06-04 16:40:25.158 +05:30 [INF] Received HTTP response headers after 326.5468ms - 200
2026-06-04 16:40:25.163 +05:30 [INF] Start processing HTTP request GET https://graph.microsoft.com/v1.0/applications/860a6e19-3808-4bd0-81d8-e4ccc8d7d780?*
2026-06-04 16:40:25.163 +05:30 [INF] Received HTTP response headers after 192.405ms - 200
2026-06-04 16:40:25.183 +05:30 [INF] End processing HTTP request after 435.0018ms - 200
2026-06-04 16:40:25.202 +05:30 [INF] Sending HTTP request GET https://graph.microsoft.com/v1.0/applications/860a6e19-3808-4bd0-81d8-e4ccc8d7d780?*
2026-06-04 16:40:25.228 +05:30 [INF] End processing HTTP request after 395.3599ms - 200
2026-06-04 16:40:25.247 +05:30 [INF] Received HTTP response headers after 211.0949ms - 200
2026-06-04 16:40:25.292 +05:30 [INF] Received HTTP response headers after 220.5985ms - 200
2026-06-04 16:40:25.292 +05:30 [INF] Received HTTP response headers after 130.4351ms - 200
2026-06-04 16:40:25.299 +05:30 [INF] Received HTTP response headers after 185.9094ms - 200
2026-06-04 16:40:25.361 +05:30 [INF] End processing HTTP request after 386.8954ms - 200
2026-06-04 16:40:25.381 +05:30 [INF] End processing HTTP request after 344.3629ms - 200
2026-06-04 16:40:25.401 +05:30 [INF] End processing HTTP request after 286.6782ms - 200
2026-06-04 16:40:25.433 +05:30 [INF] End processing HTTP request after 360.4123ms - 200
2026-06-04 16:40:25.627 +05:30 [INF] Received HTTP response headers after 308.738ms - 200
2026-06-04 16:40:25.649 +05:30 [INF] End processing HTTP request after 485.8099ms - 200
2026-06-04 16:40:25.682 +05:30 [INF] Start processing HTTP request GET https://graph.microsoft.com/v1.0/applications/9c49407c-ffba-46e6-9478-4dc0adb10fb6?*
2026-06-04 16:40:25.714 +05:30 [INF] Sending HTTP request GET https://graph.microsoft.com/v1.0/applications/9c49407c-ffba-46e6-9478-4dc0adb10fb6?*
2026-06-04 16:40:25.733 +05:30 [INF] Start processing HTTP request GET https://graph.microsoft.com/v1.0/applications/b162627b-5d59-45ab-a873-8699ed5c2ad0?*
2026-06-04 16:40:25.749 +05:30 [INF] Sending HTTP request GET https://graph.microsoft.com/v1.0/applications/b162627b-5d59-45ab-a873-8699ed5c2ad0?*
2026-06-04 16:40:25.766 +05:30 [INF] Start processing HTTP request GET https://graph.microsoft.com/v1.0/applications/b26745cd-d8ac-4497-af66-b06ae74a239d?*
2026-06-04 16:40:25.784 +05:30 [INF] Sending HTTP request GET https://graph.microsoft.com/v1.0/applications/b26745cd-d8ac-4497-af66-b06ae74a239d?*
2026-06-04 16:40:25.801 +05:30 [INF] Start processing HTTP request GET https://graph.microsoft.com/v1.0/applications/b78fcfb9-0135-49e3-8a30-3c89f23efd27?*
2026-06-04 16:40:25.819 +05:30 [INF] Sending HTTP request GET https://graph.microsoft.com/v1.0/applications/b78fcfb9-0135-49e3-8a30-3c89f23efd27?*
2026-06-04 16:40:25.842 +05:30 [INF] Start processing HTTP request GET https://graph.microsoft.com/v1.0/applications/bd8e6495-916f-466e-b8ec-6c68b0ca2275?*
2026-06-04 16:40:25.859 +05:30 [INF] Sending HTTP request GET https://graph.microsoft.com/v1.0/applications/bd8e6495-916f-466e-b8ec-6c68b0ca2275?*
2026-06-04 16:40:25.877 +05:30 [INF] Start processing HTTP request GET https://graph.microsoft.com/v1.0/applications/be0929ed-32bf-489d-b7e7-78c410f0eb32?*
2026-06-04 16:40:25.886 +05:30 [INF] Received HTTP response headers after 120.6968ms - 200
2026-06-04 16:40:25.892 +05:30 [INF] Sending HTTP request GET https://graph.microsoft.com/v1.0/applications/be0929ed-32bf-489d-b7e7-78c410f0eb32?*
2026-06-04 16:40:25.916 +05:30 [INF] End processing HTTP request after 182.1311ms - 200
2026-06-04 16:40:25.928 +05:30 [INF] Received HTTP response headers after 195.4099ms - 200
2026-06-04 16:40:25.933 +05:30 [INF] Received HTTP response headers after 132.8919ms - 200
2026-06-04 16:40:25.936 +05:30 [INF] Start processing HTTP request GET https://graph.microsoft.com/v1.0/applications/d8bc9ce0-805e-4f15-abc1-3770664967be?*
2026-06-04 16:40:25.983 +05:30 [INF] End processing HTTP request after 301.3548ms - 200
2026-06-04 16:40:26.011 +05:30 [INF] End processing HTTP request after 244.1871ms - 200
2026-06-04 16:40:26.026 +05:30 [INF] Received HTTP response headers after 186.7981ms - 200
2026-06-04 16:40:26.031 +05:30 [INF] Sending HTTP request GET https://graph.microsoft.com/v1.0/applications/d8bc9ce0-805e-4f15-abc1-3770664967be?*
2026-06-04 16:40:26.061 +05:30 [INF] Received HTTP response headers after 187.8807ms - 200
2026-06-04 16:40:26.108 +05:30 [INF] End processing HTTP request after 306.9804ms - 200
2026-06-04 16:40:26.123 +05:30 [INF] Received HTTP response headers after 188.2573ms - 200
2026-06-04 16:40:26.151 +05:30 [INF] Start processing HTTP request GET https://graph.microsoft.com/v1.0/applications/e6effa40-f02d-43b5-b176-f05c2bd6f9d8?*
2026-06-04 16:40:26.174 +05:30 [INF] End processing HTTP request after 332.3271ms - 200
2026-06-04 16:40:26.215 +05:30 [INF] End processing HTTP request after 340.8878ms - 200
2026-06-04 16:40:26.231 +05:30 [INF] Sending HTTP request GET https://graph.microsoft.com/v1.0/applications/e6effa40-f02d-43b5-b176-f05c2bd6f9d8?*
2026-06-04 16:40:26.288 +05:30 [INF] Start processing HTTP request GET https://graph.microsoft.com/v1.0/applications/e9dd9e09-6245-4451-bbfc-9271397838bd?*
2026-06-04 16:40:26.303 +05:30 [INF] Sending HTTP request GET https://graph.microsoft.com/v1.0/applications/e9dd9e09-6245-4451-bbfc-9271397838bd?*
2026-06-04 16:40:26.319 +05:30 [INF] Start processing HTTP request GET https://graph.microsoft.com/v1.0/applications/ec3e1482-03bc-4b54-bbb2-0098dca6c3d2?*
2026-06-04 16:40:26.332 +05:30 [INF] Received HTTP response headers after 182.3792ms - 200
2026-06-04 16:40:26.335 +05:30 [INF] Sending HTTP request GET https://graph.microsoft.com/v1.0/applications/ec3e1482-03bc-4b54-bbb2-0098dca6c3d2?*
2026-06-04 16:40:26.355 +05:30 [INF] End processing HTTP request after 419.6421ms - 200
2026-06-04 16:40:26.372 +05:30 [INF] Start processing HTTP request GET https://graph.microsoft.com/v1.0/applications/ecf48238-8fe6-442d-ab11-447b07afd79e?*
2026-06-04 16:40:26.407 +05:30 [INF] Sending HTTP request GET https://graph.microsoft.com/v1.0/applications/ecf48238-8fe6-442d-ab11-447b07afd79e?*
2026-06-04 16:40:26.425 +05:30 [INF] Start processing HTTP request GET https://graph.microsoft.com/v1.0/applications/ed787c25-faab-4a75-ba66-d96ad1c32f33?*
2026-06-04 16:40:26.441 +05:30 [INF] Sending HTTP request GET https://graph.microsoft.com/v1.0/applications/ed787c25-faab-4a75-ba66-d96ad1c32f33?*
2026-06-04 16:40:26.458 +05:30 [INF] Start processing HTTP request GET https://graph.microsoft.com/v1.0/applications/f27d50af-8e5d-493b-8503-6cc072e85ee6?*
2026-06-04 16:40:26.477 +05:30 [INF] Received HTTP response headers after 191.1449ms - 200
2026-06-04 16:40:26.480 +05:30 [INF] Sending HTTP request GET https://graph.microsoft.com/v1.0/applications/f27d50af-8e5d-493b-8503-6cc072e85ee6?*
2026-06-04 16:40:26.495 +05:30 [INF] Received HTTP response headers after 177.56ms - 200
2026-06-04 16:40:26.501 +05:30 [INF] End processing HTTP request after 349.8654ms - 200
2026-06-04 16:40:26.581 +05:30 [INF] Received HTTP response headers after 209.999ms - 200
2026-06-04 16:40:26.538 +05:30 [INF] End processing HTTP request after 250.3232ms - 200
2026-06-04 16:40:26.518 +05:30 [INF] Start processing HTTP request GET https://graph.microsoft.com/v1.0/applications/f488bdea-975e-4c19-952b-ba57e2cd2b30?*
2026-06-04 16:40:26.698 +05:30 [INF] Sending HTTP request GET https://graph.microsoft.com/v1.0/applications/f488bdea-975e-4c19-952b-ba57e2cd2b30?*
2026-06-04 16:40:26.641 +05:30 [INF] End processing HTTP request after 322.7331ms - 200
2026-06-04 16:40:26.663 +05:30 [INF] Received HTTP response headers after 205.9206ms - 200
2026-06-04 16:40:26.627 +05:30 [INF] Received HTTP response headers after 202.6912ms - 200
2026-06-04 16:40:26.714 +05:30 [INF] Received HTTP response headers after 196.3498ms - 200
2026-06-04 16:40:26.715 +05:30 [INF] Start processing HTTP request GET https://graph.microsoft.com/v1.0/applications/fc6adfe3-0b18-45e2-9299-2b37b672df0e?*
2026-06-04 16:40:26.754 +05:30 [INF] End processing HTTP request after 329.343ms - 200
2026-06-04 16:40:26.774 +05:30 [INF] End processing HTTP request after 401.5973ms - 200
2026-06-04 16:40:26.794 +05:30 [INF] End processing HTTP request after 335.4858ms - 200
2026-06-04 16:40:26.810 +05:30 [INF] Sending HTTP request GET https://graph.microsoft.com/v1.0/applications/fc6adfe3-0b18-45e2-9299-2b37b672df0e?*
2026-06-04 16:40:26.904 +05:30 [INF] Received HTTP response headers after 189.9716ms - 200
2026-06-04 16:40:26.931 +05:30 [INF] End processing HTTP request after 412.7265ms - 200
2026-06-04 16:40:27.074 +05:30 [INF] Received HTTP response headers after 197.2204ms - 200
2026-06-04 16:40:27.100 +05:30 [INF] End processing HTTP request after 385.4827ms - 200
2026-06-04 16:40:27.157 +05:30 [INF] [Governance] Fetching groups from Graph...
2026-06-04 16:40:27.172 +05:30 [INF] Start processing HTTP request GET https://graph.microsoft.com/v1.0/groups?*
2026-06-04 16:40:27.188 +05:30 [INF] Sending HTTP request GET https://graph.microsoft.com/v1.0/groups?*
2026-06-04 16:40:27.422 +05:30 [INF] Received HTTP response headers after 214.2319ms - 200
2026-06-04 16:40:27.440 +05:30 [INF] End processing HTTP request after 267.5442ms - 200
2026-06-04 16:40:27.540 +05:30 [INF] Start processing HTTP request POST https://graph.microsoft.com/v1.0/$batch
2026-06-04 16:40:27.557 +05:30 [INF] Sending HTTP request POST https://graph.microsoft.com/v1.0/$batch
2026-06-04 16:40:27.581 +05:30 [INF] Start processing HTTP request POST https://graph.microsoft.com/v1.0/$batch
2026-06-04 16:40:27.596 +05:30 [INF] Sending HTTP request POST https://graph.microsoft.com/v1.0/$batch
2026-06-04 16:40:27.689 +05:30 [INF] Received HTTP response headers after 109.9053ms - 200
2026-06-04 16:40:27.720 +05:30 [INF] Received HTTP response headers after 107.2615ms - 200
2026-06-04 16:40:27.746 +05:30 [INF] End processing HTTP request after 206.6315ms - 200
2026-06-04 16:40:27.773 +05:30 [INF] End processing HTTP request after 192.5768ms - 200
2026-06-04 16:40:28.110 +05:30 [WRN] Failed to batch-fetch members counts for groups
System.Text.Json.JsonException: The JSON value could not be converted to System.String. Path: $.responses[0].body | LineNumber: 0 | BytePositionInLine: 119.
 ---> System.InvalidOperationException: Cannot get the value of a token type 'StartObject' as a string.
   at System.Text.Json.ThrowHelper.ThrowInvalidOperationException_ExpectedString(JsonTokenType tokenType)
   at System.Text.Json.Utf8JsonReader.GetString()
   at System.Text.Json.Serialization.Metadata.JsonPropertyInfo`1.ReadJsonAndSetMember(Object obj, ReadStack& state, Utf8JsonReader& reader)
   at System.Text.Json.Serialization.Converters.ObjectDefaultConverter`1.OnTryRead(Utf8JsonReader& reader, Type typeToConvert, JsonSerializerOptions options, ReadStack& state, T& value)
   at System.Text.Json.Serialization.JsonConverter`1.TryRead(Utf8JsonReader& reader, Type typeToConvert, JsonSerializerOptions options, ReadStack& state, T& value, Boolean& isPopulatedValue)
   at System.Text.Json.Serialization.JsonCollectionConverter`2.OnTryRead(Utf8JsonReader& reader, Type typeToConvert, JsonSerializerOptions options, ReadStack& state, TCollection& value)
   at System.Text.Json.Serialization.Metadata.JsonPropertyInfo`1.ReadJsonAndSetMember(Object obj, ReadStack& state, Utf8JsonReader& reader)
   at System.Text.Json.Serialization.Converters.ObjectDefaultConverter`1.OnTryRead(Utf8JsonReader& reader, Type typeToConvert, JsonSerializerOptions options, ReadStack& state, T& value)
   at System.Text.Json.Serialization.JsonConverter`1.ReadCore(Utf8JsonReader& reader, T& value, JsonSerializerOptions options, ReadStack& state)
   --- End of inner exception stack trace ---
   at System.Text.Json.ThrowHelper.ReThrowWithPath(ReadStack& state, Utf8JsonReader& reader, Exception ex)
   at System.Text.Json.Serialization.JsonConverter`1.ReadCore(Utf8JsonReader& reader, T& value, JsonSerializerOptions options, ReadStack& state)
   at System.Text.Json.Serialization.Metadata.JsonTypeInfo`1.ContinueDeserialize[TReadBufferState,TStream](TReadBufferState& bufferState, JsonReaderState& jsonReaderState, ReadStack& readStack, T& value)
   at System.Text.Json.Serialization.Metadata.JsonTypeInfo`1.DeserializeAsync[TReadBufferState,TStream](TStream utf8Json, TReadBufferState bufferState, CancellationToken cancellationToken)
   at System.Net.Http.Json.HttpContentJsonExtensions.ReadFromJsonAsyncCore[T](HttpContent content, JsonSerializerOptions options, CancellationToken cancellationToken)
   at SIGMA.Infrastructure.Graph.GraphClientService.BatchGetNavigationCountAsync(List`1 entityIds, String navigation, CancellationToken ct) in D:\SIGMA Project\SIGMA-Beta\SIGMA\src\SIGMA.Infrastructure\Graph\GraphClientService.cs:line 612
2026-06-04 16:40:28.293 +05:30 [WRN] Failed to batch-fetch owners counts for groups
System.Text.Json.JsonException: The JSON value could not be converted to System.String. Path: $.responses[0].body | LineNumber: 0 | BytePositionInLine: 119.
 ---> System.InvalidOperationException: Cannot get the value of a token type 'StartObject' as a string.
   at System.Text.Json.ThrowHelper.ThrowInvalidOperationException_ExpectedString(JsonTokenType tokenType)
   at System.Text.Json.Utf8JsonReader.GetString()
   at System.Text.Json.Serialization.Metadata.JsonPropertyInfo`1.ReadJsonAndSetMember(Object obj, ReadStack& state, Utf8JsonReader& reader)
   at System.Text.Json.Serialization.Converters.ObjectDefaultConverter`1.OnTryRead(Utf8JsonReader& reader, Type typeToConvert, JsonSerializerOptions options, ReadStack& state, T& value)
   at System.Text.Json.Serialization.JsonConverter`1.TryRead(Utf8JsonReader& reader, Type typeToConvert, JsonSerializerOptions options, ReadStack& state, T& value, Boolean& isPopulatedValue)
   at System.Text.Json.Serialization.JsonCollectionConverter`2.OnTryRead(Utf8JsonReader& reader, Type typeToConvert, JsonSerializerOptions options, ReadStack& state, TCollection& value)
   at System.Text.Json.Serialization.Metadata.JsonPropertyInfo`1.ReadJsonAndSetMember(Object obj, ReadStack& state, Utf8JsonReader& reader)
   at System.Text.Json.Serialization.Converters.ObjectDefaultConverter`1.OnTryRead(Utf8JsonReader& reader, Type typeToConvert, JsonSerializerOptions options, ReadStack& state, T& value)
   at System.Text.Json.Serialization.JsonConverter`1.ReadCore(Utf8JsonReader& reader, T& value, JsonSerializerOptions options, ReadStack& state)
   --- End of inner exception stack trace ---
   at System.Text.Json.ThrowHelper.ReThrowWithPath(ReadStack& state, Utf8JsonReader& reader, Exception ex)
   at System.Text.Json.Serialization.JsonConverter`1.ReadCore(Utf8JsonReader& reader, T& value, JsonSerializerOptions options, ReadStack& state)
   at System.Text.Json.Serialization.Metadata.JsonTypeInfo`1.ContinueDeserialize[TReadBufferState,TStream](TReadBufferState& bufferState, JsonReaderState& jsonReaderState, ReadStack& readStack, T& value)
   at System.Text.Json.Serialization.Metadata.JsonTypeInfo`1.DeserializeAsync[TReadBufferState,TStream](TStream utf8Json, TReadBufferState bufferState, CancellationToken cancellationToken)
   at System.Net.Http.Json.HttpContentJsonExtensions.ReadFromJsonAsyncCore[T](HttpContent content, JsonSerializerOptions options, CancellationToken cancellationToken)
   at SIGMA.Infrastructure.Graph.GraphClientService.BatchGetNavigationCountAsync(List`1 entityIds, String navigation, CancellationToken ct) in D:\SIGMA Project\SIGMA-Beta\SIGMA\src\SIGMA.Infrastructure\Graph\GraphClientService.cs:line 612
2026-06-04 16:40:28.348 +05:30 [INF] [Governance] Groups result: IsSuccess=true, Count=19
2026-06-04 16:40:28.358 +05:30 [INF] [Governance] Found stale empty group: DnsAdmins (created 650 days ago)
2026-06-04 16:40:28.367 +05:30 [INF] [Governance] Found stale empty group: SeniorAdminTrail (created 645 days ago)
2026-06-04 16:40:28.375 +05:30 [INF] [Governance] Found stale empty group: ADSyncAdmins (created 650 days ago)
2026-06-04 16:40:28.383 +05:30 [INF] [Governance] Found stale empty group: MS_SuperStars (created 652 days ago)
2026-06-04 16:40:28.391 +05:30 [INF] [Governance] Found stale empty group: TestDemo (created 103 days ago)
2026-06-04 16:40:28.399 +05:30 [INF] [Governance] Found stale empty group: TrailMS365 (created 652 days ago)
2026-06-04 16:40:28.409 +05:30 [INF] [Governance] Found stale empty group: UserAdmin (created 640 days ago)
2026-06-04 16:40:28.421 +05:30 [INF] [Governance] Found stale empty group: TestGroup1 (created 640 days ago)
2026-06-04 16:40:28.441 +05:30 [INF] [Governance] Found stale empty group: DemoGroup (created 631 days ago)
2026-06-04 16:40:28.461 +05:30 [INF] [Governance] Found stale empty group: JuniorAdmins (created 644 days ago)
2026-06-04 16:40:28.471 +05:30 [INF] [Governance] Found stale empty group: Retail Trail (created 643 days ago)
2026-06-04 16:40:28.492 +05:30 [INF] [Governance] Found stale empty group: ADSyncBrowse (created 650 days ago)
2026-06-04 16:40:28.506 +05:30 [INF] [Governance] Found stale empty group: HelpDeskAdmin (created 640 days ago)
2026-06-04 16:40:28.517 +05:30 [INF] [Governance] Found stale empty group: SalesAndMarketingTrail (created 643 days ago)
2026-06-04 16:40:28.528 +05:30 [INF] [Governance] Found stale empty group: DnsUpdateProxy (created 650 days ago)
2026-06-04 16:40:28.537 +05:30 [INF] [Governance] Found stale empty group: ADSyncPasswordSet (created 650 days ago)
2026-06-04 16:40:28.546 +05:30 [INF] [Governance] Found stale empty group: ADSyncOperators (created 650 days ago)
2026-06-04 16:40:28.559 +05:30 [INF] [Governance] Found stale empty group: TestGroup2 (created 640 days ago)
2026-06-04 16:40:28.570 +05:30 [INF] [Governance] Fetching users from Graph...
2026-06-04 16:40:28.832 +05:30 [INF] Start processing HTTP request GET https://graph.microsoft.com/v1.0/users?*
2026-06-04 16:40:28.857 +05:30 [INF] Sending HTTP request GET https://graph.microsoft.com/v1.0/users?*
2026-06-04 16:40:29.403 +05:30 [INF] Received HTTP response headers after 504.243ms - 200
2026-06-04 16:40:29.422 +05:30 [INF] End processing HTTP request after 590.6551ms - 200
2026-06-04 16:40:29.494 +05:30 [INF] [Governance] Users result: IsSuccess=true, Count=23
2026-06-04 16:40:29.557 +05:30 [INF] [Governance] Final findings count: 108 (Critical=65, Warning=25, Info=18)
2026-06-04 16:40:29.679 +05:30 [WRN] Slow request: GET /api/v1/governance/findings responded 200 in 9633ms
2026-06-04 16:45:51.342 +05:30 [INF] IDX10242: Security token: '[PII of type 'Microsoft.IdentityModel.JsonWebTokens.JsonWebToken' is hidden. For more details, see https://aka.ms/IdentityModel/PII.]' has a valid signature.
2026-06-04 16:45:51.380 +05:30 [INF] IDX10239: Lifetime of the token is valid.
2026-06-04 16:45:51.391 +05:30 [INF] IDX10234: Audience Validated.Audience: 'api://f0ee212a-b836-4f5c-aafe-bee4b0ebfcfb'
2026-06-04 16:45:51.405 +05:30 [INF] IDX10245: Creating claims identity from the validated token: '[PII of type 'Microsoft.IdentityModel.JsonWebTokens.JsonWebToken' is hidden. For more details, see https://aka.ms/IdentityModel/PII.]'.
2026-06-04 16:45:51.463 +05:30 [INF] [Governance] Fetching applications from Graph...
2026-06-04 16:45:51.479 +05:30 [INF] Start processing HTTP request GET https://graph.microsoft.com/v1.0/applications?*
2026-06-04 16:45:51.507 +05:30 [INF] Sending HTTP request GET https://graph.microsoft.com/v1.0/applications?*
2026-06-04 16:45:52.153 +05:30 [INF] Received HTTP response headers after 625.1745ms - 200
2026-06-04 16:45:52.181 +05:30 [INF] End processing HTTP request after 702.0776ms - 200
2026-06-04 16:45:52.237 +05:30 [INF] Start processing HTTP request POST https://graph.microsoft.com/v1.0/$batch
2026-06-04 16:45:52.263 +05:30 [INF] Sending HTTP request POST https://graph.microsoft.com/v1.0/$batch
2026-06-04 16:45:52.406 +05:30 [INF] Received HTTP response headers after 109.7803ms - 200
2026-06-04 16:45:52.444 +05:30 [INF] End processing HTTP request after 206.7643ms - 200
2026-06-04 16:45:52.670 +05:30 [WRN] Failed to batch-fetch owner counts for applications
System.Text.Json.JsonException: The JSON value could not be converted to System.String. Path: $.responses[0].body | LineNumber: 0 | BytePositionInLine: 119.
 ---> System.InvalidOperationException: Cannot get the value of a token type 'StartObject' as a string.
   at System.Text.Json.ThrowHelper.ThrowInvalidOperationException_ExpectedString(JsonTokenType tokenType)
   at System.Text.Json.Utf8JsonReader.GetString()
   at System.Text.Json.Serialization.Metadata.JsonPropertyInfo`1.ReadJsonAndSetMember(Object obj, ReadStack& state, Utf8JsonReader& reader)
   at System.Text.Json.Serialization.Converters.ObjectDefaultConverter`1.OnTryRead(Utf8JsonReader& reader, Type typeToConvert, JsonSerializerOptions options, ReadStack& state, T& value)
   at System.Text.Json.Serialization.JsonConverter`1.TryRead(Utf8JsonReader& reader, Type typeToConvert, JsonSerializerOptions options, ReadStack& state, T& value, Boolean& isPopulatedValue)
   at System.Text.Json.Serialization.JsonCollectionConverter`2.OnTryRead(Utf8JsonReader& reader, Type typeToConvert, JsonSerializerOptions options, ReadStack& state, TCollection& value)
   at System.Text.Json.Serialization.Metadata.JsonPropertyInfo`1.ReadJsonAndSetMember(Object obj, ReadStack& state, Utf8JsonReader& reader)
   at System.Text.Json.Serialization.Converters.ObjectDefaultConverter`1.OnTryRead(Utf8JsonReader& reader, Type typeToConvert, JsonSerializerOptions options, ReadStack& state, T& value)
   at System.Text.Json.Serialization.JsonConverter`1.ReadCore(Utf8JsonReader& reader, T& value, JsonSerializerOptions options, ReadStack& state)
   --- End of inner exception stack trace ---
   at System.Text.Json.ThrowHelper.ReThrowWithPath(ReadStack& state, Utf8JsonReader& reader, Exception ex)
   at System.Text.Json.Serialization.JsonConverter`1.ReadCore(Utf8JsonReader& reader, T& value, JsonSerializerOptions options, ReadStack& state)
   at System.Text.Json.Serialization.Metadata.JsonTypeInfo`1.ContinueDeserialize[TReadBufferState,TStream](TReadBufferState& bufferState, JsonReaderState& jsonReaderState, ReadStack& readStack, T& value)
   at System.Text.Json.Serialization.Metadata.JsonTypeInfo`1.DeserializeAsync[TReadBufferState,TStream](TStream utf8Json, TReadBufferState bufferState, CancellationToken cancellationToken)
   at System.Net.Http.Json.HttpContentJsonExtensions.ReadFromJsonAsyncCore[T](HttpContent content, JsonSerializerOptions options, CancellationToken cancellationToken)
   at SIGMA.Infrastructure.Graph.GraphClientService.BatchGetApplicationOwnerCountsAsync(List`1 appIds, CancellationToken ct) in D:\SIGMA Project\SIGMA-Beta\SIGMA\src\SIGMA.Infrastructure\Graph\GraphClientService.cs:line 548
2026-06-04 16:45:52.723 +05:30 [INF] Start processing HTTP request POST https://graph.microsoft.com/v1.0/$batch
2026-06-04 16:45:52.742 +05:30 [INF] Sending HTTP request POST https://graph.microsoft.com/v1.0/$batch
2026-06-04 16:45:52.864 +05:30 [INF] Received HTTP response headers after 103.0504ms - 200
2026-06-04 16:45:52.888 +05:30 [INF] End processing HTTP request after 164.5339ms - 200
2026-06-04 16:45:53.596 +05:30 [WRN] Failed to batch-fetch owner counts for applications
System.Text.Json.JsonException: The JSON value could not be converted to System.String. Path: $.responses[0].body | LineNumber: 0 | BytePositionInLine: 119.
 ---> System.InvalidOperationException: Cannot get the value of a token type 'StartObject' as a string.
   at System.Text.Json.ThrowHelper.ThrowInvalidOperationException_ExpectedString(JsonTokenType tokenType)
   at System.Text.Json.Utf8JsonReader.GetString()
   at System.Text.Json.Serialization.Metadata.JsonPropertyInfo`1.ReadJsonAndSetMember(Object obj, ReadStack& state, Utf8JsonReader& reader)
   at System.Text.Json.Serialization.Converters.ObjectDefaultConverter`1.OnTryRead(Utf8JsonReader& reader, Type typeToConvert, JsonSerializerOptions options, ReadStack& state, T& value)
   at System.Text.Json.Serialization.JsonConverter`1.TryRead(Utf8JsonReader& reader, Type typeToConvert, JsonSerializerOptions options, ReadStack& state, T& value, Boolean& isPopulatedValue)
   at System.Text.Json.Serialization.JsonCollectionConverter`2.OnTryRead(Utf8JsonReader& reader, Type typeToConvert, JsonSerializerOptions options, ReadStack& state, TCollection& value)
   at System.Text.Json.Serialization.Metadata.JsonPropertyInfo`1.ReadJsonAndSetMember(Object obj, ReadStack& state, Utf8JsonReader& reader)
   at System.Text.Json.Serialization.Converters.ObjectDefaultConverter`1.OnTryRead(Utf8JsonReader& reader, Type typeToConvert, JsonSerializerOptions options, ReadStack& state, T& value)
   at System.Text.Json.Serialization.JsonConverter`1.ReadCore(Utf8JsonReader& reader, T& value, JsonSerializerOptions options, ReadStack& state)
   --- End of inner exception stack trace ---
   at System.Text.Json.ThrowHelper.ReThrowWithPath(ReadStack& state, Utf8JsonReader& reader, Exception ex)
   at System.Text.Json.Serialization.JsonConverter`1.ReadCore(Utf8JsonReader& reader, T& value, JsonSerializerOptions options, ReadStack& state)
   at System.Text.Json.Serialization.Metadata.JsonTypeInfo`1.ContinueDeserialize[TReadBufferState,TStream](TReadBufferState& bufferState, JsonReaderState& jsonReaderState, ReadStack& readStack, T& value)
   at System.Text.Json.Serialization.Metadata.JsonTypeInfo`1.DeserializeAsync[TReadBufferState,TStream](TStream utf8Json, TReadBufferState bufferState, CancellationToken cancellationToken)
   at System.Net.Http.Json.HttpContentJsonExtensions.ReadFromJsonAsyncCore[T](HttpContent content, JsonSerializerOptions options, CancellationToken cancellationToken)
   at SIGMA.Infrastructure.Graph.GraphClientService.BatchGetApplicationOwnerCountsAsync(List`1 appIds, CancellationToken ct) in D:\SIGMA Project\SIGMA-Beta\SIGMA\src\SIGMA.Infrastructure\Graph\GraphClientService.cs:line 548
2026-06-04 16:45:53.633 +05:30 [INF] [Governance] Applications result: IsSuccess=true, Error=null
2026-06-04 16:45:53.643 +05:30 [INF] [Governance] Processing 35 applications...
2026-06-04 16:45:53.653 +05:30 [INF] Start processing HTTP request GET https://graph.microsoft.com/v1.0/applications/0bbdd90f-39c8-4fa3-9b4b-1b2df842c658?*
2026-06-04 16:45:53.669 +05:30 [INF] Sending HTTP request GET https://graph.microsoft.com/v1.0/applications/0bbdd90f-39c8-4fa3-9b4b-1b2df842c658?*
2026-06-04 16:45:53.686 +05:30 [INF] Start processing HTTP request GET https://graph.microsoft.com/v1.0/applications/16390064-665b-46a7-bf00-af9438733c68?*
2026-06-04 16:45:53.702 +05:30 [INF] Sending HTTP request GET https://graph.microsoft.com/v1.0/applications/16390064-665b-46a7-bf00-af9438733c68?*
2026-06-04 16:45:53.738 +05:30 [INF] Start processing HTTP request GET https://graph.microsoft.com/v1.0/applications/168fff38-fb94-4f20-a935-4a12865d277e?*
2026-06-04 16:45:53.767 +05:30 [INF] Sending HTTP request GET https://graph.microsoft.com/v1.0/applications/168fff38-fb94-4f20-a935-4a12865d277e?*
2026-06-04 16:45:53.787 +05:30 [INF] Start processing HTTP request GET https://graph.microsoft.com/v1.0/applications/18683323-1182-42dc-83a1-1679ef2d8ccb?*
2026-06-04 16:45:53.811 +05:30 [INF] Sending HTTP request GET https://graph.microsoft.com/v1.0/applications/18683323-1182-42dc-83a1-1679ef2d8ccb?*
2026-06-04 16:45:53.827 +05:30 [INF] Start processing HTTP request GET https://graph.microsoft.com/v1.0/applications/1dc3420c-79ee-42ad-821e-832881d1359b?*
2026-06-04 16:45:53.850 +05:30 [INF] Sending HTTP request GET https://graph.microsoft.com/v1.0/applications/1dc3420c-79ee-42ad-821e-832881d1359b?*
2026-06-04 16:45:53.874 +05:30 [INF] Received HTTP response headers after 190.0009ms - 200
2026-06-04 16:45:53.886 +05:30 [INF] Start processing HTTP request GET https://graph.microsoft.com/v1.0/applications/211fcada-7373-4adb-91cc-0b7fca809a3c?*
2026-06-04 16:45:53.904 +05:30 [INF] End processing HTTP request after 250.5834ms - 200
2026-06-04 16:45:53.921 +05:30 [INF] Sending HTTP request GET https://graph.microsoft.com/v1.0/applications/211fcada-7373-4adb-91cc-0b7fca809a3c?*
2026-06-04 16:45:53.957 +05:30 [INF] Start processing HTTP request GET https://graph.microsoft.com/v1.0/applications/41357df4-0eb4-4cad-830f-c67c331165af?*
2026-06-04 16:45:53.972 +05:30 [INF] Sending HTTP request GET https://graph.microsoft.com/v1.0/applications/41357df4-0eb4-4cad-830f-c67c331165af?*
2026-06-04 16:45:53.989 +05:30 [INF] Start processing HTTP request GET https://graph.microsoft.com/v1.0/applications/426fdc27-92f9-4ff5-a261-5140585db6db?*
2026-06-04 16:45:54.005 +05:30 [INF] Sending HTTP request GET https://graph.microsoft.com/v1.0/applications/426fdc27-92f9-4ff5-a261-5140585db6db?*
2026-06-04 16:45:54.008 +05:30 [INF] Received HTTP response headers after 221.92ms - 200
2026-06-04 16:45:54.021 +05:30 [INF] Start processing HTTP request GET https://graph.microsoft.com/v1.0/applications/457436a9-f6b9-491a-b540-34243534784f?*
2026-06-04 16:45:54.038 +05:30 [INF] End processing HTTP request after 300.2082ms - 200
2026-06-04 16:45:54.055 +05:30 [INF] Sending HTTP request GET https://graph.microsoft.com/v1.0/applications/457436a9-f6b9-491a-b540-34243534784f?*
2026-06-04 16:45:54.068 +05:30 [INF] Received HTTP response headers after 330.558ms - 200
2026-06-04 16:45:54.091 +05:30 [INF] Start processing HTTP request GET https://graph.microsoft.com/v1.0/applications/49e2112b-0e2d-4381-b22e-38ca924f0134?*
2026-06-04 16:45:54.108 +05:30 [INF] End processing HTTP request after 422.5889ms - 200
2026-06-04 16:45:54.123 +05:30 [INF] Sending HTTP request GET https://graph.microsoft.com/v1.0/applications/49e2112b-0e2d-4381-b22e-38ca924f0134?*
2026-06-04 16:45:54.125 +05:30 [INF] Received HTTP response headers after 297.7864ms - 200
2026-06-04 16:45:54.133 +05:30 [INF] Received HTTP response headers after 247.5991ms - 200
2026-06-04 16:45:54.158 +05:30 [INF] Start processing HTTP request GET https://graph.microsoft.com/v1.0/applications/49e94653-ce8e-473e-9ac7-8da94b59064b?*
2026-06-04 16:45:54.173 +05:30 [INF] Received HTTP response headers after 216.6412ms - 200
2026-06-04 16:45:54.176 +05:30 [INF] End processing HTTP request after 388.8475ms - 200
2026-06-04 16:45:54.200 +05:30 [INF] End processing HTTP request after 372.9312ms - 200
2026-06-04 16:45:54.215 +05:30 [INF] Sending HTTP request GET https://graph.microsoft.com/v1.0/applications/49e94653-ce8e-473e-9ac7-8da94b59064b?*
2026-06-04 16:45:54.227 +05:30 [INF] Received HTTP response headers after 206.0097ms - 200
2026-06-04 16:45:54.231 +05:30 [INF] End processing HTTP request after 344.9513ms - 200
2026-06-04 16:45:54.259 +05:30 [INF] Received HTTP response headers after 270.5297ms - 200
2026-06-04 16:45:54.288 +05:30 [INF] Start processing HTTP request GET https://graph.microsoft.com/v1.0/applications/4d6e78f8-1d50-4982-ad74-f739af798409?*
2026-06-04 16:45:54.308 +05:30 [INF] End processing HTTP request after 319.5227ms - 200
2026-06-04 16:45:54.333 +05:30 [INF] Received HTTP response headers after 242.7319ms - 200
2026-06-04 16:45:54.353 +05:30 [INF] End processing HTTP request after 396.1317ms - 200
2026-06-04 16:45:54.372 +05:30 [INF] Sending HTTP request GET https://graph.microsoft.com/v1.0/applications/4d6e78f8-1d50-4982-ad74-f739af798409?*
2026-06-04 16:45:54.394 +05:30 [INF] Received HTTP response headers after 236.4142ms - 200
2026-06-04 16:45:54.416 +05:30 [INF] End processing HTTP request after 395.1184ms - 200
2026-06-04 16:45:54.470 +05:30 [INF] Start processing HTTP request GET https://graph.microsoft.com/v1.0/applications/515206c9-45b1-47c8-990d-9eb4c90f1bc9?*
2026-06-04 16:45:54.533 +05:30 [INF] Sending HTTP request GET https://graph.microsoft.com/v1.0/applications/515206c9-45b1-47c8-990d-9eb4c90f1bc9?*
2026-06-04 16:45:54.488 +05:30 [INF] End processing HTTP request after 397.8449ms - 200
2026-06-04 16:45:54.488 +05:30 [INF] Received HTTP response headers after 200.309ms - 200
2026-06-04 16:45:54.551 +05:30 [INF] Start processing HTTP request GET https://graph.microsoft.com/v1.0/applications/604d3cea-cc9f-4cec-9767-7b0268a162a6?*
2026-06-04 16:45:54.584 +05:30 [INF] Received HTTP response headers after 114.9269ms - 200
2026-06-04 16:45:54.590 +05:30 [INF] End processing HTTP request after 432.7788ms - 200
2026-06-04 16:45:54.606 +05:30 [INF] Sending HTTP request GET https://graph.microsoft.com/v1.0/applications/604d3cea-cc9f-4cec-9767-7b0268a162a6?*
2026-06-04 16:45:54.623 +05:30 [INF] End processing HTTP request after 334.3422ms - 200
2026-06-04 16:45:54.657 +05:30 [INF] Start processing HTTP request GET https://graph.microsoft.com/v1.0/applications/68c03ecd-864b-4489-bde4-23da2d863cc9?*
2026-06-04 16:45:54.691 +05:30 [INF] Sending HTTP request GET https://graph.microsoft.com/v1.0/applications/68c03ecd-864b-4489-bde4-23da2d863cc9?*
2026-06-04 16:45:54.708 +05:30 [INF] Start processing HTTP request GET https://graph.microsoft.com/v1.0/applications/742fd072-6b6c-4230-8cf1-6972d7300ad5?*
2026-06-04 16:45:54.721 +05:30 [INF] Sending HTTP request GET https://graph.microsoft.com/v1.0/applications/742fd072-6b6c-4230-8cf1-6972d7300ad5?*
2026-06-04 16:45:54.730 +05:30 [INF] Received HTTP response headers after 179.6272ms - 200
2026-06-04 16:45:54.735 +05:30 [INF] Start processing HTTP request GET https://graph.microsoft.com/v1.0/applications/76127915-56b3-483b-9d5b-c9f79c5637ff?*
2026-06-04 16:45:54.754 +05:30 [INF] End processing HTTP request after 283.911ms - 200
2026-06-04 16:45:54.770 +05:30 [INF] Sending HTTP request GET https://graph.microsoft.com/v1.0/applications/76127915-56b3-483b-9d5b-c9f79c5637ff?*
2026-06-04 16:45:54.804 +05:30 [INF] Start processing HTTP request GET https://graph.microsoft.com/v1.0/applications/76521842-1af8-4caf-b658-cc8189f05f86?*
2026-06-04 16:45:54.819 +05:30 [INF] Sending HTTP request GET https://graph.microsoft.com/v1.0/applications/76521842-1af8-4caf-b658-cc8189f05f86?*
2026-06-04 16:45:54.835 +05:30 [INF] Start processing HTTP request GET https://graph.microsoft.com/v1.0/applications/83e59e8b-1583-43c5-aab9-2512ca2aec1d?*
2026-06-04 16:45:54.850 +05:30 [INF] Sending HTTP request GET https://graph.microsoft.com/v1.0/applications/83e59e8b-1583-43c5-aab9-2512ca2aec1d?*
2026-06-04 16:45:54.851 +05:30 [INF] Received HTTP response headers after 194.6283ms - 200
2026-06-04 16:45:54.868 +05:30 [INF] Start processing HTTP request GET https://graph.microsoft.com/v1.0/applications/860a6e19-3808-4bd0-81d8-e4ccc8d7d780?*
2026-06-04 16:45:54.882 +05:30 [INF] End processing HTTP request after 330.5501ms - 200
2026-06-04 16:45:54.896 +05:30 [INF] Sending HTTP request GET https://graph.microsoft.com/v1.0/applications/860a6e19-3808-4bd0-81d8-e4ccc8d7d780?*
2026-06-04 16:45:54.920 +05:30 [INF] Received HTTP response headers after 186.0064ms - 200
2026-06-04 16:45:54.943 +05:30 [INF] End processing HTTP request after 234.8284ms - 200
2026-06-04 16:45:54.979 +05:30 [INF] Received HTTP response headers after 175.2383ms - 200
2026-06-04 16:45:54.988 +05:30 [INF] Received HTTP response headers after 121.2381ms - 200
2026-06-04 16:45:55.016 +05:30 [INF] End processing HTTP request after 281.076ms - 200
2026-06-04 16:45:55.029 +05:30 [INF] Received HTTP response headers after 322.0753ms - 200
2026-06-04 16:45:55.030 +05:30 [INF] Received HTTP response headers after 195.1234ms - 200
2026-06-04 16:45:55.037 +05:30 [INF] End processing HTTP request after 201.6229ms - 200
2026-06-04 16:45:55.073 +05:30 [INF] End processing HTTP request after 415.3855ms - 200
2026-06-04 16:45:55.091 +05:30 [INF] End processing HTTP request after 286.957ms - 200
2026-06-04 16:45:55.119 +05:30 [INF] Received HTTP response headers after 193.0522ms - 200
2026-06-04 16:45:55.256 +05:30 [INF] End processing HTTP request after 387.9605ms - 200
2026-06-04 16:45:55.281 +05:30 [INF] Start processing HTTP request GET https://graph.microsoft.com/v1.0/applications/9c49407c-ffba-46e6-9478-4dc0adb10fb6?*
2026-06-04 16:45:55.302 +05:30 [INF] Sending HTTP request GET https://graph.microsoft.com/v1.0/applications/9c49407c-ffba-46e6-9478-4dc0adb10fb6?*
2026-06-04 16:45:55.323 +05:30 [INF] Start processing HTTP request GET https://graph.microsoft.com/v1.0/applications/b162627b-5d59-45ab-a873-8699ed5c2ad0?*
2026-06-04 16:45:55.345 +05:30 [INF] Sending HTTP request GET https://graph.microsoft.com/v1.0/applications/b162627b-5d59-45ab-a873-8699ed5c2ad0?*
2026-06-04 16:45:55.389 +05:30 [INF] Start processing HTTP request GET https://graph.microsoft.com/v1.0/applications/b26745cd-d8ac-4497-af66-b06ae74a239d?*
2026-06-04 16:45:55.424 +05:30 [INF] Sending HTTP request GET https://graph.microsoft.com/v1.0/applications/b26745cd-d8ac-4497-af66-b06ae74a239d?*
2026-06-04 16:45:55.465 +05:30 [INF] Start processing HTTP request GET https://graph.microsoft.com/v1.0/applications/b78fcfb9-0135-49e3-8a30-3c89f23efd27?*
2026-06-04 16:45:55.491 +05:30 [INF] Sending HTTP request GET https://graph.microsoft.com/v1.0/applications/b78fcfb9-0135-49e3-8a30-3c89f23efd27?*
2026-06-04 16:45:55.521 +05:30 [INF] Start processing HTTP request GET https://graph.microsoft.com/v1.0/applications/bd8e6495-916f-466e-b8ec-6c68b0ca2275?*
2026-06-04 16:45:55.551 +05:30 [INF] Sending HTTP request GET https://graph.microsoft.com/v1.0/applications/bd8e6495-916f-466e-b8ec-6c68b0ca2275?*
2026-06-04 16:45:55.554 +05:30 [INF] Received HTTP response headers after 165.4673ms - 200
2026-06-04 16:45:55.580 +05:30 [INF] Received HTTP response headers after 258.1458ms - 200
2026-06-04 16:45:55.585 +05:30 [INF] Start processing HTTP request GET https://graph.microsoft.com/v1.0/applications/be0929ed-32bf-489d-b7e7-78c410f0eb32?*
2026-06-04 16:45:55.602 +05:30 [INF] End processing HTTP request after 279.4898ms - 200
2026-06-04 16:45:55.623 +05:30 [INF] End processing HTTP request after 341.5193ms - 200
2026-06-04 16:45:55.641 +05:30 [INF] Sending HTTP request GET https://graph.microsoft.com/v1.0/applications/be0929ed-32bf-489d-b7e7-78c410f0eb32?*
2026-06-04 16:45:55.664 +05:30 [INF] Received HTTP response headers after 200.033ms - 200
2026-06-04 16:45:55.699 +05:30 [INF] Received HTTP response headers after 177.9681ms - 200
2026-06-04 16:45:55.707 +05:30 [INF] Start processing HTTP request GET https://graph.microsoft.com/v1.0/applications/d8bc9ce0-805e-4f15-abc1-3770664967be?*
2026-06-04 16:45:55.730 +05:30 [INF] End processing HTTP request after 340.1105ms - 200
2026-06-04 16:45:55.753 +05:30 [INF] End processing HTTP request after 288.2906ms - 200
2026-06-04 16:45:55.774 +05:30 [INF] Sending HTTP request GET https://graph.microsoft.com/v1.0/applications/d8bc9ce0-805e-4f15-abc1-3770664967be?*
2026-06-04 16:45:55.775 +05:30 [INF] Received HTTP response headers after 192.8464ms - 200
2026-06-04 16:45:55.836 +05:30 [INF] Start processing HTTP request GET https://graph.microsoft.com/v1.0/applications/e6effa40-f02d-43b5-b176-f05c2bd6f9d8?*
2026-06-04 16:45:55.856 +05:30 [INF] End processing HTTP request after 334.6651ms - 200
2026-06-04 16:45:55.875 +05:30 [INF] Sending HTTP request GET https://graph.microsoft.com/v1.0/applications/e6effa40-f02d-43b5-b176-f05c2bd6f9d8?*
2026-06-04 16:45:55.887 +05:30 [INF] Received HTTP response headers after 180.5014ms - 200
2026-06-04 16:45:55.933 +05:30 [INF] Start processing HTTP request GET https://graph.microsoft.com/v1.0/applications/e9dd9e09-6245-4451-bbfc-9271397838bd?*
2026-06-04 16:45:55.952 +05:30 [INF] End processing HTTP request after 367.3773ms - 200
2026-06-04 16:45:55.964 +05:30 [INF] Received HTTP response headers after 128.6221ms - 200
2026-06-04 16:45:55.971 +05:30 [INF] Sending HTTP request GET https://graph.microsoft.com/v1.0/applications/e9dd9e09-6245-4451-bbfc-9271397838bd?*
2026-06-04 16:45:56.014 +05:30 [INF] End processing HTTP request after 306.6739ms - 200
2026-06-04 16:45:56.033 +05:30 [INF] Start processing HTTP request GET https://graph.microsoft.com/v1.0/applications/ec3e1482-03bc-4b54-bbb2-0098dca6c3d2?*
2026-06-04 16:45:56.097 +05:30 [INF] Sending HTTP request GET https://graph.microsoft.com/v1.0/applications/ec3e1482-03bc-4b54-bbb2-0098dca6c3d2?*
2026-06-04 16:45:56.110 +05:30 [INF] Received HTTP response headers after 178.8009ms - 200
2026-06-04 16:45:56.121 +05:30 [INF] Start processing HTTP request GET https://graph.microsoft.com/v1.0/applications/ecf48238-8fe6-442d-ab11-447b07afd79e?*
2026-06-04 16:45:56.161 +05:30 [INF] Sending HTTP request GET https://graph.microsoft.com/v1.0/applications/ecf48238-8fe6-442d-ab11-447b07afd79e?*
2026-06-04 16:45:56.143 +05:30 [INF] End processing HTTP request after 306.5927ms - 200
2026-06-04 16:45:56.183 +05:30 [INF] Start processing HTTP request GET https://graph.microsoft.com/v1.0/applications/ed787c25-faab-4a75-ba66-d96ad1c32f33?*
2026-06-04 16:45:56.214 +05:30 [INF] Received HTTP response headers after 181.765ms - 200
2026-06-04 16:45:56.220 +05:30 [INF] Sending HTTP request GET https://graph.microsoft.com/v1.0/applications/ed787c25-faab-4a75-ba66-d96ad1c32f33?*
2026-06-04 16:45:56.238 +05:30 [INF] End processing HTTP request after 305.5109ms - 200
2026-06-04 16:45:56.240 +05:30 [INF] Received HTTP response headers after 121.2372ms - 200
2026-06-04 16:45:56.254 +05:30 [INF] Start processing HTTP request GET https://graph.microsoft.com/v1.0/applications/f27d50af-8e5d-493b-8503-6cc072e85ee6?*
2026-06-04 16:45:56.288 +05:30 [INF] End processing HTTP request after 254.9294ms - 200
2026-06-04 16:45:56.303 +05:30 [INF] Sending HTTP request GET https://graph.microsoft.com/v1.0/applications/f27d50af-8e5d-493b-8503-6cc072e85ee6?*
2026-06-04 16:45:56.337 +05:30 [INF] Start processing HTTP request GET https://graph.microsoft.com/v1.0/applications/f488bdea-975e-4c19-952b-ba57e2cd2b30?*
2026-06-04 16:45:56.352 +05:30 [INF] Sending HTTP request GET https://graph.microsoft.com/v1.0/applications/f488bdea-975e-4c19-952b-ba57e2cd2b30?*
2026-06-04 16:45:56.364 +05:30 [INF] Received HTTP response headers after 182.4944ms - 200
2026-06-04 16:45:56.367 +05:30 [INF] Start processing HTTP request GET https://graph.microsoft.com/v1.0/applications/fc6adfe3-0b18-45e2-9299-2b37b672df0e?*
2026-06-04 16:45:56.386 +05:30 [INF] End processing HTTP request after 265.5302ms - 200
2026-06-04 16:45:56.401 +05:30 [INF] Sending HTTP request GET https://graph.microsoft.com/v1.0/applications/fc6adfe3-0b18-45e2-9299-2b37b672df0e?*
2026-06-04 16:45:56.484 +05:30 [INF] Received HTTP response headers after 230.8898ms - 200
2026-06-04 16:45:56.501 +05:30 [INF] End processing HTTP request after 318.9375ms - 200
2026-06-04 16:45:56.517 +05:30 [INF] Received HTTP response headers after 180.8897ms - 200
2026-06-04 16:45:56.538 +05:30 [INF] End processing HTTP request after 283.6504ms - 200
2026-06-04 16:45:56.547 +05:30 [INF] Received HTTP response headers after 180.1122ms - 200
2026-06-04 16:45:56.573 +05:30 [INF] End processing HTTP request after 236.5809ms - 200
2026-06-04 16:45:56.606 +05:30 [INF] Received HTTP response headers after 172.4984ms - 200
2026-06-04 16:45:56.624 +05:30 [INF] End processing HTTP request after 256.9335ms - 200
2026-06-04 16:45:56.642 +05:30 [INF] [Governance] Fetching groups from Graph...
2026-06-04 16:45:56.651 +05:30 [INF] Start processing HTTP request GET https://graph.microsoft.com/v1.0/groups?*
2026-06-04 16:45:56.667 +05:30 [INF] Sending HTTP request GET https://graph.microsoft.com/v1.0/groups?*
2026-06-04 16:45:56.873 +05:30 [INF] Received HTTP response headers after 190.0048ms - 200
2026-06-04 16:45:56.896 +05:30 [INF] End processing HTTP request after 244.8693ms - 200
2026-06-04 16:45:56.917 +05:30 [INF] Start processing HTTP request POST https://graph.microsoft.com/v1.0/$batch
2026-06-04 16:45:56.933 +05:30 [INF] Sending HTTP request POST https://graph.microsoft.com/v1.0/$batch
2026-06-04 16:45:56.951 +05:30 [INF] Start processing HTTP request POST https://graph.microsoft.com/v1.0/$batch
2026-06-04 16:45:56.967 +05:30 [INF] Sending HTTP request POST https://graph.microsoft.com/v1.0/$batch
2026-06-04 16:45:57.070 +05:30 [INF] Received HTTP response headers after 120.6349ms - 200
2026-06-04 16:45:57.085 +05:30 [INF] Received HTTP response headers after 103.545ms - 200
2026-06-04 16:45:57.091 +05:30 [INF] End processing HTTP request after 173.7478ms - 200
2026-06-04 16:45:57.108 +05:30 [INF] End processing HTTP request after 157.3043ms - 200
2026-06-04 16:45:57.461 +05:30 [WRN] Failed to batch-fetch owners counts for groups
System.Text.Json.JsonException: The JSON value could not be converted to System.String. Path: $.responses[0].body | LineNumber: 0 | BytePositionInLine: 120.
 ---> System.InvalidOperationException: Cannot get the value of a token type 'StartObject' as a string.
   at System.Text.Json.ThrowHelper.ThrowInvalidOperationException_ExpectedString(JsonTokenType tokenType)
   at System.Text.Json.Utf8JsonReader.GetString()
   at System.Text.Json.Serialization.Metadata.JsonPropertyInfo`1.ReadJsonAndSetMember(Object obj, ReadStack& state, Utf8JsonReader& reader)
   at System.Text.Json.Serialization.Converters.ObjectDefaultConverter`1.OnTryRead(Utf8JsonReader& reader, Type typeToConvert, JsonSerializerOptions options, ReadStack& state, T& value)
   at System.Text.Json.Serialization.JsonConverter`1.TryRead(Utf8JsonReader& reader, Type typeToConvert, JsonSerializerOptions options, ReadStack& state, T& value, Boolean& isPopulatedValue)
   at System.Text.Json.Serialization.JsonCollectionConverter`2.OnTryRead(Utf8JsonReader& reader, Type typeToConvert, JsonSerializerOptions options, ReadStack& state, TCollection& value)
   at System.Text.Json.Serialization.Metadata.JsonPropertyInfo`1.ReadJsonAndSetMember(Object obj, ReadStack& state, Utf8JsonReader& reader)
   at System.Text.Json.Serialization.Converters.ObjectDefaultConverter`1.OnTryRead(Utf8JsonReader& reader, Type typeToConvert, JsonSerializerOptions options, ReadStack& state, T& value)
   at System.Text.Json.Serialization.JsonConverter`1.ReadCore(Utf8JsonReader& reader, T& value, JsonSerializerOptions options, ReadStack& state)
   --- End of inner exception stack trace ---
   at System.Text.Json.ThrowHelper.ReThrowWithPath(ReadStack& state, Utf8JsonReader& reader, Exception ex)
   at System.Text.Json.Serialization.JsonConverter`1.ReadCore(Utf8JsonReader& reader, T& value, JsonSerializerOptions options, ReadStack& state)
   at System.Text.Json.Serialization.Metadata.JsonTypeInfo`1.DeserializeAsync[TReadBufferState,TStream](TStream utf8Json, TReadBufferState bufferState, CancellationToken cancellationToken)
   at System.Net.Http.Json.HttpContentJsonExtensions.ReadFromJsonAsyncCore[T](HttpContent content, JsonSerializerOptions options, CancellationToken cancellationToken)
   at SIGMA.Infrastructure.Graph.GraphClientService.BatchGetNavigationCountAsync(List`1 entityIds, String navigation, CancellationToken ct) in D:\SIGMA Project\SIGMA-Beta\SIGMA\src\SIGMA.Infrastructure\Graph\GraphClientService.cs:line 612
2026-06-04 16:45:57.945 +05:30 [WRN] Failed to batch-fetch members counts for groups
System.Text.Json.JsonException: The JSON value could not be converted to System.String. Path: $.responses[0].body | LineNumber: 0 | BytePositionInLine: 119.
 ---> System.InvalidOperationException: Cannot get the value of a token type 'StartObject' as a string.
   at System.Text.Json.ThrowHelper.ThrowInvalidOperationException_ExpectedString(JsonTokenType tokenType)
   at System.Text.Json.Utf8JsonReader.GetString()
   at System.Text.Json.Serialization.Metadata.JsonPropertyInfo`1.ReadJsonAndSetMember(Object obj, ReadStack& state, Utf8JsonReader& reader)
   at System.Text.Json.Serialization.Converters.ObjectDefaultConverter`1.OnTryRead(Utf8JsonReader& reader, Type typeToConvert, JsonSerializerOptions options, ReadStack& state, T& value)
   at System.Text.Json.Serialization.JsonConverter`1.TryRead(Utf8JsonReader& reader, Type typeToConvert, JsonSerializerOptions options, ReadStack& state, T& value, Boolean& isPopulatedValue)
   at System.Text.Json.Serialization.JsonCollectionConverter`2.OnTryRead(Utf8JsonReader& reader, Type typeToConvert, JsonSerializerOptions options, ReadStack& state, TCollection& value)
   at System.Text.Json.Serialization.Metadata.JsonPropertyInfo`1.ReadJsonAndSetMember(Object obj, ReadStack& state, Utf8JsonReader& reader)
   at System.Text.Json.Serialization.Converters.ObjectDefaultConverter`1.OnTryRead(Utf8JsonReader& reader, Type typeToConvert, JsonSerializerOptions options, ReadStack& state, T& value)
   at System.Text.Json.Serialization.JsonConverter`1.ReadCore(Utf8JsonReader& reader, T& value, JsonSerializerOptions options, ReadStack& state)
   --- End of inner exception stack trace ---
   at System.Text.Json.ThrowHelper.ReThrowWithPath(ReadStack& state, Utf8JsonReader& reader, Exception ex)
   at System.Text.Json.Serialization.JsonConverter`1.ReadCore(Utf8JsonReader& reader, T& value, JsonSerializerOptions options, ReadStack& state)
   at System.Text.Json.Serialization.Metadata.JsonTypeInfo`1.DeserializeAsync[TReadBufferState,TStream](TStream utf8Json, TReadBufferState bufferState, CancellationToken cancellationToken)
   at System.Net.Http.Json.HttpContentJsonExtensions.ReadFromJsonAsyncCore[T](HttpContent content, JsonSerializerOptions options, CancellationToken cancellationToken)
   at SIGMA.Infrastructure.Graph.GraphClientService.BatchGetNavigationCountAsync(List`1 entityIds, String navigation, CancellationToken ct) in D:\SIGMA Project\SIGMA-Beta\SIGMA\src\SIGMA.Infrastructure\Graph\GraphClientService.cs:line 612
2026-06-04 16:45:58.000 +05:30 [INF] [Governance] Groups result: IsSuccess=true, Count=19
2026-06-04 16:45:58.043 +05:30 [INF] [Governance] Found stale empty group: DnsAdmins (created 650 days ago)
2026-06-04 16:45:58.053 +05:30 [INF] [Governance] Found stale empty group: SeniorAdminTrail (created 645 days ago)
2026-06-04 16:45:58.066 +05:30 [INF] [Governance] Found stale empty group: ADSyncAdmins (created 650 days ago)
2026-06-04 16:45:58.081 +05:30 [INF] [Governance] Found stale empty group: MS_SuperStars (created 652 days ago)
2026-06-04 16:45:58.092 +05:30 [INF] [Governance] Found stale empty group: TestDemo (created 103 days ago)
2026-06-04 16:45:58.106 +05:30 [INF] [Governance] Found stale empty group: TrailMS365 (created 652 days ago)
2026-06-04 16:45:58.118 +05:30 [INF] [Governance] Found stale empty group: UserAdmin (created 640 days ago)
2026-06-04 16:45:58.143 +05:30 [INF] [Governance] Found stale empty group: TestGroup1 (created 640 days ago)
2026-06-04 16:45:58.208 +05:30 [INF] [Governance] Found stale empty group: DemoGroup (created 631 days ago)
2026-06-04 16:45:58.231 +05:30 [INF] [Governance] Found stale empty group: JuniorAdmins (created 644 days ago)
2026-06-04 16:45:58.250 +05:30 [INF] [Governance] Found stale empty group: Retail Trail (created 643 days ago)
2026-06-04 16:45:58.265 +05:30 [INF] [Governance] Found stale empty group: ADSyncBrowse (created 650 days ago)
2026-06-04 16:45:58.282 +05:30 [INF] [Governance] Found stale empty group: HelpDeskAdmin (created 640 days ago)
2026-06-04 16:45:58.301 +05:30 [INF] [Governance] Found stale empty group: SalesAndMarketingTrail (created 643 days ago)
2026-06-04 16:45:58.327 +05:30 [INF] [Governance] Found stale empty group: DnsUpdateProxy (created 650 days ago)
2026-06-04 16:45:58.345 +05:30 [INF] [Governance] Found stale empty group: ADSyncPasswordSet (created 650 days ago)
2026-06-04 16:45:58.366 +05:30 [INF] [Governance] Found stale empty group: ADSyncOperators (created 650 days ago)
2026-06-04 16:45:58.381 +05:30 [INF] [Governance] Found stale empty group: TestGroup2 (created 640 days ago)
2026-06-04 16:45:58.402 +05:30 [INF] [Governance] Fetching users from Graph...
2026-06-04 16:45:58.423 +05:30 [INF] Start processing HTTP request GET https://graph.microsoft.com/v1.0/users?*
2026-06-04 16:45:58.442 +05:30 [INF] Sending HTTP request GET https://graph.microsoft.com/v1.0/users?*
2026-06-04 16:45:58.665 +05:30 [INF] Received HTTP response headers after 204.3885ms - 200
2026-06-04 16:45:58.694 +05:30 [INF] End processing HTTP request after 270.8564ms - 200
2026-06-04 16:45:58.735 +05:30 [INF] [Governance] Users result: IsSuccess=true, Count=23
2026-06-04 16:45:58.752 +05:30 [INF] [Governance] Final findings count: 108 (Critical=65, Warning=25, Info=18)
2026-06-04 16:45:58.775 +05:30 [WRN] Slow request: GET /api/v1/governance/findings responded 200 in 7434ms
2026-06-04 16:46:08.055 +05:30 [WRN] Slow request: GET /hubs/sigma responded 101 in 369502ms
2026-06-04 16:54:29.382 +05:30 [WRN] Overriding address(es) 'http://0.0.0.0:5107'. Binding to endpoints defined via IConfiguration and/or UseKestrel() instead.
2026-06-04 16:54:29.734 +05:30 [INF] Now listening on: http://0.0.0.0:5107
2026-06-04 16:54:30.301 +05:30 [INF] Application started. Press Ctrl+C to shut down.
2026-06-04 16:54:30.411 +05:30 [INF] Hosting environment: Development
2026-06-04 16:54:30.414 +05:30 [INF] Content root path: D:\SIGMA Project\SIGMA-Beta\SIGMA\src\SIGMA.Api
2026-06-04 16:56:45.723 +05:30 [INF] Request: GET /swagger/index.html responded 304 in 359ms
2026-06-04 16:56:48.103 +05:30 [INF] Request: GET /swagger/index.css responded 200 in 78ms
2026-06-04 16:56:48.104 +05:30 [INF] Request: GET /swagger/swagger-ui.css responded 200 in 78ms
2026-06-04 16:56:48.149 +05:30 [INF] Request: GET /swagger/swagger-ui-standalone-preset.js responded 200 in 21ms
2026-06-04 16:56:48.249 +05:30 [INF] Request: GET /swagger/swagger-ui-bundle.js responded 200 in 133ms
2026-06-04 16:56:48.252 +05:30 [INF] Request: GET /swagger/index.js responded 200 in 84ms
2026-06-04 16:56:49.911 +05:30 [INF] Request: GET /swagger/favicon-32x32.png responded 200 in 4ms
2026-06-04 16:56:53.310 +05:30 [WRN] Slow request: GET /openapi/v1.json responded 200 in 3681ms
2026-06-04 16:58:11.896 +05:30 [INF] Microsoft.IdentityModel Version: 8.18.0.0. Date 06/04/2026 11:28:11. PII logging is OFF. See https://aka.ms/IdentityModel/PII for details. 
IDX10242: Security token: '[PII of type 'Microsoft.IdentityModel.JsonWebTokens.JsonWebToken' is hidden. For more details, see https://aka.ms/IdentityModel/PII.]' has a valid signature.
2026-06-04 16:58:11.896 +05:30 [INF] Microsoft.IdentityModel Version: 8.18.0.0. Date 06/04/2026 11:28:11. PII logging is OFF. See https://aka.ms/IdentityModel/PII for details. 
IDX10242: Security token: '[PII of type 'Microsoft.IdentityModel.JsonWebTokens.JsonWebToken' is hidden. For more details, see https://aka.ms/IdentityModel/PII.]' has a valid signature.
2026-06-04 16:58:11.962 +05:30 [INF] IDX10239: Lifetime of the token is valid.
2026-06-04 16:58:11.962 +05:30 [INF] IDX10239: Lifetime of the token is valid.
2026-06-04 16:58:12.001 +05:30 [INF] IDX10234: Audience Validated.Audience: 'api://f0ee212a-b836-4f5c-aafe-bee4b0ebfcfb'
2026-06-04 16:58:12.001 +05:30 [INF] IDX10234: Audience Validated.Audience: 'api://f0ee212a-b836-4f5c-aafe-bee4b0ebfcfb'
2026-06-04 16:58:12.469 +05:30 [INF] IDX10245: Creating claims identity from the validated token: '[PII of type 'Microsoft.IdentityModel.JsonWebTokens.JsonWebToken' is hidden. For more details, see https://aka.ms/IdentityModel/PII.]'.
2026-06-04 16:58:12.469 +05:30 [INF] IDX10245: Creating claims identity from the validated token: '[PII of type 'Microsoft.IdentityModel.JsonWebTokens.JsonWebToken' is hidden. For more details, see https://aka.ms/IdentityModel/PII.]'.
2026-06-04 16:58:15.275 +05:30 [INF] Start processing HTTP request GET https://graph.microsoft.com/v1.0/organization
2026-06-04 16:58:15.318 +05:30 [INF] Sending HTTP request GET https://graph.microsoft.com/v1.0/organization
2026-06-04 16:58:15.717 +05:30 [INF] Received HTTP response headers after 360.2795ms - 200
2026-06-04 16:58:15.785 +05:30 [INF] End processing HTTP request after 516.4466ms - 200
2026-06-04 16:58:15.921 +05:30 [INF] Start processing HTTP request GET https://graph.microsoft.com/v1.0/users?*
2026-06-04 16:58:15.951 +05:30 [INF] Sending HTTP request GET https://graph.microsoft.com/v1.0/users?*
2026-06-04 16:58:16.012 +05:30 [INF] Start processing HTTP request GET https://graph.microsoft.com/v1.0/groups?*
2026-06-04 16:58:16.033 +05:30 [INF] Sending HTTP request GET https://graph.microsoft.com/v1.0/groups?*
2026-06-04 16:58:16.052 +05:30 [INF] Start processing HTTP request GET https://graph.microsoft.com/v1.0/applications?*
2026-06-04 16:58:16.072 +05:30 [INF] Sending HTTP request GET https://graph.microsoft.com/v1.0/applications?*
2026-06-04 16:58:16.101 +05:30 [INF] Start processing HTTP request GET https://graph.microsoft.com/v1.0/servicePrincipals?*
2026-06-04 16:58:16.132 +05:30 [INF] Sending HTTP request GET https://graph.microsoft.com/v1.0/servicePrincipals?*
2026-06-04 16:58:16.154 +05:30 [INF] Start processing HTTP request GET https://graph.microsoft.com/v1.0/devices?*
2026-06-04 16:58:16.189 +05:30 [INF] Received HTTP response headers after 184.288ms - 200
2026-06-04 16:58:16.225 +05:30 [INF] End processing HTTP request after 305.1053ms - 200
2026-06-04 16:58:16.206 +05:30 [INF] Sending HTTP request GET https://graph.microsoft.com/v1.0/devices?*
2026-06-04 16:58:16.278 +05:30 [INF] Start processing HTTP request GET https://graph.microsoft.com/v1.0/subscribedSkus
2026-06-04 16:58:16.295 +05:30 [INF] Sending HTTP request GET https://graph.microsoft.com/v1.0/subscribedSkus
2026-06-04 16:58:16.399 +05:30 [INF] Received HTTP response headers after 299.1052ms - 200
2026-06-04 16:58:16.412 +05:30 [INF] Received HTTP response headers after 360.9147ms - 200
2026-06-04 16:58:16.429 +05:30 [INF] End processing HTTP request after 376.7057ms - 200
2026-06-04 16:58:16.450 +05:30 [INF] End processing HTTP request after 437.9936ms - 200
2026-06-04 16:58:16.472 +05:30 [INF] Received HTTP response headers after 318.9426ms - 200
2026-06-04 16:58:16.478 +05:30 [INF] Received HTTP response headers after 204.6983ms - 200
2026-06-04 16:58:16.561 +05:30 [INF] End processing HTTP request after 407.0875ms - 200
2026-06-04 16:58:16.536 +05:30 [INF] End processing HTTP request after 435.528ms - 200
2026-06-04 16:58:16.647 +05:30 [INF] Received HTTP response headers after 336.3092ms - 200
2026-06-04 16:58:16.701 +05:30 [INF] End processing HTTP request after 422.2727ms - 200
2026-06-04 16:58:16.812 +05:30 [WRN] Slow request: GET /api/v1/entra/tenant responded 200 in 6945ms
2026-06-04 16:58:35.903 +05:30 [INF] IDX10242: Security token: '[PII of type 'Microsoft.IdentityModel.JsonWebTokens.JsonWebToken' is hidden. For more details, see https://aka.ms/IdentityModel/PII.]' has a valid signature.
2026-06-04 16:58:35.918 +05:30 [INF] IDX10239: Lifetime of the token is valid.
2026-06-04 16:58:35.933 +05:30 [INF] IDX10234: Audience Validated.Audience: 'api://f0ee212a-b836-4f5c-aafe-bee4b0ebfcfb'
2026-06-04 16:58:35.947 +05:30 [INF] IDX10245: Creating claims identity from the validated token: '[PII of type 'Microsoft.IdentityModel.JsonWebTokens.JsonWebToken' is hidden. For more details, see https://aka.ms/IdentityModel/PII.]'.
2026-06-04 16:58:36.099 +05:30 [INF] [Governance] Fetching applications from Graph...
2026-06-04 16:58:36.133 +05:30 [INF] Start processing HTTP request GET https://graph.microsoft.com/v1.0/applications?*
2026-06-04 16:58:36.157 +05:30 [INF] Sending HTTP request GET https://graph.microsoft.com/v1.0/applications?*
2026-06-04 16:58:36.378 +05:30 [INF] Received HTTP response headers after 195.4219ms - 200
2026-06-04 16:58:36.398 +05:30 [INF] End processing HTTP request after 264.4425ms - 200
2026-06-04 16:58:36.715 +05:30 [INF] Start processing HTTP request POST https://graph.microsoft.com/v1.0/$batch
2026-06-04 16:58:36.733 +05:30 [INF] Sending HTTP request POST https://graph.microsoft.com/v1.0/$batch
2026-06-04 16:58:36.865 +05:30 [INF] Received HTTP response headers after 114.5998ms - 200
2026-06-04 16:58:36.895 +05:30 [INF] End processing HTTP request after 179.5057ms - 200
2026-06-04 16:58:37.532 +05:30 [WRN] Failed to batch-fetch owner counts for applications
System.Text.Json.JsonException: The JSON value could not be converted to System.String. Path: $.responses[0].body | LineNumber: 0 | BytePositionInLine: 119.
 ---> System.InvalidOperationException: Cannot get the value of a token type 'StartObject' as a string.
   at System.Text.Json.ThrowHelper.ThrowInvalidOperationException_ExpectedString(JsonTokenType tokenType)
   at System.Text.Json.Utf8JsonReader.GetString()
   at System.Text.Json.Serialization.Metadata.JsonPropertyInfo`1.ReadJsonAndSetMember(Object obj, ReadStack& state, Utf8JsonReader& reader)
   at System.Text.Json.Serialization.Converters.ObjectDefaultConverter`1.OnTryRead(Utf8JsonReader& reader, Type typeToConvert, JsonSerializerOptions options, ReadStack& state, T& value)
   at System.Text.Json.Serialization.JsonConverter`1.TryRead(Utf8JsonReader& reader, Type typeToConvert, JsonSerializerOptions options, ReadStack& state, T& value, Boolean& isPopulatedValue)
   at System.Text.Json.Serialization.JsonCollectionConverter`2.OnTryRead(Utf8JsonReader& reader, Type typeToConvert, JsonSerializerOptions options, ReadStack& state, TCollection& value)
   at System.Text.Json.Serialization.JsonConverter`1.TryRead(Utf8JsonReader& reader, Type typeToConvert, JsonSerializerOptions options, ReadStack& state, T& value, Boolean& isPopulatedValue)
   at System.Text.Json.Serialization.Metadata.JsonPropertyInfo`1.ReadJsonAndSetMember(Object obj, ReadStack& state, Utf8JsonReader& reader)
   at System.Text.Json.Serialization.Converters.ObjectDefaultConverter`1.OnTryRead(Utf8JsonReader& reader, Type typeToConvert, JsonSerializerOptions options, ReadStack& state, T& value)
   at System.Text.Json.Serialization.JsonConverter`1.TryRead(Utf8JsonReader& reader, Type typeToConvert, JsonSerializerOptions options, ReadStack& state, T& value, Boolean& isPopulatedValue)
   at System.Text.Json.Serialization.JsonConverter`1.ReadCore(Utf8JsonReader& reader, T& value, JsonSerializerOptions options, ReadStack& state)
   --- End of inner exception stack trace ---
   at System.Text.Json.ThrowHelper.ReThrowWithPath(ReadStack& state, Utf8JsonReader& reader, Exception ex)
   at System.Text.Json.Serialization.JsonConverter`1.ReadCore(Utf8JsonReader& reader, T& value, JsonSerializerOptions options, ReadStack& state)
   at System.Text.Json.Serialization.Metadata.JsonTypeInfo`1.ContinueDeserialize[TReadBufferState,TStream](TReadBufferState& bufferState, JsonReaderState& jsonReaderState, ReadStack& readStack, T& value)
   at System.Text.Json.Serialization.Metadata.JsonTypeInfo`1.DeserializeAsync[TReadBufferState,TStream](TStream utf8Json, TReadBufferState bufferState, CancellationToken cancellationToken)
   at System.Net.Http.Json.HttpContentJsonExtensions.ReadFromJsonAsyncCore[T](HttpContent content, JsonSerializerOptions options, CancellationToken cancellationToken)
   at SIGMA.Infrastructure.Graph.GraphClientService.BatchGetApplicationOwnerCountsAsync(List`1 appIds, CancellationToken ct) in D:\SIGMA Project\SIGMA-Beta\SIGMA\src\SIGMA.Infrastructure\Graph\GraphClientService.cs:line 548
2026-06-04 16:58:37.703 +05:30 [INF] Start processing HTTP request POST https://graph.microsoft.com/v1.0/$batch
2026-06-04 16:58:37.719 +05:30 [INF] Sending HTTP request POST https://graph.microsoft.com/v1.0/$batch
2026-06-04 16:58:37.854 +05:30 [INF] Received HTTP response headers after 115.754ms - 200
2026-06-04 16:58:37.877 +05:30 [INF] End processing HTTP request after 174.3506ms - 200
2026-06-04 16:58:38.107 +05:30 [WRN] Failed to batch-fetch owner counts for applications
System.Text.Json.JsonException: The JSON value could not be converted to System.String. Path: $.responses[0].body | LineNumber: 0 | BytePositionInLine: 120.
 ---> System.InvalidOperationException: Cannot get the value of a token type 'StartObject' as a string.
   at System.Text.Json.ThrowHelper.ThrowInvalidOperationException_ExpectedString(JsonTokenType tokenType)
   at System.Text.Json.Utf8JsonReader.GetString()
   at System.Text.Json.Serialization.Metadata.JsonPropertyInfo`1.ReadJsonAndSetMember(Object obj, ReadStack& state, Utf8JsonReader& reader)
   at System.Text.Json.Serialization.Converters.ObjectDefaultConverter`1.OnTryRead(Utf8JsonReader& reader, Type typeToConvert, JsonSerializerOptions options, ReadStack& state, T& value)
   at System.Text.Json.Serialization.JsonConverter`1.TryRead(Utf8JsonReader& reader, Type typeToConvert, JsonSerializerOptions options, ReadStack& state, T& value, Boolean& isPopulatedValue)
   at System.Text.Json.Serialization.JsonCollectionConverter`2.OnTryRead(Utf8JsonReader& reader, Type typeToConvert, JsonSerializerOptions options, ReadStack& state, TCollection& value)
   at System.Text.Json.Serialization.JsonConverter`1.TryRead(Utf8JsonReader& reader, Type typeToConvert, JsonSerializerOptions options, ReadStack& state, T& value, Boolean& isPopulatedValue)
   at System.Text.Json.Serialization.Metadata.JsonPropertyInfo`1.ReadJsonAndSetMember(Object obj, ReadStack& state, Utf8JsonReader& reader)
   at System.Text.Json.Serialization.Converters.ObjectDefaultConverter`1.OnTryRead(Utf8JsonReader& reader, Type typeToConvert, JsonSerializerOptions options, ReadStack& state, T& value)
   at System.Text.Json.Serialization.JsonConverter`1.TryRead(Utf8JsonReader& reader, Type typeToConvert, JsonSerializerOptions options, ReadStack& state, T& value, Boolean& isPopulatedValue)
   at System.Text.Json.Serialization.JsonConverter`1.ReadCore(Utf8JsonReader& reader, T& value, JsonSerializerOptions options, ReadStack& state)
   --- End of inner exception stack trace ---
   at System.Text.Json.ThrowHelper.ReThrowWithPath(ReadStack& state, Utf8JsonReader& reader, Exception ex)
   at System.Text.Json.Serialization.JsonConverter`1.ReadCore(Utf8JsonReader& reader, T& value, JsonSerializerOptions options, ReadStack& state)
   at System.Text.Json.Serialization.Metadata.JsonTypeInfo`1.ContinueDeserialize[TReadBufferState,TStream](TReadBufferState& bufferState, JsonReaderState& jsonReaderState, ReadStack& readStack, T& value)
   at System.Text.Json.Serialization.Metadata.JsonTypeInfo`1.DeserializeAsync[TReadBufferState,TStream](TStream utf8Json, TReadBufferState bufferState, CancellationToken cancellationToken)
   at System.Net.Http.Json.HttpContentJsonExtensions.ReadFromJsonAsyncCore[T](HttpContent content, JsonSerializerOptions options, CancellationToken cancellationToken)
   at SIGMA.Infrastructure.Graph.GraphClientService.BatchGetApplicationOwnerCountsAsync(List`1 appIds, CancellationToken ct) in D:\SIGMA Project\SIGMA-Beta\SIGMA\src\SIGMA.Infrastructure\Graph\GraphClientService.cs:line 548
2026-06-04 16:58:38.144 +05:30 [INF] [Governance] Applications result: IsSuccess=true, Error=null
2026-06-04 16:58:38.154 +05:30 [INF] [Governance] Processing 35 applications...
2026-06-04 16:58:38.177 +05:30 [INF] Start processing HTTP request GET https://graph.microsoft.com/v1.0/applications/0bbdd90f-39c8-4fa3-9b4b-1b2df842c658?*
2026-06-04 16:58:38.194 +05:30 [INF] Sending HTTP request GET https://graph.microsoft.com/v1.0/applications/0bbdd90f-39c8-4fa3-9b4b-1b2df842c658?*
2026-06-04 16:58:38.216 +05:30 [INF] Start processing HTTP request GET https://graph.microsoft.com/v1.0/applications/16390064-665b-46a7-bf00-af9438733c68?*
2026-06-04 16:58:38.233 +05:30 [INF] Sending HTTP request GET https://graph.microsoft.com/v1.0/applications/16390064-665b-46a7-bf00-af9438733c68?*
2026-06-04 16:58:38.251 +05:30 [INF] Start processing HTTP request GET https://graph.microsoft.com/v1.0/applications/168fff38-fb94-4f20-a935-4a12865d277e?*
2026-06-04 16:58:38.268 +05:30 [INF] Sending HTTP request GET https://graph.microsoft.com/v1.0/applications/168fff38-fb94-4f20-a935-4a12865d277e?*
2026-06-04 16:58:38.285 +05:30 [INF] Start processing HTTP request GET https://graph.microsoft.com/v1.0/applications/18683323-1182-42dc-83a1-1679ef2d8ccb?*
2026-06-04 16:58:38.302 +05:30 [INF] Sending HTTP request GET https://graph.microsoft.com/v1.0/applications/18683323-1182-42dc-83a1-1679ef2d8ccb?*
2026-06-04 16:58:38.320 +05:30 [INF] Start processing HTTP request GET https://graph.microsoft.com/v1.0/applications/1dc3420c-79ee-42ad-821e-832881d1359b?*
2026-06-04 16:58:38.337 +05:30 [INF] Sending HTTP request GET https://graph.microsoft.com/v1.0/applications/1dc3420c-79ee-42ad-821e-832881d1359b?*
2026-06-04 16:58:38.358 +05:30 [INF] Start processing HTTP request GET https://graph.microsoft.com/v1.0/applications/211fcada-7373-4adb-91cc-0b7fca809a3c?*
2026-06-04 16:58:38.384 +05:30 [INF] Sending HTTP request GET https://graph.microsoft.com/v1.0/applications/211fcada-7373-4adb-91cc-0b7fca809a3c?*
2026-06-04 16:58:38.403 +05:30 [INF] Start processing HTTP request GET https://graph.microsoft.com/v1.0/applications/41357df4-0eb4-4cad-830f-c67c331165af?*
2026-06-04 16:58:38.411 +05:30 [INF] Received HTTP response headers after 199.3651ms - 200
2026-06-04 16:58:38.440 +05:30 [INF] End processing HTTP request after 263.3195ms - 200
2026-06-04 16:58:38.431 +05:30 [INF] Received HTTP response headers after 181.005ms - 200
2026-06-04 16:58:38.461 +05:30 [INF] Received HTTP response headers after 176.7912ms - 200
2026-06-04 16:58:38.506 +05:30 [INF] End processing HTTP request after 255.4385ms - 200
2026-06-04 16:58:38.475 +05:30 [INF] Received HTTP response headers after 121.3884ms - 200
2026-06-04 16:58:38.485 +05:30 [INF] End processing HTTP request after 268.9949ms - 200
2026-06-04 16:58:38.420 +05:30 [INF] Sending HTTP request GET https://graph.microsoft.com/v1.0/applications/41357df4-0eb4-4cad-830f-c67c331165af?*
2026-06-04 16:58:38.519 +05:30 [INF] Received HTTP response headers after 200.4354ms - 200
2026-06-04 16:58:38.543 +05:30 [INF] End processing HTTP request after 223.7062ms - 200
2026-06-04 16:58:38.581 +05:30 [INF] Start processing HTTP request GET https://graph.microsoft.com/v1.0/applications/426fdc27-92f9-4ff5-a261-5140585db6db?*
2026-06-04 16:58:38.599 +05:30 [INF] End processing HTTP request after 314.2711ms - 200
2026-06-04 16:58:38.641 +05:30 [INF] Sending HTTP request GET https://graph.microsoft.com/v1.0/applications/426fdc27-92f9-4ff5-a261-5140585db6db?*
2026-06-04 16:58:38.659 +05:30 [INF] Received HTTP response headers after 256.6568ms - 200
2026-06-04 16:58:38.678 +05:30 [INF] Start processing HTTP request GET https://graph.microsoft.com/v1.0/applications/457436a9-f6b9-491a-b540-34243534784f?*
2026-06-04 16:58:38.696 +05:30 [INF] End processing HTTP request after 338.7495ms - 200
2026-06-04 16:58:38.708 +05:30 [INF] Received HTTP response headers after 127.6941ms - 200
2026-06-04 16:58:38.713 +05:30 [INF] Sending HTTP request GET https://graph.microsoft.com/v1.0/applications/457436a9-f6b9-491a-b540-34243534784f?*
2026-06-04 16:58:38.762 +05:30 [INF] End processing HTTP request after 358.247ms - 200
2026-06-04 16:58:38.779 +05:30 [INF] Start processing HTTP request GET https://graph.microsoft.com/v1.0/applications/49e2112b-0e2d-4381-b22e-38ca924f0134?*
2026-06-04 16:58:38.793 +05:30 [INF] Received HTTP response headers after 115.0777ms - 200
2026-06-04 16:58:38.814 +05:30 [INF] Sending HTTP request GET https://graph.microsoft.com/v1.0/applications/49e2112b-0e2d-4381-b22e-38ca924f0134?*
2026-06-04 16:58:38.840 +05:30 [INF] End processing HTTP request after 258.7609ms - 200
2026-06-04 16:58:38.862 +05:30 [INF] Start processing HTTP request GET https://graph.microsoft.com/v1.0/applications/49e94653-ce8e-473e-9ac7-8da94b59064b?*
2026-06-04 16:58:38.902 +05:30 [INF] Sending HTTP request GET https://graph.microsoft.com/v1.0/applications/49e94653-ce8e-473e-9ac7-8da94b59064b?*
2026-06-04 16:58:38.923 +05:30 [INF] Start processing HTTP request GET https://graph.microsoft.com/v1.0/applications/4d6e78f8-1d50-4982-ad74-f739af798409?*
2026-06-04 16:58:38.941 +05:30 [INF] Sending HTTP request GET https://graph.microsoft.com/v1.0/applications/4d6e78f8-1d50-4982-ad74-f739af798409?*
2026-06-04 16:58:38.960 +05:30 [INF] Start processing HTTP request GET https://graph.microsoft.com/v1.0/applications/515206c9-45b1-47c8-990d-9eb4c90f1bc9?*
2026-06-04 16:58:38.975 +05:30 [INF] Received HTTP response headers after 196.7082ms - 200
2026-06-04 16:58:38.980 +05:30 [INF] Sending HTTP request GET https://graph.microsoft.com/v1.0/applications/515206c9-45b1-47c8-990d-9eb4c90f1bc9?*
2026-06-04 16:58:38.999 +05:30 [INF] End processing HTTP request after 320.6671ms - 200
2026-06-04 16:58:39.016 +05:30 [INF] Start processing HTTP request GET https://graph.microsoft.com/v1.0/applications/604d3cea-cc9f-4cec-9767-7b0268a162a6?*
2026-06-04 16:58:39.053 +05:30 [INF] Sending HTTP request GET https://graph.microsoft.com/v1.0/applications/604d3cea-cc9f-4cec-9767-7b0268a162a6?*
2026-06-04 16:58:39.062 +05:30 [INF] Received HTTP response headers after 201.9586ms - 200
2026-06-04 16:58:39.070 +05:30 [INF] Start processing HTTP request GET https://graph.microsoft.com/v1.0/applications/68c03ecd-864b-4489-bde4-23da2d863cc9?*
2026-06-04 16:58:39.081 +05:30 [INF] Received HTTP response headers after 121.7148ms - 200
2026-06-04 16:58:39.089 +05:30 [INF] End processing HTTP request after 309.9312ms - 200
2026-06-04 16:58:39.102 +05:30 [INF] Received HTTP response headers after 182.1034ms - 200
2026-06-04 16:58:39.106 +05:30 [INF] Sending HTTP request GET https://graph.microsoft.com/v1.0/applications/68c03ecd-864b-4489-bde4-23da2d863cc9?*
2026-06-04 16:58:39.125 +05:30 [INF] End processing HTTP request after 201.9264ms - 200
2026-06-04 16:58:39.140 +05:30 [INF] Received HTTP response headers after 124.5637ms - 200
2026-06-04 16:58:39.174 +05:30 [INF] End processing HTTP request after 311.8403ms - 200
2026-06-04 16:58:39.192 +05:30 [INF] Start processing HTTP request GET https://graph.microsoft.com/v1.0/applications/742fd072-6b6c-4230-8cf1-6972d7300ad5?*
2026-06-04 16:58:39.228 +05:30 [INF] End processing HTTP request after 268.2469ms - 200
2026-06-04 16:58:39.264 +05:30 [INF] Received HTTP response headers after 194.7649ms - 200
2026-06-04 16:58:39.264 +05:30 [INF] Sending HTTP request GET https://graph.microsoft.com/v1.0/applications/742fd072-6b6c-4230-8cf1-6972d7300ad5?*
2026-06-04 16:58:39.302 +05:30 [INF] End processing HTTP request after 285.6197ms - 200
2026-06-04 16:58:39.322 +05:30 [INF] Start processing HTTP request GET https://graph.microsoft.com/v1.0/applications/76127915-56b3-483b-9d5b-c9f79c5637ff?*
2026-06-04 16:58:39.359 +05:30 [INF] Sending HTTP request GET https://graph.microsoft.com/v1.0/applications/76127915-56b3-483b-9d5b-c9f79c5637ff?*
2026-06-04 16:58:39.393 +05:30 [INF] Received HTTP response headers after 202.3652ms - 200
2026-06-04 16:58:39.398 +05:30 [INF] Start processing HTTP request GET https://graph.microsoft.com/v1.0/applications/76521842-1af8-4caf-b658-cc8189f05f86?*
2026-06-04 16:58:39.416 +05:30 [INF] End processing HTTP request after 346.0745ms - 200
2026-06-04 16:58:39.433 +05:30 [INF] Sending HTTP request GET https://graph.microsoft.com/v1.0/applications/76521842-1af8-4caf-b658-cc8189f05f86?*
2026-06-04 16:58:39.435 +05:30 [INF] Received HTTP response headers after 115.9685ms - 200
2026-06-04 16:58:39.477 +05:30 [INF] Start processing HTTP request GET https://graph.microsoft.com/v1.0/applications/83e59e8b-1583-43c5-aab9-2512ca2aec1d?*
2026-06-04 16:58:39.506 +05:30 [INF] End processing HTTP request after 314.291ms - 200
2026-06-04 16:58:39.523 +05:30 [INF] Sending HTTP request GET https://graph.microsoft.com/v1.0/applications/83e59e8b-1583-43c5-aab9-2512ca2aec1d?*
2026-06-04 16:58:39.559 +05:30 [INF] Start processing HTTP request GET https://graph.microsoft.com/v1.0/applications/860a6e19-3808-4bd0-81d8-e4ccc8d7d780?*
2026-06-04 16:58:39.576 +05:30 [INF] Sending HTTP request GET https://graph.microsoft.com/v1.0/applications/860a6e19-3808-4bd0-81d8-e4ccc8d7d780?*
2026-06-04 16:58:39.595 +05:30 [INF] Received HTTP response headers after 198.7423ms - 200
2026-06-04 16:58:39.634 +05:30 [INF] End processing HTTP request after 312.7988ms - 200
2026-06-04 16:58:39.677 +05:30 [INF] Received HTTP response headers after 201.8919ms - 200
2026-06-04 16:58:39.699 +05:30 [INF] End processing HTTP request after 301.2095ms - 200
2026-06-04 16:58:39.716 +05:30 [INF] Received HTTP response headers after 122.4021ms - 200
2026-06-04 16:58:39.738 +05:30 [INF] Received HTTP response headers after 179.56ms - 200
2026-06-04 16:58:39.740 +05:30 [INF] End processing HTTP request after 181.274ms - 200
2026-06-04 16:58:39.759 +05:30 [INF] End processing HTTP request after 282.3905ms - 200
2026-06-04 16:58:39.801 +05:30 [INF] Start processing HTTP request GET https://graph.microsoft.com/v1.0/applications/9c49407c-ffba-46e6-9478-4dc0adb10fb6?*
2026-06-04 16:58:39.818 +05:30 [INF] Sending HTTP request GET https://graph.microsoft.com/v1.0/applications/9c49407c-ffba-46e6-9478-4dc0adb10fb6?*
2026-06-04 16:58:39.835 +05:30 [INF] Start processing HTTP request GET https://graph.microsoft.com/v1.0/applications/b162627b-5d59-45ab-a873-8699ed5c2ad0?*
2026-06-04 16:58:39.851 +05:30 [INF] Sending HTTP request GET https://graph.microsoft.com/v1.0/applications/b162627b-5d59-45ab-a873-8699ed5c2ad0?*
2026-06-04 16:58:39.870 +05:30 [INF] Start processing HTTP request GET https://graph.microsoft.com/v1.0/applications/b26745cd-d8ac-4497-af66-b06ae74a239d?*
2026-06-04 16:58:39.893 +05:30 [INF] Sending HTTP request GET https://graph.microsoft.com/v1.0/applications/b26745cd-d8ac-4497-af66-b06ae74a239d?*
2026-06-04 16:58:39.912 +05:30 [INF] Start processing HTTP request GET https://graph.microsoft.com/v1.0/applications/b78fcfb9-0135-49e3-8a30-3c89f23efd27?*
2026-06-04 16:58:39.930 +05:30 [INF] Sending HTTP request GET https://graph.microsoft.com/v1.0/applications/b78fcfb9-0135-49e3-8a30-3c89f23efd27?*
2026-06-04 16:58:39.943 +05:30 [INF] Received HTTP response headers after 109.393ms - 200
2026-06-04 16:58:39.947 +05:30 [INF] Start processing HTTP request GET https://graph.microsoft.com/v1.0/applications/bd8e6495-916f-466e-b8ec-6c68b0ca2275?*
2026-06-04 16:58:39.965 +05:30 [INF] End processing HTTP request after 163.4447ms - 200
2026-06-04 16:58:39.981 +05:30 [INF] Sending HTTP request GET https://graph.microsoft.com/v1.0/applications/bd8e6495-916f-466e-b8ec-6c68b0ca2275?*
2026-06-04 16:58:40.003 +05:30 [INF] Received HTTP response headers after 135.5276ms - 200
2026-06-04 16:58:40.019 +05:30 [INF] Start processing HTTP request GET https://graph.microsoft.com/v1.0/applications/be0929ed-32bf-489d-b7e7-78c410f0eb32?*
2026-06-04 16:58:40.039 +05:30 [INF] End processing HTTP request after 203.9784ms - 200
2026-06-04 16:58:40.056 +05:30 [INF] Sending HTTP request GET https://graph.microsoft.com/v1.0/applications/be0929ed-32bf-489d-b7e7-78c410f0eb32?*
2026-06-04 16:58:40.093 +05:30 [INF] Start processing HTTP request GET https://graph.microsoft.com/v1.0/applications/d8bc9ce0-805e-4f15-abc1-3770664967be?*
2026-06-04 16:58:40.104 +05:30 [INF] Received HTTP response headers after 193.0249ms - 200
2026-06-04 16:58:40.110 +05:30 [INF] Sending HTTP request GET https://graph.microsoft.com/v1.0/applications/d8bc9ce0-805e-4f15-abc1-3770664967be?*
2026-06-04 16:58:40.137 +05:30 [INF] End processing HTTP request after 267.4243ms - 200
2026-06-04 16:58:40.141 +05:30 [INF] Received HTTP response headers after 194.5557ms - 200
2026-06-04 16:58:40.155 +05:30 [INF] Start processing HTTP request GET https://graph.microsoft.com/v1.0/applications/e6effa40-f02d-43b5-b176-f05c2bd6f9d8?*
2026-06-04 16:58:40.191 +05:30 [INF] End processing HTTP request after 278.6896ms - 200
2026-06-04 16:58:40.207 +05:30 [INF] Sending HTTP request GET https://graph.microsoft.com/v1.0/applications/e6effa40-f02d-43b5-b176-f05c2bd6f9d8?*
2026-06-04 16:58:40.208 +05:30 [INF] Received HTTP response headers after 190.1523ms - 200
2026-06-04 16:58:40.208 +05:30 [INF] Received HTTP response headers after 116.2078ms - 200
2026-06-04 16:58:40.244 +05:30 [INF] Start processing HTTP request GET https://graph.microsoft.com/v1.0/applications/e9dd9e09-6245-4451-bbfc-9271397838bd?*
2026-06-04 16:58:40.263 +05:30 [INF] End processing HTTP request after 315.3146ms - 200
2026-06-04 16:58:40.270 +05:30 [INF] Received HTTP response headers after 116.2877ms - 200
2026-06-04 16:58:40.282 +05:30 [INF] End processing HTTP request after 263.2927ms - 200
2026-06-04 16:58:40.300 +05:30 [INF] Sending HTTP request GET https://graph.microsoft.com/v1.0/applications/e9dd9e09-6245-4451-bbfc-9271397838bd?*
2026-06-04 16:58:40.338 +05:30 [INF] End processing HTTP request after 245.4112ms - 200
2026-06-04 16:58:40.374 +05:30 [INF] Start processing HTTP request GET https://graph.microsoft.com/v1.0/applications/ec3e1482-03bc-4b54-bbb2-0098dca6c3d2?*
2026-06-04 16:58:40.409 +05:30 [INF] Sending HTTP request GET https://graph.microsoft.com/v1.0/applications/ec3e1482-03bc-4b54-bbb2-0098dca6c3d2?*
2026-06-04 16:58:40.426 +05:30 [INF] Start processing HTTP request GET https://graph.microsoft.com/v1.0/applications/ecf48238-8fe6-442d-ab11-447b07afd79e?*
2026-06-04 16:58:40.442 +05:30 [INF] Received HTTP response headers after 198.3609ms - 200
2026-06-04 16:58:40.449 +05:30 [INF] Sending HTTP request GET https://graph.microsoft.com/v1.0/applications/ecf48238-8fe6-442d-ab11-447b07afd79e?*
2026-06-04 16:58:40.471 +05:30 [INF] End processing HTTP request after 315.9809ms - 200
2026-06-04 16:58:40.489 +05:30 [INF] Start processing HTTP request GET https://graph.microsoft.com/v1.0/applications/ed787c25-faab-4a75-ba66-d96ad1c32f33?*
2026-06-04 16:58:40.496 +05:30 [INF] Received HTTP response headers after 122.6974ms - 200
2026-06-04 16:58:40.523 +05:30 [INF] Sending HTTP request GET https://graph.microsoft.com/v1.0/applications/ed787c25-faab-4a75-ba66-d96ad1c32f33?*
2026-06-04 16:58:40.541 +05:30 [INF] End processing HTTP request after 296.5163ms - 200
2026-06-04 16:58:40.558 +05:30 [INF] Start processing HTTP request GET https://graph.microsoft.com/v1.0/applications/f27d50af-8e5d-493b-8503-6cc072e85ee6?*
2026-06-04 16:58:40.593 +05:30 [INF] Sending HTTP request GET https://graph.microsoft.com/v1.0/applications/f27d50af-8e5d-493b-8503-6cc072e85ee6?*
2026-06-04 16:58:40.611 +05:30 [INF] Start processing HTTP request GET https://graph.microsoft.com/v1.0/applications/f488bdea-975e-4c19-952b-ba57e2cd2b30?*
2026-06-04 16:58:40.628 +05:30 [INF] Sending HTTP request GET https://graph.microsoft.com/v1.0/applications/f488bdea-975e-4c19-952b-ba57e2cd2b30?*
2026-06-04 16:58:40.646 +05:30 [INF] Start processing HTTP request GET https://graph.microsoft.com/v1.0/applications/fc6adfe3-0b18-45e2-9299-2b37b672df0e?*
2026-06-04 16:58:40.661 +05:30 [INF] Received HTTP response headers after 235.7882ms - 200
2026-06-04 16:58:40.664 +05:30 [INF] Sending HTTP request GET https://graph.microsoft.com/v1.0/applications/fc6adfe3-0b18-45e2-9299-2b37b672df0e?*
2026-06-04 16:58:40.679 +05:30 [INF] Received HTTP response headers after 191.626ms - 200
2026-06-04 16:58:40.689 +05:30 [INF] End processing HTTP request after 315.2471ms - 200
2026-06-04 16:58:40.724 +05:30 [INF] End processing HTTP request after 297.4763ms - 200
2026-06-04 16:58:40.743 +05:30 [INF] Received HTTP response headers after 185.6311ms - 200
2026-06-04 16:58:40.783 +05:30 [INF] End processing HTTP request after 294.751ms - 200
2026-06-04 16:58:40.805 +05:30 [INF] Received HTTP response headers after 194.6ms - 200
2026-06-04 16:58:40.824 +05:30 [INF] End processing HTTP request after 265.8835ms - 200
2026-06-04 16:58:40.844 +05:30 [INF] Received HTTP response headers after 199.0258ms - 200
2026-06-04 16:58:40.864 +05:30 [INF] End processing HTTP request after 252.7614ms - 200
2026-06-04 16:58:40.883 +05:30 [INF] Received HTTP response headers after 177.4606ms - 200
2026-06-04 16:58:40.909 +05:30 [INF] End processing HTTP request after 262.9051ms - 200
2026-06-04 16:58:40.928 +05:30 [INF] [Governance] Fetching groups from Graph...
2026-06-04 16:58:40.942 +05:30 [INF] Start processing HTTP request GET https://graph.microsoft.com/v1.0/groups?*
2026-06-04 16:58:40.960 +05:30 [INF] Sending HTTP request GET https://graph.microsoft.com/v1.0/groups?*
2026-06-04 16:58:41.127 +05:30 [INF] Received HTTP response headers after 151.2951ms - 200
2026-06-04 16:58:41.145 +05:30 [INF] End processing HTTP request after 203.5294ms - 200
2026-06-04 16:58:41.193 +05:30 [INF] Start processing HTTP request POST https://graph.microsoft.com/v1.0/$batch
2026-06-04 16:58:41.215 +05:30 [INF] Sending HTTP request POST https://graph.microsoft.com/v1.0/$batch
2026-06-04 16:58:41.235 +05:30 [INF] Start processing HTTP request POST https://graph.microsoft.com/v1.0/$batch
2026-06-04 16:58:41.249 +05:30 [INF] Sending HTTP request POST https://graph.microsoft.com/v1.0/$batch
2026-06-04 16:58:41.357 +05:30 [INF] Received HTTP response headers after 125.9881ms - 200
2026-06-04 16:58:41.376 +05:30 [INF] End processing HTTP request after 183.9158ms - 200
2026-06-04 16:58:41.382 +05:30 [INF] Received HTTP response headers after 113.2308ms - 200
2026-06-04 16:58:41.418 +05:30 [INF] End processing HTTP request after 182.5009ms - 200
2026-06-04 16:58:41.609 +05:30 [WRN] Failed to batch-fetch members counts for groups
System.Text.Json.JsonException: The JSON value could not be converted to System.String. Path: $.responses[0].body | LineNumber: 0 | BytePositionInLine: 120.
 ---> System.InvalidOperationException: Cannot get the value of a token type 'StartObject' as a string.
   at System.Text.Json.ThrowHelper.ThrowInvalidOperationException_ExpectedString(JsonTokenType tokenType)
   at System.Text.Json.Utf8JsonReader.GetString()
   at System.Text.Json.Serialization.Metadata.JsonPropertyInfo`1.ReadJsonAndSetMember(Object obj, ReadStack& state, Utf8JsonReader& reader)
   at System.Text.Json.Serialization.Converters.ObjectDefaultConverter`1.OnTryRead(Utf8JsonReader& reader, Type typeToConvert, JsonSerializerOptions options, ReadStack& state, T& value)
   at System.Text.Json.Serialization.JsonConverter`1.TryRead(Utf8JsonReader& reader, Type typeToConvert, JsonSerializerOptions options, ReadStack& state, T& value, Boolean& isPopulatedValue)
   at System.Text.Json.Serialization.JsonCollectionConverter`2.OnTryRead(Utf8JsonReader& reader, Type typeToConvert, JsonSerializerOptions options, ReadStack& state, TCollection& value)
   at System.Text.Json.Serialization.JsonConverter`1.TryRead(Utf8JsonReader& reader, Type typeToConvert, JsonSerializerOptions options, ReadStack& state, T& value, Boolean& isPopulatedValue)
   at System.Text.Json.Serialization.Metadata.JsonPropertyInfo`1.ReadJsonAndSetMember(Object obj, ReadStack& state, Utf8JsonReader& reader)
   at System.Text.Json.Serialization.Converters.ObjectDefaultConverter`1.OnTryRead(Utf8JsonReader& reader, Type typeToConvert, JsonSerializerOptions options, ReadStack& state, T& value)
   at System.Text.Json.Serialization.JsonConverter`1.TryRead(Utf8JsonReader& reader, Type typeToConvert, JsonSerializerOptions options, ReadStack& state, T& value, Boolean& isPopulatedValue)
   at System.Text.Json.Serialization.JsonConverter`1.ReadCore(Utf8JsonReader& reader, T& value, JsonSerializerOptions options, ReadStack& state)
   --- End of inner exception stack trace ---
   at System.Text.Json.ThrowHelper.ReThrowWithPath(ReadStack& state, Utf8JsonReader& reader, Exception ex)
   at System.Text.Json.Serialization.JsonConverter`1.ReadCore(Utf8JsonReader& reader, T& value, JsonSerializerOptions options, ReadStack& state)
   at System.Text.Json.Serialization.Metadata.JsonTypeInfo`1.ContinueDeserialize[TReadBufferState,TStream](TReadBufferState& bufferState, JsonReaderState& jsonReaderState, ReadStack& readStack, T& value)
   at System.Text.Json.Serialization.Metadata.JsonTypeInfo`1.DeserializeAsync[TReadBufferState,TStream](TStream utf8Json, TReadBufferState bufferState, CancellationToken cancellationToken)
   at System.Net.Http.Json.HttpContentJsonExtensions.ReadFromJsonAsyncCore[T](HttpContent content, JsonSerializerOptions options, CancellationToken cancellationToken)
   at SIGMA.Infrastructure.Graph.GraphClientService.BatchGetNavigationCountAsync(List`1 entityIds, String navigation, CancellationToken ct) in D:\SIGMA Project\SIGMA-Beta\SIGMA\src\SIGMA.Infrastructure\Graph\GraphClientService.cs:line 612
2026-06-04 16:58:41.898 +05:30 [WRN] Failed to batch-fetch owners counts for groups
System.Text.Json.JsonException: The JSON value could not be converted to System.String. Path: $.responses[0].body | LineNumber: 0 | BytePositionInLine: 120.
 ---> System.InvalidOperationException: Cannot get the value of a token type 'StartObject' as a string.
   at System.Text.Json.ThrowHelper.ThrowInvalidOperationException_ExpectedString(JsonTokenType tokenType)
   at System.Text.Json.Utf8JsonReader.GetString()
   at System.Text.Json.Serialization.Metadata.JsonPropertyInfo`1.ReadJsonAndSetMember(Object obj, ReadStack& state, Utf8JsonReader& reader)
   at System.Text.Json.Serialization.Converters.ObjectDefaultConverter`1.OnTryRead(Utf8JsonReader& reader, Type typeToConvert, JsonSerializerOptions options, ReadStack& state, T& value)
   at System.Text.Json.Serialization.JsonConverter`1.TryRead(Utf8JsonReader& reader, Type typeToConvert, JsonSerializerOptions options, ReadStack& state, T& value, Boolean& isPopulatedValue)
   at System.Text.Json.Serialization.JsonCollectionConverter`2.OnTryRead(Utf8JsonReader& reader, Type typeToConvert, JsonSerializerOptions options, ReadStack& state, TCollection& value)
   at System.Text.Json.Serialization.JsonConverter`1.TryRead(Utf8JsonReader& reader, Type typeToConvert, JsonSerializerOptions options, ReadStack& state, T& value, Boolean& isPopulatedValue)
   at System.Text.Json.Serialization.Metadata.JsonPropertyInfo`1.ReadJsonAndSetMember(Object obj, ReadStack& state, Utf8JsonReader& reader)
   at System.Text.Json.Serialization.Converters.ObjectDefaultConverter`1.OnTryRead(Utf8JsonReader& reader, Type typeToConvert, JsonSerializerOptions options, ReadStack& state, T& value)
   at System.Text.Json.Serialization.JsonConverter`1.TryRead(Utf8JsonReader& reader, Type typeToConvert, JsonSerializerOptions options, ReadStack& state, T& value, Boolean& isPopulatedValue)
   at System.Text.Json.Serialization.JsonConverter`1.ReadCore(Utf8JsonReader& reader, T& value, JsonSerializerOptions options, ReadStack& state)
   --- End of inner exception stack trace ---
   at System.Text.Json.ThrowHelper.ReThrowWithPath(ReadStack& state, Utf8JsonReader& reader, Exception ex)
   at System.Text.Json.Serialization.JsonConverter`1.ReadCore(Utf8JsonReader& reader, T& value, JsonSerializerOptions options, ReadStack& state)
   at System.Text.Json.Serialization.Metadata.JsonTypeInfo`1.ContinueDeserialize[TReadBufferState,TStream](TReadBufferState& bufferState, JsonReaderState& jsonReaderState, ReadStack& readStack, T& value)
   at System.Text.Json.Serialization.Metadata.JsonTypeInfo`1.DeserializeAsync[TReadBufferState,TStream](TStream utf8Json, TReadBufferState bufferState, CancellationToken cancellationToken)
   at System.Net.Http.Json.HttpContentJsonExtensions.ReadFromJsonAsyncCore[T](HttpContent content, JsonSerializerOptions options, CancellationToken cancellationToken)
   at SIGMA.Infrastructure.Graph.GraphClientService.BatchGetNavigationCountAsync(List`1 entityIds, String navigation, CancellationToken ct) in D:\SIGMA Project\SIGMA-Beta\SIGMA\src\SIGMA.Infrastructure\Graph\GraphClientService.cs:line 612
2026-06-04 16:58:41.965 +05:30 [INF] [Governance] Groups result: IsSuccess=true, Count=19
2026-06-04 16:58:41.977 +05:30 [INF] [Governance] Found stale empty group: DnsAdmins (created 650 days ago)
2026-06-04 16:58:41.988 +05:30 [INF] [Governance] Found stale empty group: SeniorAdminTrail (created 645 days ago)
2026-06-04 16:58:42.003 +05:30 [INF] [Governance] Found stale empty group: ADSyncAdmins (created 650 days ago)
2026-06-04 16:58:42.019 +05:30 [INF] [Governance] Found stale empty group: MS_SuperStars (created 652 days ago)
2026-06-04 16:58:42.028 +05:30 [INF] [Governance] Found stale empty group: TestDemo (created 103 days ago)
2026-06-04 16:58:42.039 +05:30 [INF] [Governance] Found stale empty group: TrailMS365 (created 652 days ago)
2026-06-04 16:58:42.048 +05:30 [INF] [Governance] Found stale empty group: UserAdmin (created 640 days ago)
2026-06-04 16:58:42.059 +05:30 [INF] [Governance] Found stale empty group: TestGroup1 (created 640 days ago)
2026-06-04 16:58:42.070 +05:30 [INF] [Governance] Found stale empty group: DemoGroup (created 631 days ago)
2026-06-04 16:58:42.079 +05:30 [INF] [Governance] Found stale empty group: JuniorAdmins (created 644 days ago)
2026-06-04 16:58:42.091 +05:30 [INF] [Governance] Found stale empty group: Retail Trail (created 643 days ago)
2026-06-04 16:58:42.102 +05:30 [INF] [Governance] Found stale empty group: ADSyncBrowse (created 650 days ago)
2026-06-04 16:58:42.112 +05:30 [INF] [Governance] Found stale empty group: HelpDeskAdmin (created 640 days ago)
2026-06-04 16:58:42.123 +05:30 [INF] [Governance] Found stale empty group: SalesAndMarketingTrail (created 643 days ago)
2026-06-04 16:58:42.135 +05:30 [INF] [Governance] Found stale empty group: DnsUpdateProxy (created 650 days ago)
2026-06-04 16:58:42.144 +05:30 [INF] [Governance] Found stale empty group: ADSyncPasswordSet (created 650 days ago)
2026-06-04 16:58:42.156 +05:30 [INF] [Governance] Found stale empty group: ADSyncOperators (created 650 days ago)
2026-06-04 16:58:42.168 +05:30 [INF] [Governance] Found stale empty group: TestGroup2 (created 640 days ago)
2026-06-04 16:58:42.185 +05:30 [INF] [Governance] Fetching users from Graph...
2026-06-04 16:58:42.195 +05:30 [INF] Start processing HTTP request GET https://graph.microsoft.com/v1.0/users?*
2026-06-04 16:58:42.212 +05:30 [INF] Sending HTTP request GET https://graph.microsoft.com/v1.0/users?*
2026-06-04 16:58:42.443 +05:30 [INF] Received HTTP response headers after 211.4169ms - 200
2026-06-04 16:58:42.460 +05:30 [INF] End processing HTTP request after 264.9116ms - 200
2026-06-04 16:58:42.559 +05:30 [INF] [Governance] Users result: IsSuccess=true, Count=23
2026-06-04 16:58:42.583 +05:30 [INF] [Governance] Final findings count: 108 (Critical=65, Warning=25, Info=18)
2026-06-04 16:58:42.677 +05:30 [WRN] Slow request: GET /api/v1/governance/findings responded 200 in 6775ms
2026-06-04 17:50:32.717 +05:30 [WRN] Overriding address(es) 'http://0.0.0.0:5107'. Binding to endpoints defined via IConfiguration and/or UseKestrel() instead.
2026-06-04 17:50:32.854 +05:30 [INF] Now listening on: http://0.0.0.0:5107
2026-06-04 17:50:32.990 +05:30 [INF] Application started. Press Ctrl+C to shut down.
2026-06-04 17:50:32.995 +05:30 [INF] Hosting environment: Development
2026-06-04 17:50:33.001 +05:30 [INF] Content root path: D:\SIGMA Project\SIGMA-Beta\SIGMA\src\SIGMA.Api
2026-06-04 17:53:21.117 +05:30 [INF] Request: GET /swagger/index.html responded 200 in 839ms
2026-06-04 17:53:21.349 +05:30 [WRN] Unable to configure Browser Link script injection on the response. This may have been caused by the response's Content-Encoding: '["br"]'. Consider disabling response compression.
2026-06-04 17:53:21.520 +05:30 [WRN] Unable to configure browser refresh script injection on the response. This may have been caused by the response's Content-Encoding: '["br"]'. Consider disabling response compression.
2026-06-04 17:53:21.799 +05:30 [INF] Request: GET /swagger/index.css responded 304 in 13ms
2026-06-04 17:53:21.801 +05:30 [INF] Request: GET /swagger/swagger-ui.css responded 304 in 58ms
2026-06-04 17:53:21.986 +05:30 [INF] Request: GET /swagger/swagger-ui-standalone-preset.js responded 304 in 6ms
2026-06-04 17:53:22.056 +05:30 [INF] Request: GET /swagger/swagger-ui-bundle.js responded 304 in 78ms
2026-06-04 17:53:22.068 +05:30 [INF] Request: GET /swagger/index.js responded 304 in 1ms
2026-06-04 17:53:26.035 +05:30 [INF] Request: GET /swagger/favicon-32x32.png responded 304 in 0ms
2026-06-04 17:53:26.729 +05:30 [INF] Request: GET /openapi/v1.json responded 200 in 1188ms
2026-06-04 17:53:54.308 +05:30 [INF] Microsoft.IdentityModel Version: 8.18.0.0. Date 06/04/2026 12:23:54. PII logging is OFF. See https://aka.ms/IdentityModel/PII for details. 
IDX10242: Security token: '[PII of type 'Microsoft.IdentityModel.JsonWebTokens.JsonWebToken' is hidden. For more details, see https://aka.ms/IdentityModel/PII.]' has a valid signature.
2026-06-04 17:53:54.308 +05:30 [INF] Microsoft.IdentityModel Version: 8.18.0.0. Date 06/04/2026 12:23:54. PII logging is OFF. See https://aka.ms/IdentityModel/PII for details. 
IDX10242: Security token: '[PII of type 'Microsoft.IdentityModel.JsonWebTokens.JsonWebToken' is hidden. For more details, see https://aka.ms/IdentityModel/PII.]' has a valid signature.
2026-06-04 17:53:54.352 +05:30 [INF] IDX10239: Lifetime of the token is valid.
2026-06-04 17:53:54.352 +05:30 [INF] IDX10239: Lifetime of the token is valid.
2026-06-04 17:53:54.389 +05:30 [INF] IDX10234: Audience Validated.Audience: 'api://f0ee212a-b836-4f5c-aafe-bee4b0ebfcfb'
2026-06-04 17:53:54.389 +05:30 [INF] IDX10234: Audience Validated.Audience: 'api://f0ee212a-b836-4f5c-aafe-bee4b0ebfcfb'
2026-06-04 17:53:54.891 +05:30 [INF] IDX10245: Creating claims identity from the validated token: '[PII of type 'Microsoft.IdentityModel.JsonWebTokens.JsonWebToken' is hidden. For more details, see https://aka.ms/IdentityModel/PII.]'.
2026-06-04 17:53:54.891 +05:30 [INF] IDX10245: Creating claims identity from the validated token: '[PII of type 'Microsoft.IdentityModel.JsonWebTokens.JsonWebToken' is hidden. For more details, see https://aka.ms/IdentityModel/PII.]'.
2026-06-04 17:53:56.803 +05:30 [INF] Start processing HTTP request GET https://graph.microsoft.com/v1.0/organization
2026-06-04 17:53:56.821 +05:30 [INF] Sending HTTP request GET https://graph.microsoft.com/v1.0/organization
2026-06-04 17:53:57.252 +05:30 [INF] Received HTTP response headers after 407.6821ms - 200
2026-06-04 17:53:57.280 +05:30 [INF] End processing HTTP request after 481.6956ms - 200
2026-06-04 17:53:57.371 +05:30 [INF] Start processing HTTP request GET https://graph.microsoft.com/v1.0/users?*
2026-06-04 17:53:57.389 +05:30 [INF] Sending HTTP request GET https://graph.microsoft.com/v1.0/users?*
2026-06-04 17:53:57.413 +05:30 [INF] Start processing HTTP request GET https://graph.microsoft.com/v1.0/groups?*
2026-06-04 17:53:57.429 +05:30 [INF] Sending HTTP request GET https://graph.microsoft.com/v1.0/groups?*
2026-06-04 17:53:57.448 +05:30 [INF] Start processing HTTP request GET https://graph.microsoft.com/v1.0/applications?*
2026-06-04 17:53:57.468 +05:30 [INF] Sending HTTP request GET https://graph.microsoft.com/v1.0/applications?*
2026-06-04 17:53:57.489 +05:30 [INF] Start processing HTTP request GET https://graph.microsoft.com/v1.0/servicePrincipals?*
2026-06-04 17:53:57.509 +05:30 [INF] Sending HTTP request GET https://graph.microsoft.com/v1.0/servicePrincipals?*
2026-06-04 17:53:57.526 +05:30 [INF] Start processing HTTP request GET https://graph.microsoft.com/v1.0/devices?*
2026-06-04 17:53:57.550 +05:30 [INF] Sending HTTP request GET https://graph.microsoft.com/v1.0/devices?*
2026-06-04 17:53:57.594 +05:30 [INF] Received HTTP response headers after 189.0052ms - 200
2026-06-04 17:53:57.599 +05:30 [INF] Start processing HTTP request GET https://graph.microsoft.com/v1.0/subscribedSkus
2026-06-04 17:53:57.644 +05:30 [INF] Sending HTTP request GET https://graph.microsoft.com/v1.0/subscribedSkus
2026-06-04 17:53:57.621 +05:30 [INF] End processing HTTP request after 250.83ms - 200
2026-06-04 17:53:57.767 +05:30 [INF] Received HTTP response headers after 320.2707ms - 200
2026-06-04 17:53:57.770 +05:30 [INF] Received HTTP response headers after 282.1596ms - 200
2026-06-04 17:53:57.810 +05:30 [INF] End processing HTTP request after 397.1814ms - 200
2026-06-04 17:53:57.831 +05:30 [INF] End processing HTTP request after 383.4405ms - 200
2026-06-04 17:53:57.860 +05:30 [INF] Received HTTP response headers after 334.3109ms - 200
2026-06-04 17:53:57.895 +05:30 [INF] End processing HTTP request after 406.445ms - 200
2026-06-04 17:53:57.910 +05:30 [INF] Received HTTP response headers after 312.0605ms - 200
2026-06-04 17:53:57.914 +05:30 [INF] Received HTTP response headers after 251.3978ms - 200
2026-06-04 17:53:57.937 +05:30 [INF] End processing HTTP request after 410.8795ms - 200
2026-06-04 17:53:57.955 +05:30 [INF] End processing HTTP request after 355.6637ms - 200
2026-06-04 17:53:58.085 +05:30 [WRN] Slow request: GET /api/v1/entra/tenant responded 200 in 6186ms
2026-06-04 17:54:04.959 +05:30 [INF] IDX10242: Security token: '[PII of type 'Microsoft.IdentityModel.JsonWebTokens.JsonWebToken' is hidden. For more details, see https://aka.ms/IdentityModel/PII.]' has a valid signature.
2026-06-04 17:54:04.972 +05:30 [INF] IDX10239: Lifetime of the token is valid.
2026-06-04 17:54:04.980 +05:30 [INF] IDX10234: Audience Validated.Audience: 'api://f0ee212a-b836-4f5c-aafe-bee4b0ebfcfb'
2026-06-04 17:54:04.988 +05:30 [INF] IDX10245: Creating claims identity from the validated token: '[PII of type 'Microsoft.IdentityModel.JsonWebTokens.JsonWebToken' is hidden. For more details, see https://aka.ms/IdentityModel/PII.]'.
2026-06-04 17:54:05.031 +05:30 [INF] [Governance] Fetching applications from Graph...
2026-06-04 17:54:05.053 +05:30 [INF] Start processing HTTP request GET https://graph.microsoft.com/v1.0/applications?*
2026-06-04 17:54:05.069 +05:30 [INF] Sending HTTP request GET https://graph.microsoft.com/v1.0/applications?*
2026-06-04 17:54:05.350 +05:30 [INF] Received HTTP response headers after 265.7749ms - 200
2026-06-04 17:54:05.404 +05:30 [INF] End processing HTTP request after 351.213ms - 200
2026-06-04 17:54:05.847 +05:30 [INF] Start processing HTTP request POST https://graph.microsoft.com/v1.0/$batch
2026-06-04 17:54:05.863 +05:30 [INF] Sending HTTP request POST https://graph.microsoft.com/v1.0/$batch
2026-06-04 17:54:05.991 +05:30 [INF] Received HTTP response headers after 114.8854ms - 200
2026-06-04 17:54:06.016 +05:30 [INF] End processing HTTP request after 168.9451ms - 200
2026-06-04 17:54:06.965 +05:30 [WRN] Failed to batch-fetch owner counts for applications
System.Text.Json.JsonException: The JSON value could not be converted to System.String. Path: $.responses[0].body | LineNumber: 0 | BytePositionInLine: 145.
 ---> System.InvalidOperationException: Cannot get the value of a token type 'StartObject' as a string.
   at System.Text.Json.ThrowHelper.ThrowInvalidOperationException_ExpectedString(JsonTokenType tokenType)
   at System.Text.Json.Utf8JsonReader.GetString()
   at System.Text.Json.Serialization.Metadata.JsonPropertyInfo`1.ReadJsonAndSetMember(Object obj, ReadStack& state, Utf8JsonReader& reader)
   at System.Text.Json.Serialization.Converters.ObjectDefaultConverter`1.OnTryRead(Utf8JsonReader& reader, Type typeToConvert, JsonSerializerOptions options, ReadStack& state, T& value)
   at System.Text.Json.Serialization.JsonConverter`1.TryRead(Utf8JsonReader& reader, Type typeToConvert, JsonSerializerOptions options, ReadStack& state, T& value, Boolean& isPopulatedValue)
   at System.Text.Json.Serialization.JsonCollectionConverter`2.OnTryRead(Utf8JsonReader& reader, Type typeToConvert, JsonSerializerOptions options, ReadStack& state, TCollection& value)
   at System.Text.Json.Serialization.JsonConverter`1.TryRead(Utf8JsonReader& reader, Type typeToConvert, JsonSerializerOptions options, ReadStack& state, T& value, Boolean& isPopulatedValue)
   at System.Text.Json.Serialization.Metadata.JsonPropertyInfo`1.ReadJsonAndSetMember(Object obj, ReadStack& state, Utf8JsonReader& reader)
   at System.Text.Json.Serialization.Converters.ObjectDefaultConverter`1.OnTryRead(Utf8JsonReader& reader, Type typeToConvert, JsonSerializerOptions options, ReadStack& state, T& value)
   at System.Text.Json.Serialization.JsonConverter`1.TryRead(Utf8JsonReader& reader, Type typeToConvert, JsonSerializerOptions options, ReadStack& state, T& value, Boolean& isPopulatedValue)
   at System.Text.Json.Serialization.JsonConverter`1.ReadCore(Utf8JsonReader& reader, T& value, JsonSerializerOptions options, ReadStack& state)
   --- End of inner exception stack trace ---
   at System.Text.Json.ThrowHelper.ReThrowWithPath(ReadStack& state, Utf8JsonReader& reader, Exception ex)
   at System.Text.Json.Serialization.JsonConverter`1.ReadCore(Utf8JsonReader& reader, T& value, JsonSerializerOptions options, ReadStack& state)
   at System.Text.Json.Serialization.Metadata.JsonTypeInfo`1.ContinueDeserialize[TReadBufferState,TStream](TReadBufferState& bufferState, JsonReaderState& jsonReaderState, ReadStack& readStack, T& value)
   at System.Text.Json.Serialization.Metadata.JsonTypeInfo`1.DeserializeAsync[TReadBufferState,TStream](TStream utf8Json, TReadBufferState bufferState, CancellationToken cancellationToken)
   at System.Net.Http.Json.HttpContentJsonExtensions.ReadFromJsonAsyncCore[T](HttpContent content, JsonSerializerOptions options, CancellationToken cancellationToken)
   at SIGMA.Infrastructure.Graph.GraphClientService.BatchGetApplicationOwnerCountsAsync(List`1 appIds, CancellationToken ct) in D:\SIGMA Project\SIGMA-Beta\SIGMA\src\SIGMA.Infrastructure\Graph\GraphClientService.cs:line 549
2026-06-04 17:54:07.123 +05:30 [INF] Start processing HTTP request POST https://graph.microsoft.com/v1.0/$batch
2026-06-04 17:54:07.154 +05:30 [INF] Sending HTTP request POST https://graph.microsoft.com/v1.0/$batch
2026-06-04 17:54:07.289 +05:30 [INF] Received HTTP response headers after 118.1177ms - 200
2026-06-04 17:54:07.333 +05:30 [INF] End processing HTTP request after 209.5897ms - 200
2026-06-04 17:54:07.449 +05:30 [WRN] Failed to batch-fetch owner counts for applications
System.Text.Json.JsonException: The JSON value could not be converted to System.String. Path: $.responses[0].body | LineNumber: 0 | BytePositionInLine: 144.
 ---> System.InvalidOperationException: Cannot get the value of a token type 'StartObject' as a string.
   at System.Text.Json.ThrowHelper.ThrowInvalidOperationException_ExpectedString(JsonTokenType tokenType)
   at System.Text.Json.Utf8JsonReader.GetString()
   at System.Text.Json.Serialization.Metadata.JsonPropertyInfo`1.ReadJsonAndSetMember(Object obj, ReadStack& state, Utf8JsonReader& reader)
   at System.Text.Json.Serialization.Converters.ObjectDefaultConverter`1.OnTryRead(Utf8JsonReader& reader, Type typeToConvert, JsonSerializerOptions options, ReadStack& state, T& value)
   at System.Text.Json.Serialization.JsonConverter`1.TryRead(Utf8JsonReader& reader, Type typeToConvert, JsonSerializerOptions options, ReadStack& state, T& value, Boolean& isPopulatedValue)
   at System.Text.Json.Serialization.JsonCollectionConverter`2.OnTryRead(Utf8JsonReader& reader, Type typeToConvert, JsonSerializerOptions options, ReadStack& state, TCollection& value)
   at System.Text.Json.Serialization.JsonConverter`1.TryRead(Utf8JsonReader& reader, Type typeToConvert, JsonSerializerOptions options, ReadStack& state, T& value, Boolean& isPopulatedValue)
   at System.Text.Json.Serialization.Metadata.JsonPropertyInfo`1.ReadJsonAndSetMember(Object obj, ReadStack& state, Utf8JsonReader& reader)
   at System.Text.Json.Serialization.Converters.ObjectDefaultConverter`1.OnTryRead(Utf8JsonReader& reader, Type typeToConvert, JsonSerializerOptions options, ReadStack& state, T& value)
   at System.Text.Json.Serialization.JsonConverter`1.TryRead(Utf8JsonReader& reader, Type typeToConvert, JsonSerializerOptions options, ReadStack& state, T& value, Boolean& isPopulatedValue)
   at System.Text.Json.Serialization.JsonConverter`1.ReadCore(Utf8JsonReader& reader, T& value, JsonSerializerOptions options, ReadStack& state)
   --- End of inner exception stack trace ---
   at System.Text.Json.ThrowHelper.ReThrowWithPath(ReadStack& state, Utf8JsonReader& reader, Exception ex)
   at System.Text.Json.Serialization.JsonConverter`1.ReadCore(Utf8JsonReader& reader, T& value, JsonSerializerOptions options, ReadStack& state)
   at System.Text.Json.Serialization.Metadata.JsonTypeInfo`1.ContinueDeserialize[TReadBufferState,TStream](TReadBufferState& bufferState, JsonReaderState& jsonReaderState, ReadStack& readStack, T& value)
   at System.Text.Json.Serialization.Metadata.JsonTypeInfo`1.DeserializeAsync[TReadBufferState,TStream](TStream utf8Json, TReadBufferState bufferState, CancellationToken cancellationToken)
   at System.Net.Http.Json.HttpContentJsonExtensions.ReadFromJsonAsyncCore[T](HttpContent content, JsonSerializerOptions options, CancellationToken cancellationToken)
   at SIGMA.Infrastructure.Graph.GraphClientService.BatchGetApplicationOwnerCountsAsync(List`1 appIds, CancellationToken ct) in D:\SIGMA Project\SIGMA-Beta\SIGMA\src\SIGMA.Infrastructure\Graph\GraphClientService.cs:line 549
2026-06-04 17:54:07.483 +05:30 [INF] [Governance] Applications result: IsSuccess=true, Error=null
2026-06-04 17:54:07.493 +05:30 [INF] [Governance] Processing 35 applications...
2026-06-04 17:54:07.510 +05:30 [INF] Start processing HTTP request GET https://graph.microsoft.com/v1.0/applications/0bbdd90f-39c8-4fa3-9b4b-1b2df842c658?*
2026-06-04 17:54:07.522 +05:30 [INF] Sending HTTP request GET https://graph.microsoft.com/v1.0/applications/0bbdd90f-39c8-4fa3-9b4b-1b2df842c658?*
2026-06-04 17:54:07.543 +05:30 [INF] Start processing HTTP request GET https://graph.microsoft.com/v1.0/applications/16390064-665b-46a7-bf00-af9438733c68?*
2026-06-04 17:54:07.556 +05:30 [INF] Sending HTTP request GET https://graph.microsoft.com/v1.0/applications/16390064-665b-46a7-bf00-af9438733c68?*
2026-06-04 17:54:07.576 +05:30 [INF] Start processing HTTP request GET https://graph.microsoft.com/v1.0/applications/168fff38-fb94-4f20-a935-4a12865d277e?*
2026-06-04 17:54:07.590 +05:30 [INF] Sending HTTP request GET https://graph.microsoft.com/v1.0/applications/168fff38-fb94-4f20-a935-4a12865d277e?*
2026-06-04 17:54:07.609 +05:30 [INF] Start processing HTTP request GET https://graph.microsoft.com/v1.0/applications/18683323-1182-42dc-83a1-1679ef2d8ccb?*
2026-06-04 17:54:07.625 +05:30 [INF] Sending HTTP request GET https://graph.microsoft.com/v1.0/applications/18683323-1182-42dc-83a1-1679ef2d8ccb?*
2026-06-04 17:54:07.645 +05:30 [INF] Start processing HTTP request GET https://graph.microsoft.com/v1.0/applications/1dc3420c-79ee-42ad-821e-832881d1359b?*
2026-06-04 17:54:07.662 +05:30 [INF] Sending HTTP request GET https://graph.microsoft.com/v1.0/applications/1dc3420c-79ee-42ad-821e-832881d1359b?*
2026-06-04 17:54:07.678 +05:30 [INF] Start processing HTTP request GET https://graph.microsoft.com/v1.0/applications/211fcada-7373-4adb-91cc-0b7fca809a3c?*
2026-06-04 17:54:07.697 +05:30 [INF] Sending HTTP request GET https://graph.microsoft.com/v1.0/applications/211fcada-7373-4adb-91cc-0b7fca809a3c?*
2026-06-04 17:54:07.712 +05:30 [INF] Received HTTP response headers after 175.2597ms - 200
2026-06-04 17:54:07.717 +05:30 [INF] Start processing HTTP request GET https://graph.microsoft.com/v1.0/applications/41357df4-0eb4-4cad-830f-c67c331165af?*
2026-06-04 17:54:07.734 +05:30 [INF] End processing HTTP request after 224.0484ms - 200
2026-06-04 17:54:07.749 +05:30 [INF] Sending HTTP request GET https://graph.microsoft.com/v1.0/applications/41357df4-0eb4-4cad-830f-c67c331165af?*
2026-06-04 17:54:07.755 +05:30 [INF] Received HTTP response headers after 181.7058ms - 200
2026-06-04 17:54:07.786 +05:30 [INF] Start processing HTTP request GET https://graph.microsoft.com/v1.0/applications/426fdc27-92f9-4ff5-a261-5140585db6db?*
2026-06-04 17:54:07.801 +05:30 [INF] End processing HTTP request after 258.4389ms - 200
2026-06-04 17:54:07.813 +05:30 [INF] Received HTTP response headers after 206.6093ms - 200
2026-06-04 17:54:07.816 +05:30 [INF] Sending HTTP request GET https://graph.microsoft.com/v1.0/applications/426fdc27-92f9-4ff5-a261-5140585db6db?*
2026-06-04 17:54:07.847 +05:30 [INF] Received HTTP response headers after 203.1086ms - 200
2026-06-04 17:54:07.850 +05:30 [INF] End processing HTTP request after 274.3601ms - 200
2026-06-04 17:54:07.871 +05:30 [INF] Start processing HTTP request GET https://graph.microsoft.com/v1.0/applications/457436a9-f6b9-491a-b540-34243534784f?*
2026-06-04 17:54:07.877 +05:30 [INF] Received HTTP response headers after 199.2338ms - 200
2026-06-04 17:54:07.886 +05:30 [INF] End processing HTTP request after 277.2095ms - 200
2026-06-04 17:54:07.903 +05:30 [INF] Received HTTP response headers after 187.4104ms - 200
2026-06-04 17:54:07.912 +05:30 [INF] Received HTTP response headers after 126.3228ms - 200
2026-06-04 17:54:07.917 +05:30 [INF] Sending HTTP request GET https://graph.microsoft.com/v1.0/applications/457436a9-f6b9-491a-b540-34243534784f?*
2026-06-04 17:54:07.933 +05:30 [INF] End processing HTTP request after 287.907ms - 200
2026-06-04 17:54:07.964 +05:30 [INF] End processing HTTP request after 286.2468ms - 200
2026-06-04 17:54:07.980 +05:30 [INF] End processing HTTP request after 263.1008ms - 200
2026-06-04 17:54:07.995 +05:30 [INF] Start processing HTTP request GET https://graph.microsoft.com/v1.0/applications/49e2112b-0e2d-4381-b22e-38ca924f0134?*
2026-06-04 17:54:08.177 +05:30 [INF] Received HTTP response headers after 307.189ms - 200
2026-06-04 17:54:08.202 +05:30 [INF] Received HTTP response headers after 208.4477ms - 200
2026-06-04 17:54:08.401 +05:30 [INF] Sending HTTP request GET https://graph.microsoft.com/v1.0/applications/49e2112b-0e2d-4381-b22e-38ca924f0134?*
2026-06-04 17:54:08.422 +05:30 [INF] End processing HTTP request after 636.2519ms - 200
2026-06-04 17:54:08.443 +05:30 [INF] End processing HTTP request after 572.0397ms - 200
2026-06-04 17:54:08.461 +05:30 [INF] Start processing HTTP request GET https://graph.microsoft.com/v1.0/applications/49e94653-ce8e-473e-9ac7-8da94b59064b?*
2026-06-04 17:54:08.517 +05:30 [INF] Sending HTTP request GET https://graph.microsoft.com/v1.0/applications/49e94653-ce8e-473e-9ac7-8da94b59064b?*
2026-06-04 17:54:08.532 +05:30 [INF] Start processing HTTP request GET https://graph.microsoft.com/v1.0/applications/4d6e78f8-1d50-4982-ad74-f739af798409?*
2026-06-04 17:54:08.546 +05:30 [INF] Sending HTTP request GET https://graph.microsoft.com/v1.0/applications/4d6e78f8-1d50-4982-ad74-f739af798409?*
2026-06-04 17:54:08.561 +05:30 [INF] Start processing HTTP request GET https://graph.microsoft.com/v1.0/applications/515206c9-45b1-47c8-990d-9eb4c90f1bc9?*
2026-06-04 17:54:08.576 +05:30 [INF] Sending HTTP request GET https://graph.microsoft.com/v1.0/applications/515206c9-45b1-47c8-990d-9eb4c90f1bc9?*
2026-06-04 17:54:08.582 +05:30 [INF] Received HTTP response headers after 121.2106ms - 200
2026-06-04 17:54:08.599 +05:30 [INF] Start processing HTTP request GET https://graph.microsoft.com/v1.0/applications/604d3cea-cc9f-4cec-9767-7b0268a162a6?*
2026-06-04 17:54:08.617 +05:30 [INF] End processing HTTP request after 621.9032ms - 200
2026-06-04 17:54:08.632 +05:30 [INF] Sending HTTP request GET https://graph.microsoft.com/v1.0/applications/604d3cea-cc9f-4cec-9767-7b0268a162a6?*
2026-06-04 17:54:08.666 +05:30 [INF] Start processing HTTP request GET https://graph.microsoft.com/v1.0/applications/68c03ecd-864b-4489-bde4-23da2d863cc9?*
2026-06-04 17:54:08.681 +05:30 [INF] Sending HTTP request GET https://graph.microsoft.com/v1.0/applications/68c03ecd-864b-4489-bde4-23da2d863cc9?*
2026-06-04 17:54:08.697 +05:30 [INF] Start processing HTTP request GET https://graph.microsoft.com/v1.0/applications/742fd072-6b6c-4230-8cf1-6972d7300ad5?*
2026-06-04 17:54:08.714 +05:30 [INF] Sending HTTP request GET https://graph.microsoft.com/v1.0/applications/742fd072-6b6c-4230-8cf1-6972d7300ad5?*
2026-06-04 17:54:08.720 +05:30 [INF] Received HTTP response headers after 122.2905ms - 200
2026-06-04 17:54:08.724 +05:30 [INF] Received HTTP response headers after 192.921ms - 200
2026-06-04 17:54:08.731 +05:30 [INF] Start processing HTTP request GET https://graph.microsoft.com/v1.0/applications/76127915-56b3-483b-9d5b-c9f79c5637ff?*
2026-06-04 17:54:08.741 +05:30 [INF] Received HTTP response headers after 180.7666ms - 200
2026-06-04 17:54:08.749 +05:30 [INF] End processing HTTP request after 188.5599ms - 200
2026-06-04 17:54:08.766 +05:30 [INF] End processing HTTP request after 304.9188ms - 200
2026-06-04 17:54:08.784 +05:30 [INF] Sending HTTP request GET https://graph.microsoft.com/v1.0/applications/76127915-56b3-483b-9d5b-c9f79c5637ff?*
2026-06-04 17:54:08.813 +05:30 [INF] End processing HTTP request after 280.4846ms - 200
2026-06-04 17:54:08.846 +05:30 [INF] Received HTTP response headers after 180.8801ms - 200
2026-06-04 17:54:08.866 +05:30 [INF] Start processing HTTP request GET https://graph.microsoft.com/v1.0/applications/76521842-1af8-4caf-b658-cc8189f05f86?*
2026-06-04 17:54:08.888 +05:30 [INF] Received HTTP response headers after 192.0128ms - 200
2026-06-04 17:54:08.901 +05:30 [INF] End processing HTTP request after 301.8395ms - 200
2026-06-04 17:54:08.917 +05:30 [INF] Sending HTTP request GET https://graph.microsoft.com/v1.0/applications/76521842-1af8-4caf-b658-cc8189f05f86?*
2026-06-04 17:54:08.923 +05:30 [INF] Received HTTP response headers after 193.1187ms - 200
2026-06-04 17:54:08.935 +05:30 [INF] End processing HTTP request after 268.8057ms - 200
2026-06-04 17:54:08.968 +05:30 [INF] Start processing HTTP request GET https://graph.microsoft.com/v1.0/applications/83e59e8b-1583-43c5-aab9-2512ca2aec1d?*
2026-06-04 17:54:08.985 +05:30 [INF] End processing HTTP request after 288.1455ms - 200
2026-06-04 17:54:09.025 +05:30 [INF] Sending HTTP request GET https://graph.microsoft.com/v1.0/applications/83e59e8b-1583-43c5-aab9-2512ca2aec1d?*
2026-06-04 17:54:09.058 +05:30 [INF] Received HTTP response headers after 193.5994ms - 200
2026-06-04 17:54:09.061 +05:30 [INF] Start processing HTTP request GET https://graph.microsoft.com/v1.0/applications/860a6e19-3808-4bd0-81d8-e4ccc8d7d780?*
2026-06-04 17:54:09.078 +05:30 [INF] End processing HTTP request after 347.1471ms - 200
2026-06-04 17:54:09.094 +05:30 [INF] Sending HTTP request GET https://graph.microsoft.com/v1.0/applications/860a6e19-3808-4bd0-81d8-e4ccc8d7d780?*
2026-06-04 17:54:09.247 +05:30 [INF] Received HTTP response headers after 187.5507ms - 200
2026-06-04 17:54:09.266 +05:30 [INF] End processing HTTP request after 297.8604ms - 200
2026-06-04 17:54:09.308 +05:30 [INF] Received HTTP response headers after 340.8549ms - 200
2026-06-04 17:54:09.326 +05:30 [INF] End processing HTTP request after 460.0542ms - 200
2026-06-04 17:54:09.501 +05:30 [INF] Received HTTP response headers after 374.0611ms - 200
2026-06-04 17:54:09.523 +05:30 [INF] End processing HTTP request after 462.7429ms - 200
2026-06-04 17:54:09.545 +05:30 [INF] Start processing HTTP request GET https://graph.microsoft.com/v1.0/applications/9c49407c-ffba-46e6-9478-4dc0adb10fb6?*
2026-06-04 17:54:09.562 +05:30 [INF] Sending HTTP request GET https://graph.microsoft.com/v1.0/applications/9c49407c-ffba-46e6-9478-4dc0adb10fb6?*
2026-06-04 17:54:09.576 +05:30 [INF] Start processing HTTP request GET https://graph.microsoft.com/v1.0/applications/b162627b-5d59-45ab-a873-8699ed5c2ad0?*
2026-06-04 17:54:09.591 +05:30 [INF] Sending HTTP request GET https://graph.microsoft.com/v1.0/applications/b162627b-5d59-45ab-a873-8699ed5c2ad0?*
2026-06-04 17:54:09.606 +05:30 [INF] Start processing HTTP request GET https://graph.microsoft.com/v1.0/applications/b26745cd-d8ac-4497-af66-b06ae74a239d?*
2026-06-04 17:54:09.618 +05:30 [INF] Sending HTTP request GET https://graph.microsoft.com/v1.0/applications/b26745cd-d8ac-4497-af66-b06ae74a239d?*
2026-06-04 17:54:09.632 +05:30 [INF] Start processing HTTP request GET https://graph.microsoft.com/v1.0/applications/b78fcfb9-0135-49e3-8a30-3c89f23efd27?*
2026-06-04 17:54:09.645 +05:30 [INF] Sending HTTP request GET https://graph.microsoft.com/v1.0/applications/b78fcfb9-0135-49e3-8a30-3c89f23efd27?*
2026-06-04 17:54:09.667 +05:30 [INF] Start processing HTTP request GET https://graph.microsoft.com/v1.0/applications/bd8e6495-916f-466e-b8ec-6c68b0ca2275?*
2026-06-04 17:54:09.683 +05:30 [INF] Sending HTTP request GET https://graph.microsoft.com/v1.0/applications/bd8e6495-916f-466e-b8ec-6c68b0ca2275?*
2026-06-04 17:54:09.698 +05:30 [INF] Start processing HTTP request GET https://graph.microsoft.com/v1.0/applications/be0929ed-32bf-489d-b7e7-78c410f0eb32?*
2026-06-04 17:54:09.712 +05:30 [INF] Sending HTTP request GET https://graph.microsoft.com/v1.0/applications/be0929ed-32bf-489d-b7e7-78c410f0eb32?*
2026-06-04 17:54:09.725 +05:30 [INF] Start processing HTTP request GET https://graph.microsoft.com/v1.0/applications/d8bc9ce0-805e-4f15-abc1-3770664967be?*
2026-06-04 17:54:09.739 +05:30 [INF] Sending HTTP request GET https://graph.microsoft.com/v1.0/applications/d8bc9ce0-805e-4f15-abc1-3770664967be?*
2026-06-04 17:54:09.751 +05:30 [INF] Start processing HTTP request GET https://graph.microsoft.com/v1.0/applications/e6effa40-f02d-43b5-b176-f05c2bd6f9d8?*
2026-06-04 17:54:09.758 +05:30 [INF] Received HTTP response headers after 127.4183ms - 200
2026-06-04 17:54:09.767 +05:30 [INF] Sending HTTP request GET https://graph.microsoft.com/v1.0/applications/e6effa40-f02d-43b5-b176-f05c2bd6f9d8?*
2026-06-04 17:54:09.785 +05:30 [INF] End processing HTTP request after 179.4992ms - 200
2026-06-04 17:54:09.802 +05:30 [INF] Start processing HTTP request GET https://graph.microsoft.com/v1.0/applications/e9dd9e09-6245-4451-bbfc-9271397838bd?*
2026-06-04 17:54:09.834 +05:30 [INF] Sending HTTP request GET https://graph.microsoft.com/v1.0/applications/e9dd9e09-6245-4451-bbfc-9271397838bd?*
2026-06-04 17:54:09.839 +05:30 [INF] Received HTTP response headers after 236.0368ms - 200
2026-06-04 17:54:09.845 +05:30 [INF] Received HTTP response headers after 178.5374ms - 200
2026-06-04 17:54:09.857 +05:30 [INF] Start processing HTTP request GET https://graph.microsoft.com/v1.0/applications/ec3e1482-03bc-4b54-bbb2-0098dca6c3d2?*
2026-06-04 17:54:09.880 +05:30 [INF] End processing HTTP request after 303.254ms - 200
2026-06-04 17:54:09.891 +05:30 [INF] Received HTTP response headers after 193.8595ms - 200
2026-06-04 17:54:09.899 +05:30 [INF] End processing HTTP request after 267.6592ms - 200
2026-06-04 17:54:09.906 +05:30 [INF] Received HTTP response headers after 330.2296ms - 200
2026-06-04 17:54:09.917 +05:30 [INF] Sending HTTP request GET https://graph.microsoft.com/v1.0/applications/ec3e1482-03bc-4b54-bbb2-0098dca6c3d2?*
2026-06-04 17:54:09.923 +05:30 [INF] Received HTTP response headers after 198.0721ms - 200
2026-06-04 17:54:09.955 +05:30 [INF] End processing HTTP request after 287.5614ms - 200
2026-06-04 17:54:09.991 +05:30 [INF] End processing HTTP request after 445.9832ms - 200
2026-06-04 17:54:10.007 +05:30 [INF] Received HTTP response headers after 256.5965ms - 200
2026-06-04 17:54:10.008 +05:30 [INF] Start processing HTTP request GET https://graph.microsoft.com/v1.0/applications/ecf48238-8fe6-442d-ab11-447b07afd79e?*
2026-06-04 17:54:10.098 +05:30 [INF] Sending HTTP request GET https://graph.microsoft.com/v1.0/applications/ecf48238-8fe6-442d-ab11-447b07afd79e?*
2026-06-04 17:54:10.044 +05:30 [INF] Received HTTP response headers after 242.356ms - 200
2026-06-04 17:54:10.081 +05:30 [INF] End processing HTTP request after 355.2977ms - 200
2026-06-04 17:54:10.025 +05:30 [INF] End processing HTTP request after 327.2203ms - 200
2026-06-04 17:54:10.115 +05:30 [INF] Start processing HTTP request GET https://graph.microsoft.com/v1.0/applications/ed787c25-faab-4a75-ba66-d96ad1c32f33?*
2026-06-04 17:54:10.188 +05:30 [INF] Sending HTTP request GET https://graph.microsoft.com/v1.0/applications/ed787c25-faab-4a75-ba66-d96ad1c32f33?*
2026-06-04 17:54:10.134 +05:30 [INF] End processing HTTP request after 382.9276ms - 200
2026-06-04 17:54:10.155 +05:30 [INF] Received HTTP response headers after 148.1066ms - 200
2026-06-04 17:54:10.122 +05:30 [INF] Received HTTP response headers after 266.0134ms - 200
2026-06-04 17:54:10.208 +05:30 [INF] Start processing HTTP request GET https://graph.microsoft.com/v1.0/applications/f27d50af-8e5d-493b-8503-6cc072e85ee6?*
2026-06-04 17:54:10.243 +05:30 [INF] End processing HTTP request after 385.726ms - 200
2026-06-04 17:54:10.261 +05:30 [INF] End processing HTTP request after 459.0389ms - 200
2026-06-04 17:54:10.276 +05:30 [INF] Sending HTTP request GET https://graph.microsoft.com/v1.0/applications/f27d50af-8e5d-493b-8503-6cc072e85ee6?*
2026-06-04 17:54:10.339 +05:30 [INF] Start processing HTTP request GET https://graph.microsoft.com/v1.0/applications/f488bdea-975e-4c19-952b-ba57e2cd2b30?*
2026-06-04 17:54:10.358 +05:30 [INF] Sending HTTP request GET https://graph.microsoft.com/v1.0/applications/f488bdea-975e-4c19-952b-ba57e2cd2b30?*
2026-06-04 17:54:10.373 +05:30 [INF] Received HTTP response headers after 259.0271ms - 200
2026-06-04 17:54:10.378 +05:30 [INF] Start processing HTTP request GET https://graph.microsoft.com/v1.0/applications/fc6adfe3-0b18-45e2-9299-2b37b672df0e?*
2026-06-04 17:54:10.392 +05:30 [INF] Received HTTP response headers after 185.1562ms - 200
2026-06-04 17:54:10.397 +05:30 [INF] End processing HTTP request after 388.939ms - 200
2026-06-04 17:54:10.413 +05:30 [INF] Sending HTTP request GET https://graph.microsoft.com/v1.0/applications/fc6adfe3-0b18-45e2-9299-2b37b672df0e?*
2026-06-04 17:54:10.431 +05:30 [INF] End processing HTTP request after 315.7363ms - 200
2026-06-04 17:54:10.472 +05:30 [INF] Received HTTP response headers after 133.5682ms - 200
2026-06-04 17:54:10.501 +05:30 [INF] End processing HTTP request after 293.1401ms - 200
2026-06-04 17:54:10.583 +05:30 [INF] Received HTTP response headers after 205.5788ms - 200
2026-06-04 17:54:10.599 +05:30 [INF] End processing HTTP request after 260.4272ms - 200
2026-06-04 17:54:10.725 +05:30 [INF] Received HTTP response headers after 258.1778ms - 200
2026-06-04 17:54:10.755 +05:30 [INF] End processing HTTP request after 376.6727ms - 200
2026-06-04 17:54:10.775 +05:30 [INF] [Governance] Fetching groups from Graph...
2026-06-04 17:54:10.789 +05:30 [INF] Start processing HTTP request GET https://graph.microsoft.com/v1.0/groups?*
2026-06-04 17:54:10.804 +05:30 [INF] Sending HTTP request GET https://graph.microsoft.com/v1.0/groups?*
2026-06-04 17:54:11.045 +05:30 [INF] Received HTTP response headers after 224.3543ms - 200
2026-06-04 17:54:11.063 +05:30 [INF] End processing HTTP request after 274.8413ms - 200
2026-06-04 17:54:11.097 +05:30 [INF] Start processing HTTP request POST https://graph.microsoft.com/v1.0/$batch
2026-06-04 17:54:11.112 +05:30 [INF] Sending HTTP request POST https://graph.microsoft.com/v1.0/$batch
2026-06-04 17:54:11.128 +05:30 [INF] Start processing HTTP request POST https://graph.microsoft.com/v1.0/$batch
2026-06-04 17:54:11.146 +05:30 [INF] Sending HTTP request POST https://graph.microsoft.com/v1.0/$batch
2026-06-04 17:54:11.245 +05:30 [INF] Received HTTP response headers after 119.4138ms - 200
2026-06-04 17:54:11.263 +05:30 [INF] End processing HTTP request after 166.1487ms - 200
2026-06-04 17:54:11.275 +05:30 [INF] Received HTTP response headers after 111.7064ms - 200
2026-06-04 17:54:11.298 +05:30 [INF] End processing HTTP request after 170.0224ms - 200
2026-06-04 17:54:11.903 +05:30 [WRN] Failed to batch-fetch members counts for groups
System.Text.Json.JsonException: The JSON value could not be converted to System.String. Path: $.responses[0].body | LineNumber: 0 | BytePositionInLine: 144.
 ---> System.InvalidOperationException: Cannot get the value of a token type 'StartObject' as a string.
   at System.Text.Json.ThrowHelper.ThrowInvalidOperationException_ExpectedString(JsonTokenType tokenType)
   at System.Text.Json.Utf8JsonReader.GetString()
   at System.Text.Json.Serialization.Metadata.JsonPropertyInfo`1.ReadJsonAndSetMember(Object obj, ReadStack& state, Utf8JsonReader& reader)
   at System.Text.Json.Serialization.Converters.ObjectDefaultConverter`1.OnTryRead(Utf8JsonReader& reader, Type typeToConvert, JsonSerializerOptions options, ReadStack& state, T& value)
   at System.Text.Json.Serialization.JsonConverter`1.TryRead(Utf8JsonReader& reader, Type typeToConvert, JsonSerializerOptions options, ReadStack& state, T& value, Boolean& isPopulatedValue)
   at System.Text.Json.Serialization.JsonCollectionConverter`2.OnTryRead(Utf8JsonReader& reader, Type typeToConvert, JsonSerializerOptions options, ReadStack& state, TCollection& value)
   at System.Text.Json.Serialization.Metadata.JsonPropertyInfo`1.ReadJsonAndSetMember(Object obj, ReadStack& state, Utf8JsonReader& reader)
   at System.Text.Json.Serialization.Converters.ObjectDefaultConverter`1.OnTryRead(Utf8JsonReader& reader, Type typeToConvert, JsonSerializerOptions options, ReadStack& state, T& value)
   at System.Text.Json.Serialization.JsonConverter`1.ReadCore(Utf8JsonReader& reader, T& value, JsonSerializerOptions options, ReadStack& state)
   --- End of inner exception stack trace ---
   at System.Text.Json.ThrowHelper.ReThrowWithPath(ReadStack& state, Utf8JsonReader& reader, Exception ex)
   at System.Text.Json.Serialization.JsonConverter`1.ReadCore(Utf8JsonReader& reader, T& value, JsonSerializerOptions options, ReadStack& state)
   at System.Text.Json.Serialization.Metadata.JsonTypeInfo`1.ContinueDeserialize[TReadBufferState,TStream](TReadBufferState& bufferState, JsonReaderState& jsonReaderState, ReadStack& readStack, T& value)
   at System.Text.Json.Serialization.Metadata.JsonTypeInfo`1.DeserializeAsync[TReadBufferState,TStream](TStream utf8Json, TReadBufferState bufferState, CancellationToken cancellationToken)
   at System.Net.Http.Json.HttpContentJsonExtensions.ReadFromJsonAsyncCore[T](HttpContent content, JsonSerializerOptions options, CancellationToken cancellationToken)
   at SIGMA.Infrastructure.Graph.GraphClientService.BatchGetNavigationCountAsync(List`1 entityIds, String navigation, CancellationToken ct) in D:\SIGMA Project\SIGMA-Beta\SIGMA\src\SIGMA.Infrastructure\Graph\GraphClientService.cs:line 614
2026-06-04 17:54:12.001 +05:30 [WRN] Failed to batch-fetch owners counts for groups
System.Text.Json.JsonException: The JSON value could not be converted to System.String. Path: $.responses[0].body | LineNumber: 0 | BytePositionInLine: 145.
 ---> System.InvalidOperationException: Cannot get the value of a token type 'StartObject' as a string.
   at System.Text.Json.ThrowHelper.ThrowInvalidOperationException_ExpectedString(JsonTokenType tokenType)
   at System.Text.Json.Utf8JsonReader.GetString()
   at System.Text.Json.Serialization.Metadata.JsonPropertyInfo`1.ReadJsonAndSetMember(Object obj, ReadStack& state, Utf8JsonReader& reader)
   at System.Text.Json.Serialization.Converters.ObjectDefaultConverter`1.OnTryRead(Utf8JsonReader& reader, Type typeToConvert, JsonSerializerOptions options, ReadStack& state, T& value)
   at System.Text.Json.Serialization.JsonConverter`1.TryRead(Utf8JsonReader& reader, Type typeToConvert, JsonSerializerOptions options, ReadStack& state, T& value, Boolean& isPopulatedValue)
   at System.Text.Json.Serialization.JsonCollectionConverter`2.OnTryRead(Utf8JsonReader& reader, Type typeToConvert, JsonSerializerOptions options, ReadStack& state, TCollection& value)
   at System.Text.Json.Serialization.Metadata.JsonPropertyInfo`1.ReadJsonAndSetMember(Object obj, ReadStack& state, Utf8JsonReader& reader)
   at System.Text.Json.Serialization.Converters.ObjectDefaultConverter`1.OnTryRead(Utf8JsonReader& reader, Type typeToConvert, JsonSerializerOptions options, ReadStack& state, T& value)
   at System.Text.Json.Serialization.JsonConverter`1.ReadCore(Utf8JsonReader& reader, T& value, JsonSerializerOptions options, ReadStack& state)
   --- End of inner exception stack trace ---
   at System.Text.Json.ThrowHelper.ReThrowWithPath(ReadStack& state, Utf8JsonReader& reader, Exception ex)
   at System.Text.Json.Serialization.JsonConverter`1.ReadCore(Utf8JsonReader& reader, T& value, JsonSerializerOptions options, ReadStack& state)
   at System.Text.Json.Serialization.Metadata.JsonTypeInfo`1.ContinueDeserialize[TReadBufferState,TStream](TReadBufferState& bufferState, JsonReaderState& jsonReaderState, ReadStack& readStack, T& value)
   at System.Text.Json.Serialization.Metadata.JsonTypeInfo`1.DeserializeAsync[TReadBufferState,TStream](TStream utf8Json, TReadBufferState bufferState, CancellationToken cancellationToken)
   at System.Net.Http.Json.HttpContentJsonExtensions.ReadFromJsonAsyncCore[T](HttpContent content, JsonSerializerOptions options, CancellationToken cancellationToken)
   at SIGMA.Infrastructure.Graph.GraphClientService.BatchGetNavigationCountAsync(List`1 entityIds, String navigation, CancellationToken ct) in D:\SIGMA Project\SIGMA-Beta\SIGMA\src\SIGMA.Infrastructure\Graph\GraphClientService.cs:line 614
2026-06-04 17:54:12.028 +05:30 [INF] [Governance] Groups result: IsSuccess=true, Count=19
2026-06-04 17:54:12.038 +05:30 [INF] [Governance] Found stale empty group: DnsAdmins (created 650 days ago)
2026-06-04 17:54:12.046 +05:30 [INF] [Governance] Found stale empty group: SeniorAdminTrail (created 645 days ago)
2026-06-04 17:54:12.057 +05:30 [INF] [Governance] Found stale empty group: ADSyncAdmins (created 650 days ago)
2026-06-04 17:54:12.071 +05:30 [INF] [Governance] Found stale empty group: MS_SuperStars (created 652 days ago)
2026-06-04 17:54:12.080 +05:30 [INF] [Governance] Found stale empty group: TestDemo (created 103 days ago)
2026-06-04 17:54:12.090 +05:30 [INF] [Governance] Found stale empty group: TrailMS365 (created 652 days ago)
2026-06-04 17:54:12.098 +05:30 [INF] [Governance] Found stale empty group: UserAdmin (created 640 days ago)
2026-06-04 17:54:12.107 +05:30 [INF] [Governance] Found stale empty group: TestGroup1 (created 640 days ago)
2026-06-04 17:54:12.115 +05:30 [INF] [Governance] Found stale empty group: DemoGroup (created 631 days ago)
2026-06-04 17:54:12.124 +05:30 [INF] [Governance] Found stale empty group: JuniorAdmins (created 644 days ago)
2026-06-04 17:54:12.132 +05:30 [INF] [Governance] Found stale empty group: Retail Trail (created 643 days ago)
2026-06-04 17:54:12.141 +05:30 [INF] [Governance] Found stale empty group: ADSyncBrowse (created 650 days ago)
2026-06-04 17:54:12.149 +05:30 [INF] [Governance] Found stale empty group: HelpDeskAdmin (created 640 days ago)
2026-06-04 17:54:12.158 +05:30 [INF] [Governance] Found stale empty group: SalesAndMarketingTrail (created 643 days ago)
2026-06-04 17:54:12.166 +05:30 [INF] [Governance] Found stale empty group: DnsUpdateProxy (created 650 days ago)
2026-06-04 17:54:12.176 +05:30 [INF] [Governance] Found stale empty group: ADSyncPasswordSet (created 650 days ago)
2026-06-04 17:54:12.185 +05:30 [INF] [Governance] Found stale empty group: ADSyncOperators (created 650 days ago)
2026-06-04 17:54:12.194 +05:30 [INF] [Governance] Found stale empty group: TestGroup2 (created 640 days ago)
2026-06-04 17:54:12.205 +05:30 [INF] [Governance] Fetching users from Graph...
2026-06-04 17:54:12.218 +05:30 [INF] Start processing HTTP request GET https://graph.microsoft.com/v1.0/users?*
2026-06-04 17:54:12.232 +05:30 [INF] Sending HTTP request GET https://graph.microsoft.com/v1.0/users?*
2026-06-04 17:54:12.467 +05:30 [INF] Received HTTP response headers after 218.7534ms - 200
2026-06-04 17:54:12.485 +05:30 [INF] End processing HTTP request after 267.5621ms - 200
2026-06-04 17:54:12.574 +05:30 [INF] [Governance] Users result: IsSuccess=true, Count=23
2026-06-04 17:54:12.594 +05:30 [INF] [Governance] Final findings count: 108 (Critical=65, Warning=25, Info=18)
2026-06-04 17:54:12.743 +05:30 [WRN] Slow request: GET /api/v1/governance/findings responded 200 in 7785ms
2026-06-04 17:54:36.081 +05:30 [WRN] Slow request: GET /hubs/sigma responded 101 in 42903ms
2026-06-04 17:54:42.377 +05:30 [INF] IDX10242: Security token: '[PII of type 'Microsoft.IdentityModel.JsonWebTokens.JsonWebToken' is hidden. For more details, see https://aka.ms/IdentityModel/PII.]' has a valid signature.
2026-06-04 17:54:42.490 +05:30 [INF] IDX10239: Lifetime of the token is valid.
2026-06-04 17:54:42.515 +05:30 [INF] IDX10234: Audience Validated.Audience: 'api://f0ee212a-b836-4f5c-aafe-bee4b0ebfcfb'
2026-06-04 17:54:42.564 +05:30 [INF] IDX10245: Creating claims identity from the validated token: '[PII of type 'Microsoft.IdentityModel.JsonWebTokens.JsonWebToken' is hidden. For more details, see https://aka.ms/IdentityModel/PII.]'.
2026-06-04 17:54:42.598 +05:30 [INF] Request: GET /api/v1/entra/tenant responded 200 in 222ms
2026-06-04 17:54:42.957 +05:30 [INF] IDX10242: Security token: '[PII of type 'Microsoft.IdentityModel.JsonWebTokens.JsonWebToken' is hidden. For more details, see https://aka.ms/IdentityModel/PII.]' has a valid signature.
2026-06-04 17:54:42.966 +05:30 [INF] IDX10239: Lifetime of the token is valid.
2026-06-04 17:54:42.992 +05:30 [INF] IDX10234: Audience Validated.Audience: 'api://f0ee212a-b836-4f5c-aafe-bee4b0ebfcfb'
2026-06-04 17:54:43.048 +05:30 [INF] IDX10245: Creating claims identity from the validated token: '[PII of type 'Microsoft.IdentityModel.JsonWebTokens.JsonWebToken' is hidden. For more details, see https://aka.ms/IdentityModel/PII.]'.
2026-06-04 17:54:46.531 +05:30 [INF] IDX10242: Security token: '[PII of type 'Microsoft.IdentityModel.JsonWebTokens.JsonWebToken' is hidden. For more details, see https://aka.ms/IdentityModel/PII.]' has a valid signature.
2026-06-04 17:54:46.541 +05:30 [INF] IDX10239: Lifetime of the token is valid.
2026-06-04 17:54:46.555 +05:30 [INF] IDX10234: Audience Validated.Audience: 'api://f0ee212a-b836-4f5c-aafe-bee4b0ebfcfb'
2026-06-04 17:54:46.567 +05:30 [INF] IDX10245: Creating claims identity from the validated token: '[PII of type 'Microsoft.IdentityModel.JsonWebTokens.JsonWebToken' is hidden. For more details, see https://aka.ms/IdentityModel/PII.]'.
2026-06-04 17:54:46.576 +05:30 [INF] [Governance] Returning cached response with 108 findings
2026-06-04 17:54:46.590 +05:30 [INF] Request: GET /api/v1/governance/findings responded 200 in 60ms
2026-06-04 17:54:52.744 +05:30 [INF] IDX10242: Security token: '[PII of type 'Microsoft.IdentityModel.JsonWebTokens.JsonWebToken' is hidden. For more details, see https://aka.ms/IdentityModel/PII.]' has a valid signature.
2026-06-04 17:54:52.764 +05:30 [INF] IDX10239: Lifetime of the token is valid.
2026-06-04 17:54:52.778 +05:30 [INF] IDX10234: Audience Validated.Audience: 'api://f0ee212a-b836-4f5c-aafe-bee4b0ebfcfb'
2026-06-04 17:54:52.788 +05:30 [INF] IDX10245: Creating claims identity from the validated token: '[PII of type 'Microsoft.IdentityModel.JsonWebTokens.JsonWebToken' is hidden. For more details, see https://aka.ms/IdentityModel/PII.]'.
2026-06-04 17:54:53.065 +05:30 [INF] Start processing HTTP request GET https://graph.microsoft.com/v1.0/users?*
2026-06-04 17:54:53.091 +05:30 [INF] Sending HTTP request GET https://graph.microsoft.com/v1.0/users?*
2026-06-04 17:54:53.308 +05:30 [INF] Received HTTP response headers after 192.5934ms - 200
2026-06-04 17:54:53.343 +05:30 [INF] End processing HTTP request after 278.0438ms - 200
2026-06-04 17:54:53.429 +05:30 [INF] Request: GET /api/v1/entra/users responded 200 in 686ms
2026-06-04 17:54:57.510 +05:30 [INF] IDX10242: Security token: '[PII of type 'Microsoft.IdentityModel.JsonWebTokens.JsonWebToken' is hidden. For more details, see https://aka.ms/IdentityModel/PII.]' has a valid signature.
2026-06-04 17:54:57.520 +05:30 [INF] IDX10239: Lifetime of the token is valid.
2026-06-04 17:54:57.530 +05:30 [INF] IDX10234: Audience Validated.Audience: 'api://f0ee212a-b836-4f5c-aafe-bee4b0ebfcfb'
2026-06-04 17:54:57.550 +05:30 [INF] IDX10245: Creating claims identity from the validated token: '[PII of type 'Microsoft.IdentityModel.JsonWebTokens.JsonWebToken' is hidden. For more details, see https://aka.ms/IdentityModel/PII.]'.
2026-06-04 17:54:57.565 +05:30 [INF] [Governance] Fetching applications from Graph...
2026-06-04 17:54:57.578 +05:30 [INF] Start processing HTTP request GET https://graph.microsoft.com/v1.0/applications?*
2026-06-04 17:54:57.602 +05:30 [INF] Sending HTTP request GET https://graph.microsoft.com/v1.0/applications?*
2026-06-04 17:54:58.046 +05:30 [INF] Received HTTP response headers after 425.8248ms - 200
2026-06-04 17:54:58.072 +05:30 [INF] End processing HTTP request after 493.9227ms - 200
2026-06-04 17:54:58.102 +05:30 [INF] Start processing HTTP request POST https://graph.microsoft.com/v1.0/$batch
2026-06-04 17:54:58.122 +05:30 [INF] Sending HTTP request POST https://graph.microsoft.com/v1.0/$batch
2026-06-04 17:54:58.295 +05:30 [INF] Received HTTP response headers after 139.9863ms - 200
2026-06-04 17:54:58.319 +05:30 [INF] End processing HTTP request after 216.803ms - 200
2026-06-04 17:54:59.031 +05:30 [WRN] Failed to batch-fetch owner counts for applications
System.Text.Json.JsonException: The JSON value could not be converted to System.String. Path: $.responses[0].body | LineNumber: 0 | BytePositionInLine: 145.
 ---> System.InvalidOperationException: Cannot get the value of a token type 'StartObject' as a string.
   at System.Text.Json.ThrowHelper.ThrowInvalidOperationException_ExpectedString(JsonTokenType tokenType)
   at System.Text.Json.Utf8JsonReader.GetString()
   at System.Text.Json.Serialization.Metadata.JsonPropertyInfo`1.ReadJsonAndSetMember(Object obj, ReadStack& state, Utf8JsonReader& reader)
   at System.Text.Json.Serialization.Converters.ObjectDefaultConverter`1.OnTryRead(Utf8JsonReader& reader, Type typeToConvert, JsonSerializerOptions options, ReadStack& state, T& value)
   at System.Text.Json.Serialization.JsonConverter`1.TryRead(Utf8JsonReader& reader, Type typeToConvert, JsonSerializerOptions options, ReadStack& state, T& value, Boolean& isPopulatedValue)
   at System.Text.Json.Serialization.JsonCollectionConverter`2.OnTryRead(Utf8JsonReader& reader, Type typeToConvert, JsonSerializerOptions options, ReadStack& state, TCollection& value)
   at System.Text.Json.Serialization.Metadata.JsonPropertyInfo`1.ReadJsonAndSetMember(Object obj, ReadStack& state, Utf8JsonReader& reader)
   at System.Text.Json.Serialization.Converters.ObjectDefaultConverter`1.OnTryRead(Utf8JsonReader& reader, Type typeToConvert, JsonSerializerOptions options, ReadStack& state, T& value)
   at System.Text.Json.Serialization.JsonConverter`1.ReadCore(Utf8JsonReader& reader, T& value, JsonSerializerOptions options, ReadStack& state)
   --- End of inner exception stack trace ---
   at System.Text.Json.ThrowHelper.ReThrowWithPath(ReadStack& state, Utf8JsonReader& reader, Exception ex)
   at System.Text.Json.Serialization.JsonConverter`1.ReadCore(Utf8JsonReader& reader, T& value, JsonSerializerOptions options, ReadStack& state)
   at System.Text.Json.Serialization.Metadata.JsonTypeInfo`1.ContinueDeserialize[TReadBufferState,TStream](TReadBufferState& bufferState, JsonReaderState& jsonReaderState, ReadStack& readStack, T& value)
   at System.Text.Json.Serialization.Metadata.JsonTypeInfo`1.DeserializeAsync[TReadBufferState,TStream](TStream utf8Json, TReadBufferState bufferState, CancellationToken cancellationToken)
   at System.Net.Http.Json.HttpContentJsonExtensions.ReadFromJsonAsyncCore[T](HttpContent content, JsonSerializerOptions options, CancellationToken cancellationToken)
   at SIGMA.Infrastructure.Graph.GraphClientService.BatchGetApplicationOwnerCountsAsync(List`1 appIds, CancellationToken ct) in D:\SIGMA Project\SIGMA-Beta\SIGMA\src\SIGMA.Infrastructure\Graph\GraphClientService.cs:line 549
2026-06-04 17:54:59.065 +05:30 [INF] Start processing HTTP request POST https://graph.microsoft.com/v1.0/$batch
2026-06-04 17:54:59.081 +05:30 [INF] Sending HTTP request POST https://graph.microsoft.com/v1.0/$batch
2026-06-04 17:54:59.213 +05:30 [INF] Received HTTP response headers after 116.1902ms - 200
2026-06-04 17:54:59.239 +05:30 [INF] End processing HTTP request after 173.9422ms - 200
2026-06-04 17:54:59.487 +05:30 [WRN] Failed to batch-fetch owner counts for applications
System.Text.Json.JsonException: The JSON value could not be converted to System.String. Path: $.responses[0].body | LineNumber: 0 | BytePositionInLine: 145.
 ---> System.InvalidOperationException: Cannot get the value of a token type 'StartObject' as a string.
   at System.Text.Json.ThrowHelper.ThrowInvalidOperationException_ExpectedString(JsonTokenType tokenType)
   at System.Text.Json.Utf8JsonReader.GetString()
   at System.Text.Json.Serialization.Metadata.JsonPropertyInfo`1.ReadJsonAndSetMember(Object obj, ReadStack& state, Utf8JsonReader& reader)
   at System.Text.Json.Serialization.Converters.ObjectDefaultConverter`1.OnTryRead(Utf8JsonReader& reader, Type typeToConvert, JsonSerializerOptions options, ReadStack& state, T& value)
   at System.Text.Json.Serialization.JsonConverter`1.TryRead(Utf8JsonReader& reader, Type typeToConvert, JsonSerializerOptions options, ReadStack& state, T& value, Boolean& isPopulatedValue)
   at System.Text.Json.Serialization.JsonCollectionConverter`2.OnTryRead(Utf8JsonReader& reader, Type typeToConvert, JsonSerializerOptions options, ReadStack& state, TCollection& value)
   at System.Text.Json.Serialization.Metadata.JsonPropertyInfo`1.ReadJsonAndSetMember(Object obj, ReadStack& state, Utf8JsonReader& reader)
   at System.Text.Json.Serialization.Converters.ObjectDefaultConverter`1.OnTryRead(Utf8JsonReader& reader, Type typeToConvert, JsonSerializerOptions options, ReadStack& state, T& value)
   at System.Text.Json.Serialization.JsonConverter`1.ReadCore(Utf8JsonReader& reader, T& value, JsonSerializerOptions options, ReadStack& state)
   --- End of inner exception stack trace ---
   at System.Text.Json.ThrowHelper.ReThrowWithPath(ReadStack& state, Utf8JsonReader& reader, Exception ex)
   at System.Text.Json.Serialization.JsonConverter`1.ReadCore(Utf8JsonReader& reader, T& value, JsonSerializerOptions options, ReadStack& state)
   at System.Text.Json.Serialization.Metadata.JsonTypeInfo`1.ContinueDeserialize[TReadBufferState,TStream](TReadBufferState& bufferState, JsonReaderState& jsonReaderState, ReadStack& readStack, T& value)
   at System.Text.Json.Serialization.Metadata.JsonTypeInfo`1.DeserializeAsync[TReadBufferState,TStream](TStream utf8Json, TReadBufferState bufferState, CancellationToken cancellationToken)
   at System.Net.Http.Json.HttpContentJsonExtensions.ReadFromJsonAsyncCore[T](HttpContent content, JsonSerializerOptions options, CancellationToken cancellationToken)
   at SIGMA.Infrastructure.Graph.GraphClientService.BatchGetApplicationOwnerCountsAsync(List`1 appIds, CancellationToken ct) in D:\SIGMA Project\SIGMA-Beta\SIGMA\src\SIGMA.Infrastructure\Graph\GraphClientService.cs:line 549
2026-06-04 17:54:59.525 +05:30 [INF] [Governance] Applications result: IsSuccess=true, Error=null
2026-06-04 17:54:59.537 +05:30 [INF] [Governance] Processing 35 applications...
2026-06-04 17:54:59.550 +05:30 [INF] Start processing HTTP request GET https://graph.microsoft.com/v1.0/applications/0bbdd90f-39c8-4fa3-9b4b-1b2df842c658?*
2026-06-04 17:54:59.569 +05:30 [INF] Sending HTTP request GET https://graph.microsoft.com/v1.0/applications/0bbdd90f-39c8-4fa3-9b4b-1b2df842c658?*
2026-06-04 17:54:59.588 +05:30 [INF] Start processing HTTP request GET https://graph.microsoft.com/v1.0/applications/16390064-665b-46a7-bf00-af9438733c68?*
2026-06-04 17:54:59.604 +05:30 [INF] Sending HTTP request GET https://graph.microsoft.com/v1.0/applications/16390064-665b-46a7-bf00-af9438733c68?*
2026-06-04 17:54:59.621 +05:30 [INF] Start processing HTTP request GET https://graph.microsoft.com/v1.0/applications/168fff38-fb94-4f20-a935-4a12865d277e?*
2026-06-04 17:54:59.639 +05:30 [INF] Sending HTTP request GET https://graph.microsoft.com/v1.0/applications/168fff38-fb94-4f20-a935-4a12865d277e?*
2026-06-04 17:54:59.671 +05:30 [INF] Start processing HTTP request GET https://graph.microsoft.com/v1.0/applications/18683323-1182-42dc-83a1-1679ef2d8ccb?*
2026-06-04 17:54:59.688 +05:30 [INF] Sending HTTP request GET https://graph.microsoft.com/v1.0/applications/18683323-1182-42dc-83a1-1679ef2d8ccb?*
2026-06-04 17:54:59.710 +05:30 [INF] Start processing HTTP request GET https://graph.microsoft.com/v1.0/applications/1dc3420c-79ee-42ad-821e-832881d1359b?*
2026-06-04 17:54:59.726 +05:30 [INF] Sending HTTP request GET https://graph.microsoft.com/v1.0/applications/1dc3420c-79ee-42ad-821e-832881d1359b?*
2026-06-04 17:54:59.743 +05:30 [INF] Start processing HTTP request GET https://graph.microsoft.com/v1.0/applications/211fcada-7373-4adb-91cc-0b7fca809a3c?*
2026-06-04 17:54:59.763 +05:30 [INF] Sending HTTP request GET https://graph.microsoft.com/v1.0/applications/211fcada-7373-4adb-91cc-0b7fca809a3c?*
2026-06-04 17:54:59.777 +05:30 [INF] Received HTTP response headers after 190.2145ms - 200
2026-06-04 17:54:59.782 +05:30 [INF] Start processing HTTP request GET https://graph.microsoft.com/v1.0/applications/41357df4-0eb4-4cad-830f-c67c331165af?*
2026-06-04 17:54:59.803 +05:30 [INF] End processing HTTP request after 252.5085ms - 200
2026-06-04 17:54:59.819 +05:30 [INF] Sending HTTP request GET https://graph.microsoft.com/v1.0/applications/41357df4-0eb4-4cad-830f-c67c331165af?*
2026-06-04 17:54:59.827 +05:30 [INF] Received HTTP response headers after 206.3198ms - 200
2026-06-04 17:54:59.850 +05:30 [INF] Received HTTP response headers after 179.7303ms - 200
2026-06-04 17:54:59.855 +05:30 [INF] Start processing HTTP request GET https://graph.microsoft.com/v1.0/applications/426fdc27-92f9-4ff5-a261-5140585db6db?*
2026-06-04 17:54:59.883 +05:30 [INF] End processing HTTP request after 295.4581ms - 200
2026-06-04 17:54:59.860 +05:30 [INF] Received HTTP response headers after 118.5315ms - 200
2026-06-04 17:54:59.897 +05:30 [INF] Received HTTP response headers after 190.6673ms - 200
2026-06-04 17:54:59.911 +05:30 [INF] End processing HTTP request after 289.7085ms - 200
2026-06-04 17:54:59.944 +05:30 [INF] Sending HTTP request GET https://graph.microsoft.com/v1.0/applications/426fdc27-92f9-4ff5-a261-5140585db6db?*
2026-06-04 17:54:59.962 +05:30 [INF] Received HTTP response headers after 181.6142ms - 200
2026-06-04 17:55:00.076 +05:30 [INF] End processing HTTP request after 333.2028ms - 200
2026-06-04 17:54:59.985 +05:30 [INF] End processing HTTP request after 275.6236ms - 200
2026-06-04 17:55:00.006 +05:30 [INF] End processing HTTP request after 334.6418ms - 200
2026-06-04 17:55:00.054 +05:30 [INF] Start processing HTTP request GET https://graph.microsoft.com/v1.0/applications/457436a9-f6b9-491a-b540-34243534784f?*
2026-06-04 17:54:59.985 +05:30 [INF] Received HTTP response headers after 130.0524ms - 200
2026-06-04 17:55:00.191 +05:30 [INF] End processing HTTP request after 409.5903ms - 200
2026-06-04 17:55:00.170 +05:30 [INF] Sending HTTP request GET https://graph.microsoft.com/v1.0/applications/457436a9-f6b9-491a-b540-34243534784f?*
2026-06-04 17:55:00.229 +05:30 [INF] Start processing HTTP request GET https://graph.microsoft.com/v1.0/applications/49e2112b-0e2d-4381-b22e-38ca924f0134?*
2026-06-04 17:55:00.248 +05:30 [INF] Received HTTP response headers after 194.7636ms - 200
2026-06-04 17:55:00.249 +05:30 [INF] Sending HTTP request GET https://graph.microsoft.com/v1.0/applications/49e2112b-0e2d-4381-b22e-38ca924f0134?*
2026-06-04 17:55:00.269 +05:30 [INF] End processing HTTP request after 413.4097ms - 200
2026-06-04 17:55:00.287 +05:30 [INF] Start processing HTTP request GET https://graph.microsoft.com/v1.0/applications/49e94653-ce8e-473e-9ac7-8da94b59064b?*
2026-06-04 17:55:00.333 +05:30 [INF] Sending HTTP request GET https://graph.microsoft.com/v1.0/applications/49e94653-ce8e-473e-9ac7-8da94b59064b?*
2026-06-04 17:55:00.350 +05:30 [INF] Start processing HTTP request GET https://graph.microsoft.com/v1.0/applications/4d6e78f8-1d50-4982-ad74-f739af798409?*
2026-06-04 17:55:00.351 +05:30 [INF] Received HTTP response headers after 122.8457ms - 200
2026-06-04 17:55:00.366 +05:30 [INF] Sending HTTP request GET https://graph.microsoft.com/v1.0/applications/4d6e78f8-1d50-4982-ad74-f739af798409?*
2026-06-04 17:55:00.384 +05:30 [INF] End processing HTTP request after 330.1868ms - 200
2026-06-04 17:55:00.401 +05:30 [INF] Start processing HTTP request GET https://graph.microsoft.com/v1.0/applications/515206c9-45b1-47c8-990d-9eb4c90f1bc9?*
2026-06-04 17:55:00.436 +05:30 [INF] Sending HTTP request GET https://graph.microsoft.com/v1.0/applications/515206c9-45b1-47c8-990d-9eb4c90f1bc9?*
2026-06-04 17:55:00.454 +05:30 [INF] Start processing HTTP request GET https://graph.microsoft.com/v1.0/applications/604d3cea-cc9f-4cec-9767-7b0268a162a6?*
2026-06-04 17:55:00.469 +05:30 [INF] Received HTTP response headers after 183.2525ms - 200
2026-06-04 17:55:00.477 +05:30 [INF] Sending HTTP request GET https://graph.microsoft.com/v1.0/applications/604d3cea-cc9f-4cec-9767-7b0268a162a6?*
2026-06-04 17:55:00.498 +05:30 [INF] End processing HTTP request after 269.1166ms - 200
2026-06-04 17:55:00.516 +05:30 [INF] Start processing HTTP request GET https://graph.microsoft.com/v1.0/applications/68c03ecd-864b-4489-bde4-23da2d863cc9?*
2026-06-04 17:55:00.534 +05:30 [INF] Received HTTP response headers after 184.5707ms - 200
2026-06-04 17:55:00.535 +05:30 [INF] Received HTTP response headers after 135.6797ms - 200
2026-06-04 17:55:00.566 +05:30 [INF] Sending HTTP request GET https://graph.microsoft.com/v1.0/applications/68c03ecd-864b-4489-bde4-23da2d863cc9?*
2026-06-04 17:55:00.585 +05:30 [INF] End processing HTTP request after 298.0972ms - 200
2026-06-04 17:55:00.603 +05:30 [INF] End processing HTTP request after 252.9022ms - 200
2026-06-04 17:55:00.619 +05:30 [INF] Start processing HTTP request GET https://graph.microsoft.com/v1.0/applications/742fd072-6b6c-4230-8cf1-6972d7300ad5?*
2026-06-04 17:55:00.648 +05:30 [INF] Received HTTP response headers after 194.4143ms - 200
2026-06-04 17:55:00.683 +05:30 [INF] Sending HTTP request GET https://graph.microsoft.com/v1.0/applications/742fd072-6b6c-4230-8cf1-6972d7300ad5?*
2026-06-04 17:55:00.700 +05:30 [INF] End processing HTTP request after 299.2857ms - 200
2026-06-04 17:55:00.709 +05:30 [INF] Received HTTP response headers after 193.3717ms - 200
2026-06-04 17:55:00.715 +05:30 [INF] Start processing HTTP request GET https://graph.microsoft.com/v1.0/applications/76127915-56b3-483b-9d5b-c9f79c5637ff?*
2026-06-04 17:55:00.770 +05:30 [INF] End processing HTTP request after 315.9136ms - 200
2026-06-04 17:55:00.786 +05:30 [INF] Sending HTTP request GET https://graph.microsoft.com/v1.0/applications/76127915-56b3-483b-9d5b-c9f79c5637ff?*
2026-06-04 17:55:00.797 +05:30 [INF] Received HTTP response headers after 178.0941ms - 200
2026-06-04 17:55:00.830 +05:30 [INF] Start processing HTTP request GET https://graph.microsoft.com/v1.0/applications/76521842-1af8-4caf-b658-cc8189f05f86?*
2026-06-04 17:55:00.850 +05:30 [INF] End processing HTTP request after 334.0668ms - 200
2026-06-04 17:55:00.870 +05:30 [INF] Sending HTTP request GET https://graph.microsoft.com/v1.0/applications/76521842-1af8-4caf-b658-cc8189f05f86?*
2026-06-04 17:55:00.908 +05:30 [INF] Start processing HTTP request GET https://graph.microsoft.com/v1.0/applications/83e59e8b-1583-43c5-aab9-2512ca2aec1d?*
2026-06-04 17:55:00.929 +05:30 [INF] Sending HTTP request GET https://graph.microsoft.com/v1.0/applications/83e59e8b-1583-43c5-aab9-2512ca2aec1d?*
2026-06-04 17:55:00.952 +05:30 [INF] Start processing HTTP request GET https://graph.microsoft.com/v1.0/applications/860a6e19-3808-4bd0-81d8-e4ccc8d7d780?*
2026-06-04 17:55:00.965 +05:30 [INF] Received HTTP response headers after 136.7036ms - 200
2026-06-04 17:55:01.008 +05:30 [INF] End processing HTTP request after 292.725ms - 200
2026-06-04 17:55:00.986 +05:30 [INF] Sending HTTP request GET https://graph.microsoft.com/v1.0/applications/860a6e19-3808-4bd0-81d8-e4ccc8d7d780?*
2026-06-04 17:55:01.034 +05:30 [INF] Received HTTP response headers after 127.4889ms - 200
2026-06-04 17:55:01.069 +05:30 [INF] End processing HTTP request after 239.5328ms - 200
2026-06-04 17:55:01.101 +05:30 [INF] Received HTTP response headers after 387.0575ms - 200
2026-06-04 17:55:01.127 +05:30 [INF] End processing HTTP request after 507.1654ms - 200
2026-06-04 17:55:01.131 +05:30 [INF] Received HTTP response headers after 181.2533ms - 200
2026-06-04 17:55:01.175 +05:30 [INF] End processing HTTP request after 262.9644ms - 200
2026-06-04 17:55:01.182 +05:30 [INF] Received HTTP response headers after 133.5774ms - 200
2026-06-04 17:55:01.226 +05:30 [INF] End processing HTTP request after 274.0477ms - 200
2026-06-04 17:55:01.247 +05:30 [INF] Start processing HTTP request GET https://graph.microsoft.com/v1.0/applications/9c49407c-ffba-46e6-9478-4dc0adb10fb6?*
2026-06-04 17:55:01.265 +05:30 [INF] Sending HTTP request GET https://graph.microsoft.com/v1.0/applications/9c49407c-ffba-46e6-9478-4dc0adb10fb6?*
2026-06-04 17:55:01.284 +05:30 [INF] Start processing HTTP request GET https://graph.microsoft.com/v1.0/applications/b162627b-5d59-45ab-a873-8699ed5c2ad0?*
2026-06-04 17:55:01.303 +05:30 [INF] Sending HTTP request GET https://graph.microsoft.com/v1.0/applications/b162627b-5d59-45ab-a873-8699ed5c2ad0?*
2026-06-04 17:55:01.327 +05:30 [INF] Start processing HTTP request GET https://graph.microsoft.com/v1.0/applications/b26745cd-d8ac-4497-af66-b06ae74a239d?*
2026-06-04 17:55:01.348 +05:30 [INF] Sending HTTP request GET https://graph.microsoft.com/v1.0/applications/b26745cd-d8ac-4497-af66-b06ae74a239d?*
2026-06-04 17:55:01.368 +05:30 [INF] Start processing HTTP request GET https://graph.microsoft.com/v1.0/applications/b78fcfb9-0135-49e3-8a30-3c89f23efd27?*
2026-06-04 17:55:01.392 +05:30 [INF] Sending HTTP request GET https://graph.microsoft.com/v1.0/applications/b78fcfb9-0135-49e3-8a30-3c89f23efd27?*
2026-06-04 17:55:01.413 +05:30 [INF] Start processing HTTP request GET https://graph.microsoft.com/v1.0/applications/bd8e6495-916f-466e-b8ec-6c68b0ca2275?*
2026-06-04 17:55:01.431 +05:30 [INF] Sending HTTP request GET https://graph.microsoft.com/v1.0/applications/bd8e6495-916f-466e-b8ec-6c68b0ca2275?*
2026-06-04 17:55:01.461 +05:30 [INF] Received HTTP response headers after 177.0353ms - 200
2026-06-04 17:55:01.467 +05:30 [INF] Start processing HTTP request GET https://graph.microsoft.com/v1.0/applications/be0929ed-32bf-489d-b7e7-78c410f0eb32?*
2026-06-04 17:55:01.498 +05:30 [INF] End processing HTTP request after 250.6558ms - 200
2026-06-04 17:55:01.511 +05:30 [INF] Received HTTP response headers after 185.2086ms - 200
2026-06-04 17:55:01.518 +05:30 [INF] Sending HTTP request GET https://graph.microsoft.com/v1.0/applications/be0929ed-32bf-489d-b7e7-78c410f0eb32?*
2026-06-04 17:55:01.550 +05:30 [INF] Received HTTP response headers after 182.6339ms - 200
2026-06-04 17:55:01.564 +05:30 [INF] End processing HTTP request after 279.7026ms - 200
2026-06-04 17:55:01.583 +05:30 [INF] Start processing HTTP request GET https://graph.microsoft.com/v1.0/applications/d8bc9ce0-805e-4f15-abc1-3770664967be?*
2026-06-04 17:55:01.602 +05:30 [INF] End processing HTTP request after 274.9227ms - 200
2026-06-04 17:55:01.606 +05:30 [INF] Received HTTP response headers after 193.5626ms - 200
2026-06-04 17:55:01.636 +05:30 [INF] Received HTTP response headers after 170.4211ms - 200
2026-06-04 17:55:01.643 +05:30 [INF] Sending HTTP request GET https://graph.microsoft.com/v1.0/applications/d8bc9ce0-805e-4f15-abc1-3770664967be?*
2026-06-04 17:55:01.702 +05:30 [INF] End processing HTTP request after 333.2848ms - 200
2026-06-04 17:55:01.725 +05:30 [INF] End processing HTTP request after 311.4454ms - 200
2026-06-04 17:55:01.744 +05:30 [INF] Start processing HTTP request GET https://graph.microsoft.com/v1.0/applications/e6effa40-f02d-43b5-b176-f05c2bd6f9d8?*
2026-06-04 17:55:01.800 +05:30 [INF] Sending HTTP request GET https://graph.microsoft.com/v1.0/applications/e6effa40-f02d-43b5-b176-f05c2bd6f9d8?*
2026-06-04 17:55:01.822 +05:30 [INF] Start processing HTTP request GET https://graph.microsoft.com/v1.0/applications/e9dd9e09-6245-4451-bbfc-9271397838bd?*
2026-06-04 17:55:01.836 +05:30 [INF] Sending HTTP request GET https://graph.microsoft.com/v1.0/applications/e9dd9e09-6245-4451-bbfc-9271397838bd?*
2026-06-04 17:55:01.853 +05:30 [INF] Start processing HTTP request GET https://graph.microsoft.com/v1.0/applications/ec3e1482-03bc-4b54-bbb2-0098dca6c3d2?*
2026-06-04 17:55:01.877 +05:30 [INF] Sending HTTP request GET https://graph.microsoft.com/v1.0/applications/ec3e1482-03bc-4b54-bbb2-0098dca6c3d2?*
2026-06-04 17:55:01.901 +05:30 [INF] Start processing HTTP request GET https://graph.microsoft.com/v1.0/applications/ecf48238-8fe6-442d-ab11-447b07afd79e?*
2026-06-04 17:55:01.919 +05:30 [INF] Sending HTTP request GET https://graph.microsoft.com/v1.0/applications/ecf48238-8fe6-442d-ab11-447b07afd79e?*
2026-06-04 17:55:01.960 +05:30 [INF] Start processing HTTP request GET https://graph.microsoft.com/v1.0/applications/ed787c25-faab-4a75-ba66-d96ad1c32f33?*
2026-06-04 17:55:01.976 +05:30 [INF] Sending HTTP request GET https://graph.microsoft.com/v1.0/applications/ed787c25-faab-4a75-ba66-d96ad1c32f33?*
2026-06-04 17:55:01.995 +05:30 [INF] Start processing HTTP request GET https://graph.microsoft.com/v1.0/applications/f27d50af-8e5d-493b-8503-6cc072e85ee6?*
2026-06-04 17:55:02.010 +05:30 [INF] Received HTTP response headers after 190.6981ms - 200
2026-06-04 17:55:02.012 +05:30 [INF] Sending HTTP request GET https://graph.microsoft.com/v1.0/applications/f27d50af-8e5d-493b-8503-6cc072e85ee6?*
2026-06-04 17:55:02.030 +05:30 [INF] End processing HTTP request after 285.7858ms - 200
2026-06-04 17:55:02.047 +05:30 [INF] Start processing HTTP request GET https://graph.microsoft.com/v1.0/applications/f488bdea-975e-4c19-952b-ba57e2cd2b30?*
2026-06-04 17:55:02.062 +05:30 [INF] Received HTTP response headers after 209.8707ms - 200
2026-06-04 17:55:02.081 +05:30 [INF] Sending HTTP request GET https://graph.microsoft.com/v1.0/applications/f488bdea-975e-4c19-952b-ba57e2cd2b30?*
2026-06-04 17:55:02.102 +05:30 [INF] End processing HTTP request after 280.0765ms - 200
2026-06-04 17:55:02.129 +05:30 [INF] Start processing HTTP request GET https://graph.microsoft.com/v1.0/applications/fc6adfe3-0b18-45e2-9299-2b37b672df0e?*
2026-06-04 17:55:02.148 +05:30 [INF] Received HTTP response headers after 565.7744ms - 200
2026-06-04 17:55:02.164 +05:30 [INF] Received HTTP response headers after 204.2784ms - 200
2026-06-04 17:55:02.166 +05:30 [INF] Sending HTTP request GET https://graph.microsoft.com/v1.0/applications/fc6adfe3-0b18-45e2-9299-2b37b672df0e?*
2026-06-04 17:55:02.184 +05:30 [INF] End processing HTTP request after 717.4776ms - 200
2026-06-04 17:55:02.195 +05:30 [INF] Received HTTP response headers after 295.1623ms - 200
2026-06-04 17:55:02.201 +05:30 [INF] Received HTTP response headers after 206.2819ms - 200
2026-06-04 17:55:02.205 +05:30 [INF] End processing HTTP request after 304.0266ms - 200
2026-06-04 17:55:02.228 +05:30 [INF] Received HTTP response headers after 182.038ms - 200
2026-06-04 17:55:02.261 +05:30 [INF] End processing HTTP request after 407.8501ms - 200
2026-06-04 17:55:02.279 +05:30 [INF] End processing HTTP request after 318.38ms - 200
2026-06-04 17:55:02.317 +05:30 [INF] End processing HTTP request after 322.041ms - 200
2026-06-04 17:55:02.339 +05:30 [INF] Received HTTP response headers after 595.597ms - 200
2026-06-04 17:55:02.340 +05:30 [INF] Received HTTP response headers after 211.3014ms - 200
2026-06-04 17:55:02.421 +05:30 [INF] End processing HTTP request after 374.3231ms - 200
2026-06-04 17:55:02.411 +05:30 [INF] Received HTTP response headers after 189.5652ms - 200
2026-06-04 17:55:02.401 +05:30 [INF] End processing HTTP request after 817.7071ms - 200
2026-06-04 17:55:02.463 +05:30 [INF] End processing HTTP request after 333.8748ms - 200
2026-06-04 17:55:02.500 +05:30 [INF] [Governance] Fetching groups from Graph...
2026-06-04 17:55:02.512 +05:30 [INF] Start processing HTTP request GET https://graph.microsoft.com/v1.0/groups?*
2026-06-04 17:55:02.528 +05:30 [INF] Sending HTTP request GET https://graph.microsoft.com/v1.0/groups?*
2026-06-04 17:55:02.789 +05:30 [INF] Received HTTP response headers after 238.0634ms - 200
2026-06-04 17:55:02.812 +05:30 [INF] End processing HTTP request after 300.7832ms - 200
2026-06-04 17:55:02.833 +05:30 [INF] Start processing HTTP request POST https://graph.microsoft.com/v1.0/$batch
2026-06-04 17:55:02.851 +05:30 [INF] Sending HTTP request POST https://graph.microsoft.com/v1.0/$batch
2026-06-04 17:55:02.867 +05:30 [INF] Start processing HTTP request POST https://graph.microsoft.com/v1.0/$batch
2026-06-04 17:55:02.884 +05:30 [INF] Sending HTTP request POST https://graph.microsoft.com/v1.0/$batch
2026-06-04 17:55:02.977 +05:30 [INF] Received HTTP response headers after 110.773ms - 200
2026-06-04 17:55:03.004 +05:30 [INF] End processing HTTP request after 171.242ms - 200
2026-06-04 17:55:03.051 +05:30 [INF] Received HTTP response headers after 151.3045ms - 200
2026-06-04 17:55:03.074 +05:30 [INF] End processing HTTP request after 206.9634ms - 200
2026-06-04 17:55:03.215 +05:30 [WRN] Failed to batch-fetch owners counts for groups
System.Text.Json.JsonException: The JSON value could not be converted to System.String. Path: $.responses[0].body | LineNumber: 0 | BytePositionInLine: 144.
 ---> System.InvalidOperationException: Cannot get the value of a token type 'StartObject' as a string.
   at System.Text.Json.ThrowHelper.ThrowInvalidOperationException_ExpectedString(JsonTokenType tokenType)
   at System.Text.Json.Utf8JsonReader.GetString()
   at System.Text.Json.Serialization.Metadata.JsonPropertyInfo`1.ReadJsonAndSetMember(Object obj, ReadStack& state, Utf8JsonReader& reader)
   at System.Text.Json.Serialization.Converters.ObjectDefaultConverter`1.OnTryRead(Utf8JsonReader& reader, Type typeToConvert, JsonSerializerOptions options, ReadStack& state, T& value)
   at System.Text.Json.Serialization.JsonConverter`1.TryRead(Utf8JsonReader& reader, Type typeToConvert, JsonSerializerOptions options, ReadStack& state, T& value, Boolean& isPopulatedValue)
   at System.Text.Json.Serialization.JsonCollectionConverter`2.OnTryRead(Utf8JsonReader& reader, Type typeToConvert, JsonSerializerOptions options, ReadStack& state, TCollection& value)
   at System.Text.Json.Serialization.Metadata.JsonPropertyInfo`1.ReadJsonAndSetMember(Object obj, ReadStack& state, Utf8JsonReader& reader)
   at System.Text.Json.Serialization.Converters.ObjectDefaultConverter`1.OnTryRead(Utf8JsonReader& reader, Type typeToConvert, JsonSerializerOptions options, ReadStack& state, T& value)
   at System.Text.Json.Serialization.JsonConverter`1.ReadCore(Utf8JsonReader& reader, T& value, JsonSerializerOptions options, ReadStack& state)
   --- End of inner exception stack trace ---
   at System.Text.Json.ThrowHelper.ReThrowWithPath(ReadStack& state, Utf8JsonReader& reader, Exception ex)
   at System.Text.Json.Serialization.JsonConverter`1.ReadCore(Utf8JsonReader& reader, T& value, JsonSerializerOptions options, ReadStack& state)
   at System.Text.Json.Serialization.Metadata.JsonTypeInfo`1.DeserializeAsync[TReadBufferState,TStream](TStream utf8Json, TReadBufferState bufferState, CancellationToken cancellationToken)
   at System.Net.Http.Json.HttpContentJsonExtensions.ReadFromJsonAsyncCore[T](HttpContent content, JsonSerializerOptions options, CancellationToken cancellationToken)
   at SIGMA.Infrastructure.Graph.GraphClientService.BatchGetNavigationCountAsync(List`1 entityIds, String navigation, CancellationToken ct) in D:\SIGMA Project\SIGMA-Beta\SIGMA\src\SIGMA.Infrastructure\Graph\GraphClientService.cs:line 614
2026-06-04 17:55:03.715 +05:30 [WRN] Failed to batch-fetch members counts for groups
System.Text.Json.JsonException: The JSON value could not be converted to System.String. Path: $.responses[0].body | LineNumber: 0 | BytePositionInLine: 144.
 ---> System.InvalidOperationException: Cannot get the value of a token type 'StartObject' as a string.
   at System.Text.Json.ThrowHelper.ThrowInvalidOperationException_ExpectedString(JsonTokenType tokenType)
   at System.Text.Json.Utf8JsonReader.GetString()
   at System.Text.Json.Serialization.Metadata.JsonPropertyInfo`1.ReadJsonAndSetMember(Object obj, ReadStack& state, Utf8JsonReader& reader)
   at System.Text.Json.Serialization.Converters.ObjectDefaultConverter`1.OnTryRead(Utf8JsonReader& reader, Type typeToConvert, JsonSerializerOptions options, ReadStack& state, T& value)
   at System.Text.Json.Serialization.JsonConverter`1.TryRead(Utf8JsonReader& reader, Type typeToConvert, JsonSerializerOptions options, ReadStack& state, T& value, Boolean& isPopulatedValue)
   at System.Text.Json.Serialization.JsonCollectionConverter`2.OnTryRead(Utf8JsonReader& reader, Type typeToConvert, JsonSerializerOptions options, ReadStack& state, TCollection& value)
   at System.Text.Json.Serialization.Metadata.JsonPropertyInfo`1.ReadJsonAndSetMember(Object obj, ReadStack& state, Utf8JsonReader& reader)
   at System.Text.Json.Serialization.Converters.ObjectDefaultConverter`1.OnTryRead(Utf8JsonReader& reader, Type typeToConvert, JsonSerializerOptions options, ReadStack& state, T& value)
   at System.Text.Json.Serialization.JsonConverter`1.ReadCore(Utf8JsonReader& reader, T& value, JsonSerializerOptions options, ReadStack& state)
   --- End of inner exception stack trace ---
   at System.Text.Json.ThrowHelper.ReThrowWithPath(ReadStack& state, Utf8JsonReader& reader, Exception ex)
   at System.Text.Json.Serialization.JsonConverter`1.ReadCore(Utf8JsonReader& reader, T& value, JsonSerializerOptions options, ReadStack& state)
   at System.Text.Json.Serialization.Metadata.JsonTypeInfo`1.DeserializeAsync[TReadBufferState,TStream](TStream utf8Json, TReadBufferState bufferState, CancellationToken cancellationToken)
   at System.Net.Http.Json.HttpContentJsonExtensions.ReadFromJsonAsyncCore[T](HttpContent content, JsonSerializerOptions options, CancellationToken cancellationToken)
   at SIGMA.Infrastructure.Graph.GraphClientService.BatchGetNavigationCountAsync(List`1 entityIds, String navigation, CancellationToken ct) in D:\SIGMA Project\SIGMA-Beta\SIGMA\src\SIGMA.Infrastructure\Graph\GraphClientService.cs:line 614
2026-06-04 17:55:03.747 +05:30 [INF] [Governance] Groups result: IsSuccess=true, Count=19
2026-06-04 17:55:03.760 +05:30 [INF] [Governance] Found stale empty group: DnsAdmins (created 650 days ago)
2026-06-04 17:55:03.773 +05:30 [INF] [Governance] Found stale empty group: SeniorAdminTrail (created 645 days ago)
2026-06-04 17:55:03.782 +05:30 [INF] [Governance] Found stale empty group: ADSyncAdmins (created 650 days ago)
2026-06-04 17:55:03.795 +05:30 [INF] [Governance] Found stale empty group: MS_SuperStars (created 652 days ago)
2026-06-04 17:55:03.807 +05:30 [INF] [Governance] Found stale empty group: TestDemo (created 103 days ago)
2026-06-04 17:55:03.815 +05:30 [INF] [Governance] Found stale empty group: TrailMS365 (created 652 days ago)
2026-06-04 17:55:03.827 +05:30 [INF] [Governance] Found stale empty group: UserAdmin (created 640 days ago)
2026-06-04 17:55:03.842 +05:30 [INF] [Governance] Found stale empty group: TestGroup1 (created 640 days ago)
2026-06-04 17:55:03.859 +05:30 [INF] [Governance] Found stale empty group: DemoGroup (created 631 days ago)
2026-06-04 17:55:03.875 +05:30 [INF] [Governance] Found stale empty group: JuniorAdmins (created 644 days ago)
2026-06-04 17:55:03.892 +05:30 [INF] [Governance] Found stale empty group: Retail Trail (created 643 days ago)
2026-06-04 17:55:03.908 +05:30 [INF] [Governance] Found stale empty group: ADSyncBrowse (created 650 days ago)
2026-06-04 17:55:03.921 +05:30 [INF] [Governance] Found stale empty group: HelpDeskAdmin (created 640 days ago)
2026-06-04 17:55:03.931 +05:30 [INF] [Governance] Found stale empty group: SalesAndMarketingTrail (created 643 days ago)
2026-06-04 17:55:03.946 +05:30 [INF] [Governance] Found stale empty group: DnsUpdateProxy (created 650 days ago)
2026-06-04 17:55:03.961 +05:30 [INF] [Governance] Found stale empty group: ADSyncPasswordSet (created 650 days ago)
2026-06-04 17:55:03.975 +05:30 [INF] [Governance] Found stale empty group: ADSyncOperators (created 650 days ago)
2026-06-04 17:55:03.987 +05:30 [INF] [Governance] Found stale empty group: TestGroup2 (created 640 days ago)
2026-06-04 17:55:03.997 +05:30 [INF] [Governance] Fetching users from Graph...
2026-06-04 17:55:04.008 +05:30 [INF] Start processing HTTP request GET https://graph.microsoft.com/v1.0/users?*
2026-06-04 17:55:04.023 +05:30 [INF] Sending HTTP request GET https://graph.microsoft.com/v1.0/users?*
2026-06-04 17:55:04.259 +05:30 [INF] Received HTTP response headers after 219.6884ms - 200
2026-06-04 17:55:04.280 +05:30 [INF] End processing HTTP request after 271.2013ms - 200
2026-06-04 17:55:04.315 +05:30 [INF] [Governance] Users result: IsSuccess=true, Count=23
2026-06-04 17:55:04.329 +05:30 [INF] [Governance] Final findings count: 108 (Critical=65, Warning=25, Info=18)
2026-06-04 17:55:04.346 +05:30 [WRN] Slow request: GET /api/v1/governance/findings responded 200 in 6836ms
2026-06-04 17:55:04.405 +05:30 [INF] IDX10242: Security token: '[PII of type 'Microsoft.IdentityModel.JsonWebTokens.JsonWebToken' is hidden. For more details, see https://aka.ms/IdentityModel/PII.]' has a valid signature.
2026-06-04 17:55:04.413 +05:30 [INF] IDX10239: Lifetime of the token is valid.
2026-06-04 17:55:04.425 +05:30 [INF] IDX10234: Audience Validated.Audience: 'api://f0ee212a-b836-4f5c-aafe-bee4b0ebfcfb'
2026-06-04 17:55:04.435 +05:30 [INF] IDX10245: Creating claims identity from the validated token: '[PII of type 'Microsoft.IdentityModel.JsonWebTokens.JsonWebToken' is hidden. For more details, see https://aka.ms/IdentityModel/PII.]'.
2026-06-04 17:55:04.445 +05:30 [INF] [Governance] Returning cached response with 108 findings
2026-06-04 17:55:04.458 +05:30 [INF] Request: GET /api/v1/governance/findings responded 200 in 52ms
2026-06-04 18:21:42.166 +05:30 [WRN] Overriding address(es) 'http://0.0.0.0:5107'. Binding to endpoints defined via IConfiguration and/or UseKestrel() instead.
2026-06-04 18:21:42.328 +05:30 [INF] Now listening on: http://0.0.0.0:5107
2026-06-04 18:21:42.457 +05:30 [INF] Application started. Press Ctrl+C to shut down.
2026-06-04 18:21:42.462 +05:30 [INF] Hosting environment: Development
2026-06-04 18:21:42.465 +05:30 [INF] Content root path: D:\SIGMA Project\SIGMA-Beta\SIGMA\src\SIGMA.Api
2026-06-04 18:23:46.300 +05:30 [INF] Request: GET /swagger/index.html responded 304 in 332ms
2026-06-04 18:23:46.649 +05:30 [INF] Request: GET /swagger/index.css responded 200 in 216ms
2026-06-04 18:23:46.649 +05:30 [INF] Request: GET /swagger/swagger-ui.css responded 200 in 216ms
2026-06-04 18:23:46.693 +05:30 [INF] Request: GET /swagger/swagger-ui-standalone-preset.js responded 200 in 21ms
2026-06-04 18:23:46.750 +05:30 [INF] Request: GET /swagger/index.js responded 200 in 42ms
2026-06-04 18:23:46.813 +05:30 [INF] Request: GET /swagger/swagger-ui-bundle.js responded 200 in 151ms
2026-06-04 18:23:47.281 +05:30 [INF] Request: GET /swagger/favicon-32x32.png responded 200 in 5ms
2026-06-04 18:23:48.822 +05:30 [INF] Request: GET /openapi/v1.json responded 200 in 1551ms
2026-06-04 18:24:22.177 +05:30 [INF] Microsoft.IdentityModel Version: 8.18.0.0. Date 06/04/2026 12:54:22. PII logging is OFF. See https://aka.ms/IdentityModel/PII for details. 
IDX10242: Security token: '[PII of type 'Microsoft.IdentityModel.JsonWebTokens.JsonWebToken' is hidden. For more details, see https://aka.ms/IdentityModel/PII.]' has a valid signature.
2026-06-04 18:24:22.177 +05:30 [INF] Microsoft.IdentityModel Version: 8.18.0.0. Date 06/04/2026 12:54:22. PII logging is OFF. See https://aka.ms/IdentityModel/PII for details. 
IDX10242: Security token: '[PII of type 'Microsoft.IdentityModel.JsonWebTokens.JsonWebToken' is hidden. For more details, see https://aka.ms/IdentityModel/PII.]' has a valid signature.
2026-06-04 18:24:22.212 +05:30 [INF] IDX10239: Lifetime of the token is valid.
2026-06-04 18:24:22.212 +05:30 [INF] IDX10239: Lifetime of the token is valid.
2026-06-04 18:24:22.237 +05:30 [INF] IDX10234: Audience Validated.Audience: 'api://f0ee212a-b836-4f5c-aafe-bee4b0ebfcfb'
2026-06-04 18:24:22.237 +05:30 [INF] IDX10234: Audience Validated.Audience: 'api://f0ee212a-b836-4f5c-aafe-bee4b0ebfcfb'
2026-06-04 18:24:22.659 +05:30 [INF] IDX10245: Creating claims identity from the validated token: '[PII of type 'Microsoft.IdentityModel.JsonWebTokens.JsonWebToken' is hidden. For more details, see https://aka.ms/IdentityModel/PII.]'.
2026-06-04 18:24:22.713 +05:30 [INF] IDX10245: Creating claims identity from the validated token: '[PII of type 'Microsoft.IdentityModel.JsonWebTokens.JsonWebToken' is hidden. For more details, see https://aka.ms/IdentityModel/PII.]'.
2026-06-04 18:24:23.128 +05:30 [INF] [Governance] Fetching applications from Graph...
2026-06-04 18:24:24.354 +05:30 [INF] Start processing HTTP request GET https://graph.microsoft.com/v1.0/applications?*
2026-06-04 18:24:24.373 +05:30 [INF] Sending HTTP request GET https://graph.microsoft.com/v1.0/applications?*
2026-06-04 18:24:24.982 +05:30 [INF] Received HTTP response headers after 589.1197ms - 200
2026-06-04 18:24:25.002 +05:30 [INF] End processing HTTP request after 655.7055ms - 200
2026-06-04 18:24:25.443 +05:30 [INF] Start processing HTTP request POST https://graph.microsoft.com/v1.0/$batch
2026-06-04 18:24:25.458 +05:30 [INF] Sending HTTP request POST https://graph.microsoft.com/v1.0/$batch
2026-06-04 18:24:25.566 +05:30 [INF] Received HTTP response headers after 93.1122ms - 200
2026-06-04 18:24:25.590 +05:30 [INF] End processing HTTP request after 147.9501ms - 200
2026-06-04 18:24:26.593 +05:30 [WRN] Failed to batch-fetch owner counts for applications
System.Text.Json.JsonException: The JSON value could not be converted to System.String. Path: $.responses[0].body | LineNumber: 0 | BytePositionInLine: 144.
 ---> System.InvalidOperationException: Cannot get the value of a token type 'StartObject' as a string.
   at System.Text.Json.ThrowHelper.ThrowInvalidOperationException_ExpectedString(JsonTokenType tokenType)
   at System.Text.Json.Utf8JsonReader.GetString()
   at System.Text.Json.Serialization.Metadata.JsonPropertyInfo`1.ReadJsonAndSetMember(Object obj, ReadStack& state, Utf8JsonReader& reader)
   at System.Text.Json.Serialization.Converters.ObjectDefaultConverter`1.OnTryRead(Utf8JsonReader& reader, Type typeToConvert, JsonSerializerOptions options, ReadStack& state, T& value)
   at System.Text.Json.Serialization.JsonConverter`1.TryRead(Utf8JsonReader& reader, Type typeToConvert, JsonSerializerOptions options, ReadStack& state, T& value, Boolean& isPopulatedValue)
   at System.Text.Json.Serialization.JsonCollectionConverter`2.OnTryRead(Utf8JsonReader& reader, Type typeToConvert, JsonSerializerOptions options, ReadStack& state, TCollection& value)
   at System.Text.Json.Serialization.JsonConverter`1.TryRead(Utf8JsonReader& reader, Type typeToConvert, JsonSerializerOptions options, ReadStack& state, T& value, Boolean& isPopulatedValue)
   at System.Text.Json.Serialization.Metadata.JsonPropertyInfo`1.ReadJsonAndSetMember(Object obj, ReadStack& state, Utf8JsonReader& reader)
   at System.Text.Json.Serialization.Converters.ObjectDefaultConverter`1.OnTryRead(Utf8JsonReader& reader, Type typeToConvert, JsonSerializerOptions options, ReadStack& state, T& value)
   at System.Text.Json.Serialization.JsonConverter`1.TryRead(Utf8JsonReader& reader, Type typeToConvert, JsonSerializerOptions options, ReadStack& state, T& value, Boolean& isPopulatedValue)
   at System.Text.Json.Serialization.JsonConverter`1.ReadCore(Utf8JsonReader& reader, T& value, JsonSerializerOptions options, ReadStack& state)
   --- End of inner exception stack trace ---
   at System.Text.Json.ThrowHelper.ReThrowWithPath(ReadStack& state, Utf8JsonReader& reader, Exception ex)
   at System.Text.Json.Serialization.JsonConverter`1.ReadCore(Utf8JsonReader& reader, T& value, JsonSerializerOptions options, ReadStack& state)
   at System.Text.Json.Serialization.Metadata.JsonTypeInfo`1.ContinueDeserialize[TReadBufferState,TStream](TReadBufferState& bufferState, JsonReaderState& jsonReaderState, ReadStack& readStack, T& value)
   at System.Text.Json.Serialization.Metadata.JsonTypeInfo`1.DeserializeAsync[TReadBufferState,TStream](TStream utf8Json, TReadBufferState bufferState, CancellationToken cancellationToken)
   at System.Net.Http.Json.HttpContentJsonExtensions.ReadFromJsonAsyncCore[T](HttpContent content, JsonSerializerOptions options, CancellationToken cancellationToken)
   at SIGMA.Infrastructure.Graph.GraphClientService.BatchGetApplicationOwnerCountsAsync(List`1 appIds, CancellationToken ct) in D:\SIGMA Project\SIGMA-Beta\SIGMA\src\SIGMA.Infrastructure\Graph\GraphClientService.cs:line 549
2026-06-04 18:24:26.674 +05:30 [INF] Start processing HTTP request POST https://graph.microsoft.com/v1.0/$batch
2026-06-04 18:24:26.690 +05:30 [INF] Sending HTTP request POST https://graph.microsoft.com/v1.0/$batch
2026-06-04 18:24:26.796 +05:30 [INF] Received HTTP response headers after 91.0579ms - 200
2026-06-04 18:24:26.815 +05:30 [INF] End processing HTTP request after 141.1289ms - 200
2026-06-04 18:24:27.006 +05:30 [WRN] Failed to batch-fetch owner counts for applications
System.Text.Json.JsonException: The JSON value could not be converted to System.String. Path: $.responses[0].body | LineNumber: 0 | BytePositionInLine: 144.
 ---> System.InvalidOperationException: Cannot get the value of a token type 'StartObject' as a string.
   at System.Text.Json.ThrowHelper.ThrowInvalidOperationException_ExpectedString(JsonTokenType tokenType)
   at System.Text.Json.Utf8JsonReader.GetString()
   at System.Text.Json.Serialization.Metadata.JsonPropertyInfo`1.ReadJsonAndSetMember(Object obj, ReadStack& state, Utf8JsonReader& reader)
   at System.Text.Json.Serialization.Converters.ObjectDefaultConverter`1.OnTryRead(Utf8JsonReader& reader, Type typeToConvert, JsonSerializerOptions options, ReadStack& state, T& value)
   at System.Text.Json.Serialization.JsonConverter`1.TryRead(Utf8JsonReader& reader, Type typeToConvert, JsonSerializerOptions options, ReadStack& state, T& value, Boolean& isPopulatedValue)
   at System.Text.Json.Serialization.JsonCollectionConverter`2.OnTryRead(Utf8JsonReader& reader, Type typeToConvert, JsonSerializerOptions options, ReadStack& state, TCollection& value)
   at System.Text.Json.Serialization.JsonConverter`1.TryRead(Utf8JsonReader& reader, Type typeToConvert, JsonSerializerOptions options, ReadStack& state, T& value, Boolean& isPopulatedValue)
   at System.Text.Json.Serialization.Metadata.JsonPropertyInfo`1.ReadJsonAndSetMember(Object obj, ReadStack& state, Utf8JsonReader& reader)
   at System.Text.Json.Serialization.Converters.ObjectDefaultConverter`1.OnTryRead(Utf8JsonReader& reader, Type typeToConvert, JsonSerializerOptions options, ReadStack& state, T& value)
   at System.Text.Json.Serialization.JsonConverter`1.TryRead(Utf8JsonReader& reader, Type typeToConvert, JsonSerializerOptions options, ReadStack& state, T& value, Boolean& isPopulatedValue)
   at System.Text.Json.Serialization.JsonConverter`1.ReadCore(Utf8JsonReader& reader, T& value, JsonSerializerOptions options, ReadStack& state)
   --- End of inner exception stack trace ---
   at System.Text.Json.ThrowHelper.ReThrowWithPath(ReadStack& state, Utf8JsonReader& reader, Exception ex)
   at System.Text.Json.Serialization.JsonConverter`1.ReadCore(Utf8JsonReader& reader, T& value, JsonSerializerOptions options, ReadStack& state)
   at System.Text.Json.Serialization.Metadata.JsonTypeInfo`1.ContinueDeserialize[TReadBufferState,TStream](TReadBufferState& bufferState, JsonReaderState& jsonReaderState, ReadStack& readStack, T& value)
   at System.Text.Json.Serialization.Metadata.JsonTypeInfo`1.DeserializeAsync[TReadBufferState,TStream](TStream utf8Json, TReadBufferState bufferState, CancellationToken cancellationToken)
   at System.Net.Http.Json.HttpContentJsonExtensions.ReadFromJsonAsyncCore[T](HttpContent content, JsonSerializerOptions options, CancellationToken cancellationToken)
   at SIGMA.Infrastructure.Graph.GraphClientService.BatchGetApplicationOwnerCountsAsync(List`1 appIds, CancellationToken ct) in D:\SIGMA Project\SIGMA-Beta\SIGMA\src\SIGMA.Infrastructure\Graph\GraphClientService.cs:line 549
2026-06-04 18:24:27.046 +05:30 [INF] [Governance] Applications result: IsSuccess=true, Error=null
2026-06-04 18:24:27.057 +05:30 [INF] [Governance] Processing 35 applications...
2026-06-04 18:24:27.082 +05:30 [INF] Start processing HTTP request GET https://graph.microsoft.com/v1.0/applications/0bbdd90f-39c8-4fa3-9b4b-1b2df842c658?*
2026-06-04 18:24:27.102 +05:30 [INF] Sending HTTP request GET https://graph.microsoft.com/v1.0/applications/0bbdd90f-39c8-4fa3-9b4b-1b2df842c658?*
2026-06-04 18:24:27.125 +05:30 [INF] Start processing HTTP request GET https://graph.microsoft.com/v1.0/applications/16390064-665b-46a7-bf00-af9438733c68?*
2026-06-04 18:24:27.147 +05:30 [INF] Sending HTTP request GET https://graph.microsoft.com/v1.0/applications/16390064-665b-46a7-bf00-af9438733c68?*
2026-06-04 18:24:27.165 +05:30 [INF] Start processing HTTP request GET https://graph.microsoft.com/v1.0/applications/168fff38-fb94-4f20-a935-4a12865d277e?*
2026-06-04 18:24:27.180 +05:30 [INF] Sending HTTP request GET https://graph.microsoft.com/v1.0/applications/168fff38-fb94-4f20-a935-4a12865d277e?*
2026-06-04 18:24:27.202 +05:30 [INF] Start processing HTTP request GET https://graph.microsoft.com/v1.0/applications/18683323-1182-42dc-83a1-1679ef2d8ccb?*
2026-06-04 18:24:27.225 +05:30 [INF] Sending HTTP request GET https://graph.microsoft.com/v1.0/applications/18683323-1182-42dc-83a1-1679ef2d8ccb?*
2026-06-04 18:24:27.242 +05:30 [INF] Start processing HTTP request GET https://graph.microsoft.com/v1.0/applications/1dc3420c-79ee-42ad-821e-832881d1359b?*
2026-06-04 18:24:27.256 +05:30 [INF] Sending HTTP request GET https://graph.microsoft.com/v1.0/applications/1dc3420c-79ee-42ad-821e-832881d1359b?*
2026-06-04 18:24:27.272 +05:30 [INF] Start processing HTTP request GET https://graph.microsoft.com/v1.0/applications/211fcada-7373-4adb-91cc-0b7fca809a3c?*
2026-06-04 18:24:27.280 +05:30 [INF] Received HTTP response headers after 159.2553ms - 200
2026-06-04 18:24:27.288 +05:30 [INF] Sending HTTP request GET https://graph.microsoft.com/v1.0/applications/211fcada-7373-4adb-91cc-0b7fca809a3c?*
2026-06-04 18:24:27.307 +05:30 [INF] End processing HTTP request after 225.5606ms - 200
2026-06-04 18:24:27.330 +05:30 [INF] Start processing HTTP request GET https://graph.microsoft.com/v1.0/applications/41357df4-0eb4-4cad-830f-c67c331165af?*
2026-06-04 18:24:27.364 +05:30 [INF] Sending HTTP request GET https://graph.microsoft.com/v1.0/applications/41357df4-0eb4-4cad-830f-c67c331165af?*
2026-06-04 18:24:27.379 +05:30 [INF] Start processing HTTP request GET https://graph.microsoft.com/v1.0/applications/426fdc27-92f9-4ff5-a261-5140585db6db?*
2026-06-04 18:24:27.392 +05:30 [INF] Sending HTTP request GET https://graph.microsoft.com/v1.0/applications/426fdc27-92f9-4ff5-a261-5140585db6db?*
2026-06-04 18:24:27.416 +05:30 [INF] Start processing HTTP request GET https://graph.microsoft.com/v1.0/applications/457436a9-f6b9-491a-b540-34243534784f?*
2026-06-04 18:24:27.434 +05:30 [INF] Sending HTTP request GET https://graph.microsoft.com/v1.0/applications/457436a9-f6b9-491a-b540-34243534784f?*
2026-06-04 18:24:27.449 +05:30 [INF] Start processing HTTP request GET https://graph.microsoft.com/v1.0/applications/49e2112b-0e2d-4381-b22e-38ca924f0134?*
2026-06-04 18:24:27.464 +05:30 [INF] Sending HTTP request GET https://graph.microsoft.com/v1.0/applications/49e2112b-0e2d-4381-b22e-38ca924f0134?*
2026-06-04 18:24:27.480 +05:30 [INF] Start processing HTTP request GET https://graph.microsoft.com/v1.0/applications/49e94653-ce8e-473e-9ac7-8da94b59064b?*
2026-06-04 18:24:27.492 +05:30 [INF] Sending HTTP request GET https://graph.microsoft.com/v1.0/applications/49e94653-ce8e-473e-9ac7-8da94b59064b?*
2026-06-04 18:24:27.506 +05:30 [INF] Received HTTP response headers after 264.7542ms - 200
2026-06-04 18:24:27.523 +05:30 [INF] Received HTTP response headers after 358.5844ms - 200
2026-06-04 18:24:27.530 +05:30 [INF] Received HTTP response headers after 328.9085ms - 200
2026-06-04 18:24:27.526 +05:30 [INF] End processing HTTP request after 323.8388ms - 200
2026-06-04 18:24:27.550 +05:30 [INF] End processing HTTP request after 424.9382ms - 200
2026-06-04 18:24:27.567 +05:30 [INF] End processing HTTP request after 401.8129ms - 200
2026-06-04 18:24:27.568 +05:30 [INF] Received HTTP response headers after 297.6134ms - 200
2026-06-04 18:24:27.585 +05:30 [INF] Start processing HTTP request GET https://graph.microsoft.com/v1.0/applications/4d6e78f8-1d50-4982-ad74-f739af798409?*
2026-06-04 18:24:27.605 +05:30 [INF] Start processing HTTP request GET https://graph.microsoft.com/v1.0/applications/515206c9-45b1-47c8-990d-9eb4c90f1bc9?*
2026-06-04 18:24:27.617 +05:30 [INF] Received HTTP response headers after 288.1788ms - 200
2026-06-04 18:24:27.623 +05:30 [INF] Start processing HTTP request GET https://graph.microsoft.com/v1.0/applications/604d3cea-cc9f-4cec-9767-7b0268a162a6?*
2026-06-04 18:24:27.648 +05:30 [INF] End processing HTTP request after 405.9439ms - 200
2026-06-04 18:24:27.662 +05:30 [INF] Sending HTTP request GET https://graph.microsoft.com/v1.0/applications/4d6e78f8-1d50-4982-ad74-f739af798409?*
2026-06-04 18:24:27.675 +05:30 [INF] Sending HTTP request GET https://graph.microsoft.com/v1.0/applications/515206c9-45b1-47c8-990d-9eb4c90f1bc9?*
2026-06-04 18:24:27.685 +05:30 [INF] Received HTTP response headers after 271.1631ms - 200
2026-06-04 18:24:27.691 +05:30 [INF] End processing HTTP request after 418.9683ms - 200
2026-06-04 18:24:27.705 +05:30 [INF] Sending HTTP request GET https://graph.microsoft.com/v1.0/applications/604d3cea-cc9f-4cec-9767-7b0268a162a6?*
2026-06-04 18:24:27.716 +05:30 [INF] Received HTTP response headers after 340.4647ms - 200
2026-06-04 18:24:27.723 +05:30 [INF] Start processing HTTP request GET https://graph.microsoft.com/v1.0/applications/68c03ecd-864b-4489-bde4-23da2d863cc9?*
2026-06-04 18:24:27.738 +05:30 [INF] Received HTTP response headers after 231.1182ms - 200
2026-06-04 18:24:27.753 +05:30 [INF] Received HTTP response headers after 304.418ms - 200
2026-06-04 18:24:27.770 +05:30 [INF] End processing HTTP request after 391.6916ms - 200
2026-06-04 18:24:27.789 +05:30 [INF] Start processing HTTP request GET https://graph.microsoft.com/v1.0/applications/742fd072-6b6c-4230-8cf1-6972d7300ad5?*
2026-06-04 18:24:27.807 +05:30 [INF] Received HTTP response headers after 327.8354ms - 200
2026-06-04 18:24:27.825 +05:30 [INF] End processing HTTP request after 494.9725ms - 200
2026-06-04 18:24:27.840 +05:30 [INF] Sending HTTP request GET https://graph.microsoft.com/v1.0/applications/68c03ecd-864b-4489-bde4-23da2d863cc9?*
2026-06-04 18:24:27.861 +05:30 [INF] End processing HTTP request after 380.8203ms - 200
2026-06-04 18:24:27.881 +05:30 [INF] End processing HTTP request after 465.3855ms - 200
2026-06-04 18:24:27.903 +05:30 [INF] Start processing HTTP request GET https://graph.microsoft.com/v1.0/applications/76127915-56b3-483b-9d5b-c9f79c5637ff?*
2026-06-04 18:24:27.917 +05:30 [INF] Sending HTTP request GET https://graph.microsoft.com/v1.0/applications/742fd072-6b6c-4230-8cf1-6972d7300ad5?*
2026-06-04 18:24:27.936 +05:30 [INF] End processing HTTP request after 486.9636ms - 200
2026-06-04 18:24:27.956 +05:30 [INF] Start processing HTTP request GET https://graph.microsoft.com/v1.0/applications/76521842-1af8-4caf-b658-cc8189f05f86?*
2026-06-04 18:24:27.972 +05:30 [INF] Received HTTP response headers after 235.13ms - 200
2026-06-04 18:24:27.988 +05:30 [INF] Start processing HTTP request GET https://graph.microsoft.com/v1.0/applications/83e59e8b-1583-43c5-aab9-2512ca2aec1d?*
2026-06-04 18:24:28.004 +05:30 [INF] Start processing HTTP request GET https://graph.microsoft.com/v1.0/applications/860a6e19-3808-4bd0-81d8-e4ccc8d7d780?*
2026-06-04 18:24:28.020 +05:30 [INF] Sending HTTP request GET https://graph.microsoft.com/v1.0/applications/76127915-56b3-483b-9d5b-c9f79c5637ff?*
2026-06-04 18:24:28.052 +05:30 [INF] Received HTTP response headers after 299.9762ms - 200
2026-06-04 18:24:28.057 +05:30 [INF] Received HTTP response headers after 250.8255ms - 200
2026-06-04 18:24:28.067 +05:30 [INF] Sending HTTP request GET https://graph.microsoft.com/v1.0/applications/76521842-1af8-4caf-b658-cc8189f05f86?*
2026-06-04 18:24:28.090 +05:30 [INF] End processing HTTP request after 504.4073ms - 200
2026-06-04 18:24:28.106 +05:30 [INF] Sending HTTP request GET https://graph.microsoft.com/v1.0/applications/83e59e8b-1583-43c5-aab9-2512ca2aec1d?*
2026-06-04 18:24:28.122 +05:30 [INF] Sending HTTP request GET https://graph.microsoft.com/v1.0/applications/860a6e19-3808-4bd0-81d8-e4ccc8d7d780?*
2026-06-04 18:24:28.139 +05:30 [INF] Received HTTP response headers after 168.3876ms - 200
2026-06-04 18:24:28.156 +05:30 [INF] End processing HTTP request after 551.0698ms - 200
2026-06-04 18:24:28.175 +05:30 [INF] End processing HTTP request after 551.1092ms - 200
2026-06-04 18:24:28.193 +05:30 [INF] Received HTTP response headers after 159.6029ms - 200
2026-06-04 18:24:28.228 +05:30 [INF] Received HTTP response headers after 89.6762ms - 200
2026-06-04 18:24:28.255 +05:30 [INF] End processing HTTP request after 532.5333ms - 200
2026-06-04 18:24:28.312 +05:30 [INF] End processing HTTP request after 522.8503ms - 200
2026-06-04 18:24:28.327 +05:30 [INF] Received HTTP response headers after 102.9622ms - 200
2026-06-04 18:24:28.330 +05:30 [INF] End processing HTTP request after 427.2792ms - 200
2026-06-04 18:24:28.344 +05:30 [INF] Received HTTP response headers after 153.6169ms - 200
2026-06-04 18:24:28.389 +05:30 [INF] Received HTTP response headers after 149.4176ms - 200
2026-06-04 18:24:28.469 +05:30 [INF] End processing HTTP request after 481.4005ms - 200
2026-06-04 18:24:28.512 +05:30 [INF] End processing HTTP request after 556.2491ms - 200
2026-06-04 18:24:28.530 +05:30 [INF] End processing HTTP request after 525.4606ms - 200
2026-06-04 18:24:28.587 +05:30 [INF] Start processing HTTP request GET https://graph.microsoft.com/v1.0/applications/9c49407c-ffba-46e6-9478-4dc0adb10fb6?*
2026-06-04 18:24:28.603 +05:30 [INF] Sending HTTP request GET https://graph.microsoft.com/v1.0/applications/9c49407c-ffba-46e6-9478-4dc0adb10fb6?*
2026-06-04 18:24:28.621 +05:30 [INF] Start processing HTTP request GET https://graph.microsoft.com/v1.0/applications/b162627b-5d59-45ab-a873-8699ed5c2ad0?*
2026-06-04 18:24:28.639 +05:30 [INF] Sending HTTP request GET https://graph.microsoft.com/v1.0/applications/b162627b-5d59-45ab-a873-8699ed5c2ad0?*
2026-06-04 18:24:28.655 +05:30 [INF] Start processing HTTP request GET https://graph.microsoft.com/v1.0/applications/b26745cd-d8ac-4497-af66-b06ae74a239d?*
2026-06-04 18:24:28.672 +05:30 [INF] Sending HTTP request GET https://graph.microsoft.com/v1.0/applications/b26745cd-d8ac-4497-af66-b06ae74a239d?*
2026-06-04 18:24:28.688 +05:30 [INF] Start processing HTTP request GET https://graph.microsoft.com/v1.0/applications/b78fcfb9-0135-49e3-8a30-3c89f23efd27?*
2026-06-04 18:24:28.703 +05:30 [INF] Sending HTTP request GET https://graph.microsoft.com/v1.0/applications/b78fcfb9-0135-49e3-8a30-3c89f23efd27?*
2026-06-04 18:24:28.729 +05:30 [INF] Start processing HTTP request GET https://graph.microsoft.com/v1.0/applications/bd8e6495-916f-466e-b8ec-6c68b0ca2275?*
2026-06-04 18:24:28.750 +05:30 [INF] Sending HTTP request GET https://graph.microsoft.com/v1.0/applications/bd8e6495-916f-466e-b8ec-6c68b0ca2275?*
2026-06-04 18:24:28.770 +05:30 [INF] Start processing HTTP request GET https://graph.microsoft.com/v1.0/applications/be0929ed-32bf-489d-b7e7-78c410f0eb32?*
2026-06-04 18:24:28.779 +05:30 [INF] Received HTTP response headers after 159.2485ms - 200
2026-06-04 18:24:28.781 +05:30 [INF] Received HTTP response headers after 93.8061ms - 200
2026-06-04 18:24:28.789 +05:30 [INF] Sending HTTP request GET https://graph.microsoft.com/v1.0/applications/be0929ed-32bf-489d-b7e7-78c410f0eb32?*
2026-06-04 18:24:28.807 +05:30 [INF] End processing HTTP request after 219.8488ms - 200
2026-06-04 18:24:28.813 +05:30 [INF] Received HTTP response headers after 158.2792ms - 200
2026-06-04 18:24:28.828 +05:30 [INF] End processing HTTP request after 173.0761ms - 200
2026-06-04 18:24:28.846 +05:30 [INF] Start processing HTTP request GET https://graph.microsoft.com/v1.0/applications/d8bc9ce0-805e-4f15-abc1-3770664967be?*
2026-06-04 18:24:28.883 +05:30 [INF] End processing HTTP request after 261.6002ms - 200
2026-06-04 18:24:28.884 +05:30 [INF] Received HTTP response headers after 160.3586ms - 200
2026-06-04 18:24:28.919 +05:30 [INF] Sending HTTP request GET https://graph.microsoft.com/v1.0/applications/d8bc9ce0-805e-4f15-abc1-3770664967be?*
2026-06-04 18:24:28.943 +05:30 [INF] Received HTTP response headers after 174.0689ms - 200
2026-06-04 18:24:28.961 +05:30 [INF] End processing HTTP request after 272.9673ms - 200
2026-06-04 18:24:28.978 +05:30 [INF] Start processing HTTP request GET https://graph.microsoft.com/v1.0/applications/e6effa40-f02d-43b5-b176-f05c2bd6f9d8?*
2026-06-04 18:24:28.995 +05:30 [INF] End processing HTTP request after 266.9859ms - 200
2026-06-04 18:24:29.030 +05:30 [INF] Sending HTTP request GET https://graph.microsoft.com/v1.0/applications/e6effa40-f02d-43b5-b176-f05c2bd6f9d8?*
2026-06-04 18:24:29.065 +05:30 [INF] Start processing HTTP request GET https://graph.microsoft.com/v1.0/applications/e9dd9e09-6245-4451-bbfc-9271397838bd?*
2026-06-04 18:24:29.082 +05:30 [INF] Sending HTTP request GET https://graph.microsoft.com/v1.0/applications/e9dd9e09-6245-4451-bbfc-9271397838bd?*
2026-06-04 18:24:29.109 +05:30 [INF] Received HTTP response headers after 131.8392ms - 200
2026-06-04 18:24:29.115 +05:30 [INF] Start processing HTTP request GET https://graph.microsoft.com/v1.0/applications/ec3e1482-03bc-4b54-bbb2-0098dca6c3d2?*
2026-06-04 18:24:29.134 +05:30 [INF] End processing HTTP request after 288.1361ms - 200
2026-06-04 18:24:29.154 +05:30 [INF] Sending HTTP request GET https://graph.microsoft.com/v1.0/applications/ec3e1482-03bc-4b54-bbb2-0098dca6c3d2?*
2026-06-04 18:24:29.184 +05:30 [INF] Received HTTP response headers after 339.301ms - 200
2026-06-04 18:24:29.193 +05:30 [INF] Start processing HTTP request GET https://graph.microsoft.com/v1.0/applications/ecf48238-8fe6-442d-ab11-447b07afd79e?*
2026-06-04 18:24:29.211 +05:30 [INF] End processing HTTP request after 441.0696ms - 200
2026-06-04 18:24:29.227 +05:30 [INF] Sending HTTP request GET https://graph.microsoft.com/v1.0/applications/ecf48238-8fe6-442d-ab11-447b07afd79e?*
2026-06-04 18:24:29.227 +05:30 [INF] Received HTTP response headers after 162.7595ms - 200
2026-06-04 18:24:29.262 +05:30 [INF] Start processing HTTP request GET https://graph.microsoft.com/v1.0/applications/ed787c25-faab-4a75-ba66-d96ad1c32f33?*
2026-06-04 18:24:29.279 +05:30 [INF] End processing HTTP request after 301.2347ms - 200
2026-06-04 18:24:29.284 +05:30 [INF] Received HTTP response headers after 169.4945ms - 200
2026-06-04 18:24:29.296 +05:30 [INF] Sending HTTP request GET https://graph.microsoft.com/v1.0/applications/ed787c25-faab-4a75-ba66-d96ad1c32f33?*
2026-06-04 18:24:29.328 +05:30 [INF] End processing HTTP request after 262.4573ms - 200
2026-06-04 18:24:29.343 +05:30 [INF] Start processing HTTP request GET https://graph.microsoft.com/v1.0/applications/f27d50af-8e5d-493b-8503-6cc072e85ee6?*
2026-06-04 18:24:29.365 +05:30 [INF] Received HTTP response headers after 172.2704ms - 200
2026-06-04 18:24:29.381 +05:30 [INF] Sending HTTP request GET https://graph.microsoft.com/v1.0/applications/f27d50af-8e5d-493b-8503-6cc072e85ee6?*
2026-06-04 18:24:29.400 +05:30 [INF] End processing HTTP request after 284.4486ms - 200
2026-06-04 18:24:29.415 +05:30 [INF] Start processing HTTP request GET https://graph.microsoft.com/v1.0/applications/f488bdea-975e-4c19-952b-ba57e2cd2b30?*
2026-06-04 18:24:29.434 +05:30 [INF] Received HTTP response headers after 174.0308ms - 200
2026-06-04 18:24:29.442 +05:30 [INF] Received HTTP response headers after 99.8372ms - 200
2026-06-04 18:24:29.444 +05:30 [INF] Sending HTTP request GET https://graph.microsoft.com/v1.0/applications/f488bdea-975e-4c19-952b-ba57e2cd2b30?*
2026-06-04 18:24:29.460 +05:30 [INF] End processing HTTP request after 266.4714ms - 200
2026-06-04 18:24:29.476 +05:30 [INF] End processing HTTP request after 214.4099ms - 200
2026-06-04 18:24:29.490 +05:30 [INF] Start processing HTTP request GET https://graph.microsoft.com/v1.0/applications/fc6adfe3-0b18-45e2-9299-2b37b672df0e?*
2026-06-04 18:24:29.544 +05:30 [INF] Sending HTTP request GET https://graph.microsoft.com/v1.0/applications/fc6adfe3-0b18-45e2-9299-2b37b672df0e?*
2026-06-04 18:24:29.576 +05:30 [INF] Received HTTP response headers after 162.1728ms - 200
2026-06-04 18:24:29.598 +05:30 [INF] End processing HTTP request after 255.2824ms - 200
2026-06-04 18:24:29.659 +05:30 [INF] Received HTTP response headers after 170.2524ms - 200
2026-06-04 18:24:29.677 +05:30 [INF] End processing HTTP request after 262.6437ms - 200
2026-06-04 18:24:29.709 +05:30 [INF] Received HTTP response headers after 149.2576ms - 200
2026-06-04 18:24:29.728 +05:30 [INF] End processing HTTP request after 238.143ms - 200
2026-06-04 18:24:29.746 +05:30 [INF] [Governance] Fetching groups from Graph...
2026-06-04 18:24:29.760 +05:30 [INF] Start processing HTTP request GET https://graph.microsoft.com/v1.0/groups?*
2026-06-04 18:24:29.776 +05:30 [INF] Sending HTTP request GET https://graph.microsoft.com/v1.0/groups?*
2026-06-04 18:24:29.973 +05:30 [INF] Received HTTP response headers after 176.5646ms - 200
2026-06-04 18:24:29.995 +05:30 [INF] End processing HTTP request after 234.5229ms - 200
2026-06-04 18:24:30.053 +05:30 [INF] Start processing HTTP request POST https://graph.microsoft.com/v1.0/$batch
2026-06-04 18:24:30.067 +05:30 [INF] Sending HTTP request POST https://graph.microsoft.com/v1.0/$batch
2026-06-04 18:24:30.085 +05:30 [INF] Start processing HTTP request POST https://graph.microsoft.com/v1.0/$batch
2026-06-04 18:24:30.098 +05:30 [INF] Sending HTTP request POST https://graph.microsoft.com/v1.0/$batch
2026-06-04 18:24:30.172 +05:30 [INF] Received HTTP response headers after 88.8497ms - 200
2026-06-04 18:24:30.190 +05:30 [INF] End processing HTTP request after 137.0058ms - 200
2026-06-04 18:24:30.207 +05:30 [INF] Received HTTP response headers after 95.1407ms - 200
2026-06-04 18:24:30.232 +05:30 [INF] End processing HTTP request after 147.3691ms - 200
2026-06-04 18:24:30.715 +05:30 [WRN] Failed to batch-fetch owners counts for groups
System.Text.Json.JsonException: The JSON value could not be converted to System.String. Path: $.responses[0].body | LineNumber: 0 | BytePositionInLine: 144.
 ---> System.InvalidOperationException: Cannot get the value of a token type 'StartObject' as a string.
   at System.Text.Json.ThrowHelper.ThrowInvalidOperationException_ExpectedString(JsonTokenType tokenType)
   at System.Text.Json.Utf8JsonReader.GetString()
   at System.Text.Json.Serialization.Metadata.JsonPropertyInfo`1.ReadJsonAndSetMember(Object obj, ReadStack& state, Utf8JsonReader& reader)
   at System.Text.Json.Serialization.Converters.ObjectDefaultConverter`1.OnTryRead(Utf8JsonReader& reader, Type typeToConvert, JsonSerializerOptions options, ReadStack& state, T& value)
   at System.Text.Json.Serialization.JsonConverter`1.TryRead(Utf8JsonReader& reader, Type typeToConvert, JsonSerializerOptions options, ReadStack& state, T& value, Boolean& isPopulatedValue)
   at System.Text.Json.Serialization.JsonCollectionConverter`2.OnTryRead(Utf8JsonReader& reader, Type typeToConvert, JsonSerializerOptions options, ReadStack& state, TCollection& value)
   at System.Text.Json.Serialization.JsonConverter`1.TryRead(Utf8JsonReader& reader, Type typeToConvert, JsonSerializerOptions options, ReadStack& state, T& value, Boolean& isPopulatedValue)
   at System.Text.Json.Serialization.Metadata.JsonPropertyInfo`1.ReadJsonAndSetMember(Object obj, ReadStack& state, Utf8JsonReader& reader)
   at System.Text.Json.Serialization.Converters.ObjectDefaultConverter`1.OnTryRead(Utf8JsonReader& reader, Type typeToConvert, JsonSerializerOptions options, ReadStack& state, T& value)
   at System.Text.Json.Serialization.JsonConverter`1.TryRead(Utf8JsonReader& reader, Type typeToConvert, JsonSerializerOptions options, ReadStack& state, T& value, Boolean& isPopulatedValue)
   at System.Text.Json.Serialization.JsonConverter`1.ReadCore(Utf8JsonReader& reader, T& value, JsonSerializerOptions options, ReadStack& state)
   --- End of inner exception stack trace ---
   at System.Text.Json.ThrowHelper.ReThrowWithPath(ReadStack& state, Utf8JsonReader& reader, Exception ex)
   at System.Text.Json.Serialization.JsonConverter`1.ReadCore(Utf8JsonReader& reader, T& value, JsonSerializerOptions options, ReadStack& state)
   at System.Text.Json.Serialization.Metadata.JsonTypeInfo`1.ContinueDeserialize[TReadBufferState,TStream](TReadBufferState& bufferState, JsonReaderState& jsonReaderState, ReadStack& readStack, T& value)
   at System.Text.Json.Serialization.Metadata.JsonTypeInfo`1.DeserializeAsync[TReadBufferState,TStream](TStream utf8Json, TReadBufferState bufferState, CancellationToken cancellationToken)
   at System.Net.Http.Json.HttpContentJsonExtensions.ReadFromJsonAsyncCore[T](HttpContent content, JsonSerializerOptions options, CancellationToken cancellationToken)
   at SIGMA.Infrastructure.Graph.GraphClientService.BatchGetNavigationCountAsync(List`1 entityIds, String navigation, CancellationToken ct) in D:\SIGMA Project\SIGMA-Beta\SIGMA\src\SIGMA.Infrastructure\Graph\GraphClientService.cs:line 614
2026-06-04 18:24:30.850 +05:30 [WRN] Failed to batch-fetch members counts for groups
System.Text.Json.JsonException: The JSON value could not be converted to System.String. Path: $.responses[0].body | LineNumber: 0 | BytePositionInLine: 144.
 ---> System.InvalidOperationException: Cannot get the value of a token type 'StartObject' as a string.
   at System.Text.Json.ThrowHelper.ThrowInvalidOperationException_ExpectedString(JsonTokenType tokenType)
   at System.Text.Json.Utf8JsonReader.GetString()
   at System.Text.Json.Serialization.Metadata.JsonPropertyInfo`1.ReadJsonAndSetMember(Object obj, ReadStack& state, Utf8JsonReader& reader)
   at System.Text.Json.Serialization.Converters.ObjectDefaultConverter`1.OnTryRead(Utf8JsonReader& reader, Type typeToConvert, JsonSerializerOptions options, ReadStack& state, T& value)
   at System.Text.Json.Serialization.JsonConverter`1.TryRead(Utf8JsonReader& reader, Type typeToConvert, JsonSerializerOptions options, ReadStack& state, T& value, Boolean& isPopulatedValue)
   at System.Text.Json.Serialization.JsonCollectionConverter`2.OnTryRead(Utf8JsonReader& reader, Type typeToConvert, JsonSerializerOptions options, ReadStack& state, TCollection& value)
   at System.Text.Json.Serialization.JsonConverter`1.TryRead(Utf8JsonReader& reader, Type typeToConvert, JsonSerializerOptions options, ReadStack& state, T& value, Boolean& isPopulatedValue)
   at System.Text.Json.Serialization.Metadata.JsonPropertyInfo`1.ReadJsonAndSetMember(Object obj, ReadStack& state, Utf8JsonReader& reader)
   at System.Text.Json.Serialization.Converters.ObjectDefaultConverter`1.OnTryRead(Utf8JsonReader& reader, Type typeToConvert, JsonSerializerOptions options, ReadStack& state, T& value)
   at System.Text.Json.Serialization.JsonConverter`1.TryRead(Utf8JsonReader& reader, Type typeToConvert, JsonSerializerOptions options, ReadStack& state, T& value, Boolean& isPopulatedValue)
   at System.Text.Json.Serialization.JsonConverter`1.ReadCore(Utf8JsonReader& reader, T& value, JsonSerializerOptions options, ReadStack& state)
   --- End of inner exception stack trace ---
   at System.Text.Json.ThrowHelper.ReThrowWithPath(ReadStack& state, Utf8JsonReader& reader, Exception ex)
   at System.Text.Json.Serialization.JsonConverter`1.ReadCore(Utf8JsonReader& reader, T& value, JsonSerializerOptions options, ReadStack& state)
   at System.Text.Json.Serialization.Metadata.JsonTypeInfo`1.ContinueDeserialize[TReadBufferState,TStream](TReadBufferState& bufferState, JsonReaderState& jsonReaderState, ReadStack& readStack, T& value)
   at System.Text.Json.Serialization.Metadata.JsonTypeInfo`1.DeserializeAsync[TReadBufferState,TStream](TStream utf8Json, TReadBufferState bufferState, CancellationToken cancellationToken)
   at System.Net.Http.Json.HttpContentJsonExtensions.ReadFromJsonAsyncCore[T](HttpContent content, JsonSerializerOptions options, CancellationToken cancellationToken)
   at SIGMA.Infrastructure.Graph.GraphClientService.BatchGetNavigationCountAsync(List`1 entityIds, String navigation, CancellationToken ct) in D:\SIGMA Project\SIGMA-Beta\SIGMA\src\SIGMA.Infrastructure\Graph\GraphClientService.cs:line 614
2026-06-04 18:24:30.882 +05:30 [INF] [Governance] Groups result: IsSuccess=true, Count=19
2026-06-04 18:24:30.892 +05:30 [INF] [Governance] Found stale empty group: DnsAdmins (created 650 days ago)
2026-06-04 18:24:30.900 +05:30 [INF] [Governance] Found stale empty group: SeniorAdminTrail (created 645 days ago)
2026-06-04 18:24:30.910 +05:30 [INF] [Governance] Found stale empty group: ADSyncAdmins (created 650 days ago)
2026-06-04 18:24:30.923 +05:30 [INF] [Governance] Found stale empty group: MS_SuperStars (created 652 days ago)
2026-06-04 18:24:30.935 +05:30 [INF] [Governance] Found stale empty group: TestDemo (created 103 days ago)
2026-06-04 18:24:30.945 +05:30 [INF] [Governance] Found stale empty group: TrailMS365 (created 652 days ago)
2026-06-04 18:24:30.953 +05:30 [INF] [Governance] Found stale empty group: UserAdmin (created 640 days ago)
2026-06-04 18:24:30.964 +05:30 [INF] [Governance] Found stale empty group: TestGroup1 (created 640 days ago)
2026-06-04 18:24:30.973 +05:30 [INF] [Governance] Found stale empty group: DemoGroup (created 631 days ago)
2026-06-04 18:24:30.983 +05:30 [INF] [Governance] Found stale empty group: JuniorAdmins (created 644 days ago)
2026-06-04 18:24:30.994 +05:30 [INF] [Governance] Found stale empty group: Retail Trail (created 643 days ago)
2026-06-04 18:24:31.002 +05:30 [INF] [Governance] Found stale empty group: ADSyncBrowse (created 650 days ago)
2026-06-04 18:24:31.012 +05:30 [INF] [Governance] Found stale empty group: HelpDeskAdmin (created 640 days ago)
2026-06-04 18:24:31.023 +05:30 [INF] [Governance] Found stale empty group: SalesAndMarketingTrail (created 643 days ago)
2026-06-04 18:24:31.032 +05:30 [INF] [Governance] Found stale empty group: DnsUpdateProxy (created 650 days ago)
2026-06-04 18:24:31.044 +05:30 [INF] [Governance] Found stale empty group: ADSyncPasswordSet (created 650 days ago)
2026-06-04 18:24:31.061 +05:30 [INF] [Governance] Found stale empty group: ADSyncOperators (created 650 days ago)
2026-06-04 18:24:31.073 +05:30 [INF] [Governance] Found stale empty group: TestGroup2 (created 640 days ago)
2026-06-04 18:24:31.082 +05:30 [INF] [Governance] Fetching users from Graph...
2026-06-04 18:24:31.095 +05:30 [INF] Start processing HTTP request GET https://graph.microsoft.com/v1.0/users?*
2026-06-04 18:24:31.111 +05:30 [INF] Sending HTTP request GET https://graph.microsoft.com/v1.0/users?*
2026-06-04 18:24:31.312 +05:30 [INF] Received HTTP response headers after 185.424ms - 200
2026-06-04 18:24:31.348 +05:30 [INF] End processing HTTP request after 252.7674ms - 200
2026-06-04 18:24:31.432 +05:30 [INF] [Governance] Users result: IsSuccess=true, Count=23
2026-06-04 18:24:31.448 +05:30 [INF] [Governance] Final findings count: 108 (Critical=65, Warning=25, Info=18)
2026-06-04 18:24:31.524 +05:30 [WRN] Slow request: GET /api/v1/governance/findings responded 200 in 10712ms
2026-06-04 18:25:43.745 +05:30 [INF] IDX10242: Security token: '[PII of type 'Microsoft.IdentityModel.JsonWebTokens.JsonWebToken' is hidden. For more details, see https://aka.ms/IdentityModel/PII.]' has a valid signature.
2026-06-04 18:25:43.828 +05:30 [INF] IDX10239: Lifetime of the token is valid.
2026-06-04 18:25:43.867 +05:30 [INF] IDX10234: Audience Validated.Audience: 'api://f0ee212a-b836-4f5c-aafe-bee4b0ebfcfb'
2026-06-04 18:25:43.916 +05:30 [INF] IDX10245: Creating claims identity from the validated token: '[PII of type 'Microsoft.IdentityModel.JsonWebTokens.JsonWebToken' is hidden. For more details, see https://aka.ms/IdentityModel/PII.]'.
2026-06-04 18:25:43.933 +05:30 [INF] [Governance] Fetching applications from Graph...
2026-06-04 18:25:43.947 +05:30 [INF] Start processing HTTP request GET https://graph.microsoft.com/v1.0/applications?*
2026-06-04 18:25:43.966 +05:30 [INF] Sending HTTP request GET https://graph.microsoft.com/v1.0/applications?*
2026-06-04 18:25:44.369 +05:30 [INF] Received HTTP response headers after 383.8233ms - 200
2026-06-04 18:25:44.412 +05:30 [INF] End processing HTTP request after 465.0977ms - 200
2026-06-04 18:25:44.449 +05:30 [INF] Start processing HTTP request POST https://graph.microsoft.com/v1.0/$batch
2026-06-04 18:25:44.500 +05:30 [INF] Sending HTTP request POST https://graph.microsoft.com/v1.0/$batch
2026-06-04 18:25:44.612 +05:30 [INF] Received HTTP response headers after 83.3638ms - 200
2026-06-04 18:25:44.645 +05:30 [INF] End processing HTTP request after 195.8161ms - 200
2026-06-04 18:25:45.268 +05:30 [WRN] Failed to batch-fetch owner counts for applications
System.Text.Json.JsonException: The JSON value could not be converted to System.String. Path: $.responses[0].body | LineNumber: 0 | BytePositionInLine: 144.
 ---> System.InvalidOperationException: Cannot get the value of a token type 'StartObject' as a string.
   at System.Text.Json.ThrowHelper.ThrowInvalidOperationException_ExpectedString(JsonTokenType tokenType)
   at System.Text.Json.Serialization.Metadata.JsonPropertyInfo`1.ReadJsonAndSetMember(Object obj, ReadStack& state, Utf8JsonReader& reader)
   at System.Text.Json.Serialization.Converters.ObjectDefaultConverter`1.OnTryRead(Utf8JsonReader& reader, Type typeToConvert, JsonSerializerOptions options, ReadStack& state, T& value)
   at System.Text.Json.Serialization.JsonCollectionConverter`2.OnTryRead(Utf8JsonReader& reader, Type typeToConvert, JsonSerializerOptions options, ReadStack& state, TCollection& value)
   at System.Text.Json.Serialization.JsonConverter`1.TryRead(Utf8JsonReader& reader, Type typeToConvert, JsonSerializerOptions options, ReadStack& state, T& value, Boolean& isPopulatedValue)
   at System.Text.Json.Serialization.Metadata.JsonPropertyInfo`1.ReadJsonAndSetMember(Object obj, ReadStack& state, Utf8JsonReader& reader)
   at System.Text.Json.Serialization.Converters.ObjectDefaultConverter`1.OnTryRead(Utf8JsonReader& reader, Type typeToConvert, JsonSerializerOptions options, ReadStack& state, T& value)
   at System.Text.Json.Serialization.JsonConverter`1.ReadCore(Utf8JsonReader& reader, T& value, JsonSerializerOptions options, ReadStack& state)
   --- End of inner exception stack trace ---
   at System.Text.Json.ThrowHelper.ReThrowWithPath(ReadStack& state, Utf8JsonReader& reader, Exception ex)
   at System.Text.Json.Serialization.JsonConverter`1.ReadCore(Utf8JsonReader& reader, T& value, JsonSerializerOptions options, ReadStack& state)
   at System.Text.Json.Serialization.Metadata.JsonTypeInfo`1.ContinueDeserialize[TReadBufferState,TStream](TReadBufferState& bufferState, JsonReaderState& jsonReaderState, ReadStack& readStack, T& value)
   at System.Text.Json.Serialization.Metadata.JsonTypeInfo`1.DeserializeAsync[TReadBufferState,TStream](TStream utf8Json, TReadBufferState bufferState, CancellationToken cancellationToken)
   at System.Net.Http.Json.HttpContentJsonExtensions.ReadFromJsonAsyncCore[T](HttpContent content, JsonSerializerOptions options, CancellationToken cancellationToken)
   at SIGMA.Infrastructure.Graph.GraphClientService.BatchGetApplicationOwnerCountsAsync(List`1 appIds, CancellationToken ct) in D:\SIGMA Project\SIGMA-Beta\SIGMA\src\SIGMA.Infrastructure\Graph\GraphClientService.cs:line 549
2026-06-04 18:25:45.299 +05:30 [INF] Start processing HTTP request POST https://graph.microsoft.com/v1.0/$batch
2026-06-04 18:25:45.315 +05:30 [INF] Sending HTTP request POST https://graph.microsoft.com/v1.0/$batch
2026-06-04 18:25:45.417 +05:30 [INF] Received HTTP response headers after 83.1122ms - 200
2026-06-04 18:25:45.443 +05:30 [INF] End processing HTTP request after 144.2363ms - 200
2026-06-04 18:25:45.611 +05:30 [WRN] Failed to batch-fetch owner counts for applications
System.Text.Json.JsonException: The JSON value could not be converted to System.String. Path: $.responses[0].body | LineNumber: 0 | BytePositionInLine: 144.
 ---> System.InvalidOperationException: Cannot get the value of a token type 'StartObject' as a string.
   at System.Text.Json.ThrowHelper.ThrowInvalidOperationException_ExpectedString(JsonTokenType tokenType)
   at System.Text.Json.Serialization.Metadata.JsonPropertyInfo`1.ReadJsonAndSetMember(Object obj, ReadStack& state, Utf8JsonReader& reader)
   at System.Text.Json.Serialization.Converters.ObjectDefaultConverter`1.OnTryRead(Utf8JsonReader& reader, Type typeToConvert, JsonSerializerOptions options, ReadStack& state, T& value)
   at System.Text.Json.Serialization.JsonCollectionConverter`2.OnTryRead(Utf8JsonReader& reader, Type typeToConvert, JsonSerializerOptions options, ReadStack& state, TCollection& value)
   at System.Text.Json.Serialization.JsonConverter`1.TryRead(Utf8JsonReader& reader, Type typeToConvert, JsonSerializerOptions options, ReadStack& state, T& value, Boolean& isPopulatedValue)
   at System.Text.Json.Serialization.Metadata.JsonPropertyInfo`1.ReadJsonAndSetMember(Object obj, ReadStack& state, Utf8JsonReader& reader)
   at System.Text.Json.Serialization.Converters.ObjectDefaultConverter`1.OnTryRead(Utf8JsonReader& reader, Type typeToConvert, JsonSerializerOptions options, ReadStack& state, T& value)
   at System.Text.Json.Serialization.JsonConverter`1.ReadCore(Utf8JsonReader& reader, T& value, JsonSerializerOptions options, ReadStack& state)
   --- End of inner exception stack trace ---
   at System.Text.Json.ThrowHelper.ReThrowWithPath(ReadStack& state, Utf8JsonReader& reader, Exception ex)
   at System.Text.Json.Serialization.JsonConverter`1.ReadCore(Utf8JsonReader& reader, T& value, JsonSerializerOptions options, ReadStack& state)
   at System.Text.Json.Serialization.Metadata.JsonTypeInfo`1.ContinueDeserialize[TReadBufferState,TStream](TReadBufferState& bufferState, JsonReaderState& jsonReaderState, ReadStack& readStack, T& value)
   at System.Text.Json.Serialization.Metadata.JsonTypeInfo`1.DeserializeAsync[TReadBufferState,TStream](TStream utf8Json, TReadBufferState bufferState, CancellationToken cancellationToken)
   at System.Net.Http.Json.HttpContentJsonExtensions.ReadFromJsonAsyncCore[T](HttpContent content, JsonSerializerOptions options, CancellationToken cancellationToken)
   at SIGMA.Infrastructure.Graph.GraphClientService.BatchGetApplicationOwnerCountsAsync(List`1 appIds, CancellationToken ct) in D:\SIGMA Project\SIGMA-Beta\SIGMA\src\SIGMA.Infrastructure\Graph\GraphClientService.cs:line 549
2026-06-04 18:25:45.644 +05:30 [INF] [Governance] Applications result: IsSuccess=true, Error=null
2026-06-04 18:25:45.654 +05:30 [INF] [Governance] Processing 35 applications...
2026-06-04 18:25:45.681 +05:30 [INF] Start processing HTTP request GET https://graph.microsoft.com/v1.0/applications/0bbdd90f-39c8-4fa3-9b4b-1b2df842c658?*
2026-06-04 18:25:45.707 +05:30 [INF] Sending HTTP request GET https://graph.microsoft.com/v1.0/applications/0bbdd90f-39c8-4fa3-9b4b-1b2df842c658?*
2026-06-04 18:25:45.731 +05:30 [INF] Start processing HTTP request GET https://graph.microsoft.com/v1.0/applications/16390064-665b-46a7-bf00-af9438733c68?*
2026-06-04 18:25:45.750 +05:30 [INF] Sending HTTP request GET https://graph.microsoft.com/v1.0/applications/16390064-665b-46a7-bf00-af9438733c68?*
2026-06-04 18:25:45.791 +05:30 [INF] Start processing HTTP request GET https://graph.microsoft.com/v1.0/applications/168fff38-fb94-4f20-a935-4a12865d277e?*
2026-06-04 18:25:45.824 +05:30 [INF] Received HTTP response headers after 95.2095ms - 200
2026-06-04 18:25:45.830 +05:30 [INF] Sending HTTP request GET https://graph.microsoft.com/v1.0/applications/168fff38-fb94-4f20-a935-4a12865d277e?*
2026-06-04 18:25:45.854 +05:30 [INF] End processing HTTP request after 172.7336ms - 200
2026-06-04 18:25:45.874 +05:30 [INF] Start processing HTTP request GET https://graph.microsoft.com/v1.0/applications/18683323-1182-42dc-83a1-1679ef2d8ccb?*
2026-06-04 18:25:45.913 +05:30 [INF] Sending HTTP request GET https://graph.microsoft.com/v1.0/applications/18683323-1182-42dc-83a1-1679ef2d8ccb?*
2026-06-04 18:25:45.932 +05:30 [INF] Start processing HTTP request GET https://graph.microsoft.com/v1.0/applications/1dc3420c-79ee-42ad-821e-832881d1359b?*
2026-06-04 18:25:45.964 +05:30 [INF] Sending HTTP request GET https://graph.microsoft.com/v1.0/applications/1dc3420c-79ee-42ad-821e-832881d1359b?*
2026-06-04 18:25:45.997 +05:30 [INF] Received HTTP response headers after 122.8984ms - 200
2026-06-04 18:25:46.007 +05:30 [INF] Start processing HTTP request GET https://graph.microsoft.com/v1.0/applications/211fcada-7373-4adb-91cc-0b7fca809a3c?*
2026-06-04 18:25:46.025 +05:30 [INF] End processing HTTP request after 234.1196ms - 200
2026-06-04 18:25:46.043 +05:30 [INF] Sending HTTP request GET https://graph.microsoft.com/v1.0/applications/211fcada-7373-4adb-91cc-0b7fca809a3c?*
2026-06-04 18:25:46.062 +05:30 [INF] Received HTTP response headers after 270.8574ms - 200
2026-06-04 18:25:46.083 +05:30 [INF] Start processing HTTP request GET https://graph.microsoft.com/v1.0/applications/41357df4-0eb4-4cad-830f-c67c331165af?*
2026-06-04 18:25:46.127 +05:30 [INF] Sending HTTP request GET https://graph.microsoft.com/v1.0/applications/41357df4-0eb4-4cad-830f-c67c331165af?*
2026-06-04 18:25:46.144 +05:30 [INF] Start processing HTTP request GET https://graph.microsoft.com/v1.0/applications/426fdc27-92f9-4ff5-a261-5140585db6db?*
2026-06-04 18:25:46.148 +05:30 [INF] Received HTTP response headers after 216.1963ms - 200
2026-06-04 18:25:46.200 +05:30 [INF] End processing HTTP request after 325.2657ms - 200
2026-06-04 18:25:46.178 +05:30 [INF] Sending HTTP request GET https://graph.microsoft.com/v1.0/applications/426fdc27-92f9-4ff5-a261-5140585db6db?*
2026-06-04 18:25:46.110 +05:30 [INF] End processing HTTP request after 378.8439ms - 200
2026-06-04 18:25:46.215 +05:30 [INF] Received HTTP response headers after 215.0617ms - 200
2026-06-04 18:25:46.247 +05:30 [INF] Start processing HTTP request GET https://graph.microsoft.com/v1.0/applications/457436a9-f6b9-491a-b540-34243534784f?*
2026-06-04 18:25:46.319 +05:30 [INF] Sending HTTP request GET https://graph.microsoft.com/v1.0/applications/457436a9-f6b9-491a-b540-34243534784f?*
2026-06-04 18:25:46.299 +05:30 [INF] End processing HTTP request after 366.7062ms - 200
2026-06-04 18:25:46.329 +05:30 [INF] Received HTTP response headers after 246.1172ms - 200
2026-06-04 18:25:46.340 +05:30 [INF] Start processing HTTP request GET https://graph.microsoft.com/v1.0/applications/49e2112b-0e2d-4381-b22e-38ca924f0134?*
2026-06-04 18:25:46.380 +05:30 [INF] End processing HTTP request after 373.8079ms - 200
2026-06-04 18:25:46.380 +05:30 [INF] Received HTTP response headers after 236.4533ms - 200
2026-06-04 18:25:46.399 +05:30 [INF] Sending HTTP request GET https://graph.microsoft.com/v1.0/applications/49e2112b-0e2d-4381-b22e-38ca924f0134?*
2026-06-04 18:25:46.430 +05:30 [INF] Received HTTP response headers after 183.147ms - 200
2026-06-04 18:25:46.442 +05:30 [INF] End processing HTTP request after 358.1543ms - 200
2026-06-04 18:25:46.444 +05:30 [INF] Received HTTP response headers after 106.8589ms - 200
2026-06-04 18:25:46.460 +05:30 [INF] Start processing HTTP request GET https://graph.microsoft.com/v1.0/applications/49e94653-ce8e-473e-9ac7-8da94b59064b?*
2026-06-04 18:25:46.489 +05:30 [INF] End processing HTTP request after 344.8394ms - 200
2026-06-04 18:25:46.529 +05:30 [INF] End processing HTTP request after 281.7431ms - 200
2026-06-04 18:25:46.546 +05:30 [INF] Sending HTTP request GET https://graph.microsoft.com/v1.0/applications/49e94653-ce8e-473e-9ac7-8da94b59064b?*
2026-06-04 18:25:46.607 +05:30 [INF] Start processing HTTP request GET https://graph.microsoft.com/v1.0/applications/4d6e78f8-1d50-4982-ad74-f739af798409?*
2026-06-04 18:25:46.614 +05:30 [INF] Received HTTP response headers after 154.8791ms - 200
2026-06-04 18:25:46.624 +05:30 [INF] Sending HTTP request GET https://graph.microsoft.com/v1.0/applications/4d6e78f8-1d50-4982-ad74-f739af798409?*
2026-06-04 18:25:46.645 +05:30 [INF] End processing HTTP request after 305.2964ms - 200
2026-06-04 18:25:46.664 +05:30 [INF] Start processing HTTP request GET https://graph.microsoft.com/v1.0/applications/515206c9-45b1-47c8-990d-9eb4c90f1bc9?*
2026-06-04 18:25:46.712 +05:30 [INF] Sending HTTP request GET https://graph.microsoft.com/v1.0/applications/515206c9-45b1-47c8-990d-9eb4c90f1bc9?*
2026-06-04 18:25:46.732 +05:30 [INF] Start processing HTTP request GET https://graph.microsoft.com/v1.0/applications/604d3cea-cc9f-4cec-9767-7b0268a162a6?*
2026-06-04 18:25:46.756 +05:30 [INF] Sending HTTP request GET https://graph.microsoft.com/v1.0/applications/604d3cea-cc9f-4cec-9767-7b0268a162a6?*
2026-06-04 18:25:46.761 +05:30 [INF] Received HTTP response headers after 153.8317ms - 200
2026-06-04 18:25:46.776 +05:30 [INF] Start processing HTTP request GET https://graph.microsoft.com/v1.0/applications/68c03ecd-864b-4489-bde4-23da2d863cc9?*
2026-06-04 18:25:46.795 +05:30 [INF] End processing HTTP request after 334.829ms - 200
2026-06-04 18:25:46.813 +05:30 [INF] Sending HTTP request GET https://graph.microsoft.com/v1.0/applications/68c03ecd-864b-4489-bde4-23da2d863cc9?*
2026-06-04 18:25:46.824 +05:30 [INF] Received HTTP response headers after 160.9157ms - 200
2026-06-04 18:25:46.885 +05:30 [INF] Received HTTP response headers after 153.5486ms - 200
2026-06-04 18:25:46.891 +05:30 [INF] Start processing HTTP request GET https://graph.microsoft.com/v1.0/applications/742fd072-6b6c-4230-8cf1-6972d7300ad5?*
2026-06-04 18:25:46.912 +05:30 [INF] End processing HTTP request after 304.719ms - 200
2026-06-04 18:25:46.939 +05:30 [INF] Received HTTP response headers after 163.7314ms - 200
2026-06-04 18:25:46.940 +05:30 [INF] End processing HTTP request after 275.8694ms - 200
2026-06-04 18:25:46.957 +05:30 [INF] Sending HTTP request GET https://graph.microsoft.com/v1.0/applications/742fd072-6b6c-4230-8cf1-6972d7300ad5?*
2026-06-04 18:25:46.997 +05:30 [INF] End processing HTTP request after 264.4067ms - 200
2026-06-04 18:25:47.040 +05:30 [INF] Start processing HTTP request GET https://graph.microsoft.com/v1.0/applications/76127915-56b3-483b-9d5b-c9f79c5637ff?*
2026-06-04 18:25:47.055 +05:30 [INF] Received HTTP response headers after 165.0572ms - 200
2026-06-04 18:25:47.080 +05:30 [INF] Sending HTTP request GET https://graph.microsoft.com/v1.0/applications/76127915-56b3-483b-9d5b-c9f79c5637ff?*
2026-06-04 18:25:47.101 +05:30 [INF] End processing HTTP request after 325.3184ms - 200
2026-06-04 18:25:47.117 +05:30 [INF] Start processing HTTP request GET https://graph.microsoft.com/v1.0/applications/76521842-1af8-4caf-b658-cc8189f05f86?*
2026-06-04 18:25:47.168 +05:30 [INF] Sending HTTP request GET https://graph.microsoft.com/v1.0/applications/76521842-1af8-4caf-b658-cc8189f05f86?*
2026-06-04 18:25:47.191 +05:30 [INF] Start processing HTTP request GET https://graph.microsoft.com/v1.0/applications/83e59e8b-1583-43c5-aab9-2512ca2aec1d?*
2026-06-04 18:25:47.199 +05:30 [INF] Received HTTP response headers after 158.9664ms - 200
2026-06-04 18:25:47.211 +05:30 [INF] Sending HTTP request GET https://graph.microsoft.com/v1.0/applications/83e59e8b-1583-43c5-aab9-2512ca2aec1d?*
2026-06-04 18:25:47.230 +05:30 [INF] End processing HTTP request after 338.4758ms - 200
2026-06-04 18:25:47.246 +05:30 [INF] Start processing HTTP request GET https://graph.microsoft.com/v1.0/applications/860a6e19-3808-4bd0-81d8-e4ccc8d7d780?*
2026-06-04 18:25:47.268 +05:30 [INF] Received HTTP response headers after 152.6788ms - 200
2026-06-04 18:25:47.281 +05:30 [INF] Sending HTTP request GET https://graph.microsoft.com/v1.0/applications/860a6e19-3808-4bd0-81d8-e4ccc8d7d780?*
2026-06-04 18:25:47.292 +05:30 [INF] Received HTTP response headers after 101.7321ms - 200
2026-06-04 18:25:47.310 +05:30 [INF] End processing HTTP request after 269.6047ms - 200
2026-06-04 18:25:47.347 +05:30 [INF] End processing HTTP request after 229.5609ms - 200
2026-06-04 18:25:47.403 +05:30 [INF] Received HTTP response headers after 157.768ms - 200
2026-06-04 18:25:47.423 +05:30 [INF] End processing HTTP request after 232.6103ms - 200
2026-06-04 18:25:47.493 +05:30 [INF] Received HTTP response headers after 167.2067ms - 200
2026-06-04 18:25:47.512 +05:30 [INF] End processing HTTP request after 265.8888ms - 200
2026-06-04 18:25:47.530 +05:30 [INF] Start processing HTTP request GET https://graph.microsoft.com/v1.0/applications/9c49407c-ffba-46e6-9478-4dc0adb10fb6?*
2026-06-04 18:25:47.548 +05:30 [INF] Sending HTTP request GET https://graph.microsoft.com/v1.0/applications/9c49407c-ffba-46e6-9478-4dc0adb10fb6?*
2026-06-04 18:25:47.572 +05:30 [INF] Start processing HTTP request GET https://graph.microsoft.com/v1.0/applications/b162627b-5d59-45ab-a873-8699ed5c2ad0?*
2026-06-04 18:25:47.595 +05:30 [INF] Sending HTTP request GET https://graph.microsoft.com/v1.0/applications/b162627b-5d59-45ab-a873-8699ed5c2ad0?*
2026-06-04 18:25:47.613 +05:30 [INF] Start processing HTTP request GET https://graph.microsoft.com/v1.0/applications/b26745cd-d8ac-4497-af66-b06ae74a239d?*
2026-06-04 18:25:47.629 +05:30 [INF] Sending HTTP request GET https://graph.microsoft.com/v1.0/applications/b26745cd-d8ac-4497-af66-b06ae74a239d?*
2026-06-04 18:25:47.647 +05:30 [INF] Start processing HTTP request GET https://graph.microsoft.com/v1.0/applications/b78fcfb9-0135-49e3-8a30-3c89f23efd27?*
2026-06-04 18:25:47.666 +05:30 [INF] Sending HTTP request GET https://graph.microsoft.com/v1.0/applications/b78fcfb9-0135-49e3-8a30-3c89f23efd27?*
2026-06-04 18:25:47.683 +05:30 [INF] Start processing HTTP request GET https://graph.microsoft.com/v1.0/applications/bd8e6495-916f-466e-b8ec-6c68b0ca2275?*
2026-06-04 18:25:47.700 +05:30 [INF] Sending HTTP request GET https://graph.microsoft.com/v1.0/applications/bd8e6495-916f-466e-b8ec-6c68b0ca2275?*
2026-06-04 18:25:47.721 +05:30 [INF] Start processing HTTP request GET https://graph.microsoft.com/v1.0/applications/be0929ed-32bf-489d-b7e7-78c410f0eb32?*
2026-06-04 18:25:47.723 +05:30 [INF] Received HTTP response headers after 151.2468ms - 200
2026-06-04 18:25:47.740 +05:30 [INF] Sending HTTP request GET https://graph.microsoft.com/v1.0/applications/be0929ed-32bf-489d-b7e7-78c410f0eb32?*
2026-06-04 18:25:47.747 +05:30 [INF] Received HTTP response headers after 100.9212ms - 200
2026-06-04 18:25:47.760 +05:30 [INF] End processing HTTP request after 229.6889ms - 200
2026-06-04 18:25:47.772 +05:30 [INF] Received HTTP response headers after 159.2677ms - 200
2026-06-04 18:25:47.778 +05:30 [INF] Start processing HTTP request GET https://graph.microsoft.com/v1.0/applications/d8bc9ce0-805e-4f15-abc1-3770664967be?*
2026-06-04 18:25:47.804 +05:30 [INF] End processing HTTP request after 191.118ms - 200
2026-06-04 18:25:47.829 +05:30 [INF] Received HTTP response headers after 148.2136ms - 200
2026-06-04 18:25:47.846 +05:30 [INF] End processing HTTP request after 273.1877ms - 200
2026-06-04 18:25:47.866 +05:30 [INF] Sending HTTP request GET https://graph.microsoft.com/v1.0/applications/d8bc9ce0-805e-4f15-abc1-3770664967be?*
2026-06-04 18:25:47.888 +05:30 [INF] Received HTTP response headers after 168.7237ms - 200
2026-06-04 18:25:47.907 +05:30 [INF] End processing HTTP request after 260.1879ms - 200
2026-06-04 18:25:47.956 +05:30 [INF] Start processing HTTP request GET https://graph.microsoft.com/v1.0/applications/e6effa40-f02d-43b5-b176-f05c2bd6f9d8?*
2026-06-04 18:25:47.975 +05:30 [INF] End processing HTTP request after 291.7986ms - 200
2026-06-04 18:25:47.991 +05:30 [INF] Received HTTP response headers after 213.5393ms - 200
2026-06-04 18:25:48.022 +05:30 [INF] Sending HTTP request GET https://graph.microsoft.com/v1.0/applications/e6effa40-f02d-43b5-b176-f05c2bd6f9d8?*
2026-06-04 18:25:48.058 +05:30 [INF] Received HTTP response headers after 103.1355ms - 200
2026-06-04 18:25:48.071 +05:30 [INF] End processing HTTP request after 350.1027ms - 200
2026-06-04 18:25:48.089 +05:30 [INF] Start processing HTTP request GET https://graph.microsoft.com/v1.0/applications/e9dd9e09-6245-4451-bbfc-9271397838bd?*
2026-06-04 18:25:48.106 +05:30 [INF] End processing HTTP request after 328.3015ms - 200
2026-06-04 18:25:48.141 +05:30 [INF] Sending HTTP request GET https://graph.microsoft.com/v1.0/applications/e9dd9e09-6245-4451-bbfc-9271397838bd?*
2026-06-04 18:25:48.177 +05:30 [INF] Start processing HTTP request GET https://graph.microsoft.com/v1.0/applications/ec3e1482-03bc-4b54-bbb2-0098dca6c3d2?*
2026-06-04 18:25:48.193 +05:30 [INF] Sending HTTP request GET https://graph.microsoft.com/v1.0/applications/ec3e1482-03bc-4b54-bbb2-0098dca6c3d2?*
2026-06-04 18:25:48.212 +05:30 [INF] Start processing HTTP request GET https://graph.microsoft.com/v1.0/applications/ecf48238-8fe6-442d-ab11-447b07afd79e?*
2026-06-04 18:25:48.237 +05:30 [INF] Received HTTP response headers after 149.1498ms - 200
2026-06-04 18:25:48.244 +05:30 [INF] Sending HTTP request GET https://graph.microsoft.com/v1.0/applications/ecf48238-8fe6-442d-ab11-447b07afd79e?*
2026-06-04 18:25:48.269 +05:30 [INF] End processing HTTP request after 313.1523ms - 200
2026-06-04 18:25:48.288 +05:30 [INF] Start processing HTTP request GET https://graph.microsoft.com/v1.0/applications/ed787c25-faab-4a75-ba66-d96ad1c32f33?*
2026-06-04 18:25:48.319 +05:30 [INF] Received HTTP response headers after 142.1331ms - 200
2026-06-04 18:25:48.325 +05:30 [INF] Sending HTTP request GET https://graph.microsoft.com/v1.0/applications/ed787c25-faab-4a75-ba66-d96ad1c32f33?*
2026-06-04 18:25:48.344 +05:30 [INF] End processing HTTP request after 255.8367ms - 200
2026-06-04 18:25:48.366 +05:30 [INF] Start processing HTTP request GET https://graph.microsoft.com/v1.0/applications/f27d50af-8e5d-493b-8503-6cc072e85ee6?*
2026-06-04 18:25:48.366 +05:30 [INF] Received HTTP response headers after 154.8946ms - 200
2026-06-04 18:25:48.387 +05:30 [INF] Received HTTP response headers after 99.9814ms - 200
2026-06-04 18:25:48.405 +05:30 [INF] Sending HTTP request GET https://graph.microsoft.com/v1.0/applications/f27d50af-8e5d-493b-8503-6cc072e85ee6?*
2026-06-04 18:25:48.425 +05:30 [INF] End processing HTTP request after 247.8919ms - 200
2026-06-04 18:25:48.450 +05:30 [INF] End processing HTTP request after 238.4427ms - 200
2026-06-04 18:25:48.472 +05:30 [INF] Start processing HTTP request GET https://graph.microsoft.com/v1.0/applications/f488bdea-975e-4c19-952b-ba57e2cd2b30?*
2026-06-04 18:25:48.510 +05:30 [INF] Received HTTP response headers after 147.8116ms - 200
2026-06-04 18:25:48.529 +05:30 [INF] Sending HTTP request GET https://graph.microsoft.com/v1.0/applications/f488bdea-975e-4c19-952b-ba57e2cd2b30?*
2026-06-04 18:25:48.552 +05:30 [INF] End processing HTTP request after 264.1644ms - 200
2026-06-04 18:25:48.558 +05:30 [INF] Received HTTP response headers after 85.8451ms - 200
2026-06-04 18:25:48.572 +05:30 [INF] Start processing HTTP request GET https://graph.microsoft.com/v1.0/applications/fc6adfe3-0b18-45e2-9299-2b37b672df0e?*
2026-06-04 18:25:48.616 +05:30 [INF] End processing HTTP request after 250.5723ms - 200
2026-06-04 18:25:48.633 +05:30 [INF] Sending HTTP request GET https://graph.microsoft.com/v1.0/applications/fc6adfe3-0b18-45e2-9299-2b37b672df0e?*
2026-06-04 18:25:48.736 +05:30 [INF] Received HTTP response headers after 164.5044ms - 200
2026-06-04 18:25:48.757 +05:30 [INF] End processing HTTP request after 284.5002ms - 200
2026-06-04 18:25:48.837 +05:30 [INF] Received HTTP response headers after 160.302ms - 200
2026-06-04 18:25:48.860 +05:30 [INF] End processing HTTP request after 287.842ms - 200
2026-06-04 18:25:48.900 +05:30 [INF] [Governance] Fetching groups from Graph...
2026-06-04 18:25:48.911 +05:30 [INF] Start processing HTTP request GET https://graph.microsoft.com/v1.0/groups?*
2026-06-04 18:25:48.932 +05:30 [INF] Sending HTTP request GET https://graph.microsoft.com/v1.0/groups?*
2026-06-04 18:25:49.127 +05:30 [INF] Received HTTP response headers after 175.5806ms - 200
2026-06-04 18:25:49.150 +05:30 [INF] End processing HTTP request after 239.3055ms - 200
2026-06-04 18:25:49.173 +05:30 [INF] Start processing HTTP request POST https://graph.microsoft.com/v1.0/$batch
2026-06-04 18:25:49.189 +05:30 [INF] Sending HTTP request POST https://graph.microsoft.com/v1.0/$batch
2026-06-04 18:25:49.208 +05:30 [INF] Start processing HTTP request POST https://graph.microsoft.com/v1.0/$batch
2026-06-04 18:25:49.226 +05:30 [INF] Sending HTTP request POST https://graph.microsoft.com/v1.0/$batch
2026-06-04 18:25:49.290 +05:30 [INF] Received HTTP response headers after 83.5029ms - 200
2026-06-04 18:25:49.323 +05:30 [INF] End processing HTTP request after 149.8725ms - 200
2026-06-04 18:25:49.325 +05:30 [INF] Received HTTP response headers after 82.5754ms - 200
2026-06-04 18:25:49.365 +05:30 [INF] End processing HTTP request after 156.6258ms - 200
2026-06-04 18:25:49.474 +05:30 [WRN] Failed to batch-fetch owners counts for groups
System.Text.Json.JsonException: The JSON value could not be converted to System.String. Path: $.responses[0].body | LineNumber: 0 | BytePositionInLine: 144.
 ---> System.InvalidOperationException: Cannot get the value of a token type 'StartObject' as a string.
   at System.Text.Json.ThrowHelper.ThrowInvalidOperationException_ExpectedString(JsonTokenType tokenType)
   at System.Text.Json.Serialization.Metadata.JsonPropertyInfo`1.ReadJsonAndSetMember(Object obj, ReadStack& state, Utf8JsonReader& reader)
   at System.Text.Json.Serialization.Converters.ObjectDefaultConverter`1.OnTryRead(Utf8JsonReader& reader, Type typeToConvert, JsonSerializerOptions options, ReadStack& state, T& value)
   at System.Text.Json.Serialization.JsonCollectionConverter`2.OnTryRead(Utf8JsonReader& reader, Type typeToConvert, JsonSerializerOptions options, ReadStack& state, TCollection& value)
   at System.Text.Json.Serialization.JsonConverter`1.TryRead(Utf8JsonReader& reader, Type typeToConvert, JsonSerializerOptions options, ReadStack& state, T& value, Boolean& isPopulatedValue)
   at System.Text.Json.Serialization.Metadata.JsonPropertyInfo`1.ReadJsonAndSetMember(Object obj, ReadStack& state, Utf8JsonReader& reader)
   at System.Text.Json.Serialization.Converters.ObjectDefaultConverter`1.OnTryRead(Utf8JsonReader& reader, Type typeToConvert, JsonSerializerOptions options, ReadStack& state, T& value)
   at System.Text.Json.Serialization.JsonConverter`1.ReadCore(Utf8JsonReader& reader, T& value, JsonSerializerOptions options, ReadStack& state)
   --- End of inner exception stack trace ---
   at System.Text.Json.ThrowHelper.ReThrowWithPath(ReadStack& state, Utf8JsonReader& reader, Exception ex)
   at System.Text.Json.Serialization.JsonConverter`1.ReadCore(Utf8JsonReader& reader, T& value, JsonSerializerOptions options, ReadStack& state)
   at System.Text.Json.Serialization.Metadata.JsonTypeInfo`1.DeserializeAsync[TReadBufferState,TStream](TStream utf8Json, TReadBufferState bufferState, CancellationToken cancellationToken)
   at System.Net.Http.Json.HttpContentJsonExtensions.ReadFromJsonAsyncCore[T](HttpContent content, JsonSerializerOptions options, CancellationToken cancellationToken)
   at SIGMA.Infrastructure.Graph.GraphClientService.BatchGetNavigationCountAsync(List`1 entityIds, String navigation, CancellationToken ct) in D:\SIGMA Project\SIGMA-Beta\SIGMA\src\SIGMA.Infrastructure\Graph\GraphClientService.cs:line 614
2026-06-04 18:25:49.985 +05:30 [WRN] Failed to batch-fetch members counts for groups
System.Text.Json.JsonException: The JSON value could not be converted to System.String. Path: $.responses[0].body | LineNumber: 0 | BytePositionInLine: 144.
 ---> System.InvalidOperationException: Cannot get the value of a token type 'StartObject' as a string.
   at System.Text.Json.ThrowHelper.ThrowInvalidOperationException_ExpectedString(JsonTokenType tokenType)
   at System.Text.Json.Serialization.Metadata.JsonPropertyInfo`1.ReadJsonAndSetMember(Object obj, ReadStack& state, Utf8JsonReader& reader)
   at System.Text.Json.Serialization.Converters.ObjectDefaultConverter`1.OnTryRead(Utf8JsonReader& reader, Type typeToConvert, JsonSerializerOptions options, ReadStack& state, T& value)
   at System.Text.Json.Serialization.JsonCollectionConverter`2.OnTryRead(Utf8JsonReader& reader, Type typeToConvert, JsonSerializerOptions options, ReadStack& state, TCollection& value)
   at System.Text.Json.Serialization.JsonConverter`1.TryRead(Utf8JsonReader& reader, Type typeToConvert, JsonSerializerOptions options, ReadStack& state, T& value, Boolean& isPopulatedValue)
   at System.Text.Json.Serialization.Metadata.JsonPropertyInfo`1.ReadJsonAndSetMember(Object obj, ReadStack& state, Utf8JsonReader& reader)
   at System.Text.Json.Serialization.Converters.ObjectDefaultConverter`1.OnTryRead(Utf8JsonReader& reader, Type typeToConvert, JsonSerializerOptions options, ReadStack& state, T& value)
   at System.Text.Json.Serialization.JsonConverter`1.ReadCore(Utf8JsonReader& reader, T& value, JsonSerializerOptions options, ReadStack& state)
   --- End of inner exception stack trace ---
   at System.Text.Json.ThrowHelper.ReThrowWithPath(ReadStack& state, Utf8JsonReader& reader, Exception ex)
   at System.Text.Json.Serialization.JsonConverter`1.ReadCore(Utf8JsonReader& reader, T& value, JsonSerializerOptions options, ReadStack& state)
   at System.Text.Json.Serialization.Metadata.JsonTypeInfo`1.DeserializeAsync[TReadBufferState,TStream](TStream utf8Json, TReadBufferState bufferState, CancellationToken cancellationToken)
   at System.Net.Http.Json.HttpContentJsonExtensions.ReadFromJsonAsyncCore[T](HttpContent content, JsonSerializerOptions options, CancellationToken cancellationToken)
   at SIGMA.Infrastructure.Graph.GraphClientService.BatchGetNavigationCountAsync(List`1 entityIds, String navigation, CancellationToken ct) in D:\SIGMA Project\SIGMA-Beta\SIGMA\src\SIGMA.Infrastructure\Graph\GraphClientService.cs:line 614
2026-06-04 18:25:50.010 +05:30 [INF] [Governance] Groups result: IsSuccess=true, Count=19
2026-06-04 18:25:50.022 +05:30 [INF] [Governance] Found stale empty group: DnsAdmins (created 650 days ago)
2026-06-04 18:25:50.034 +05:30 [INF] [Governance] Found stale empty group: SeniorAdminTrail (created 645 days ago)
2026-06-04 18:25:50.041 +05:30 [INF] [Governance] Found stale empty group: ADSyncAdmins (created 650 days ago)
2026-06-04 18:25:50.053 +05:30 [INF] [Governance] Found stale empty group: MS_SuperStars (created 652 days ago)
2026-06-04 18:25:50.063 +05:30 [INF] [Governance] Found stale empty group: TestDemo (created 103 days ago)
2026-06-04 18:25:50.072 +05:30 [INF] [Governance] Found stale empty group: TrailMS365 (created 652 days ago)
2026-06-04 18:25:50.086 +05:30 [INF] [Governance] Found stale empty group: UserAdmin (created 640 days ago)
2026-06-04 18:25:50.093 +05:30 [INF] [Governance] Found stale empty group: TestGroup1 (created 640 days ago)
2026-06-04 18:25:50.106 +05:30 [INF] [Governance] Found stale empty group: DemoGroup (created 631 days ago)
2026-06-04 18:25:50.119 +05:30 [INF] [Governance] Found stale empty group: JuniorAdmins (created 644 days ago)
2026-06-04 18:25:50.127 +05:30 [INF] [Governance] Found stale empty group: Retail Trail (created 643 days ago)
2026-06-04 18:25:50.139 +05:30 [INF] [Governance] Found stale empty group: ADSyncBrowse (created 650 days ago)
2026-06-04 18:25:50.151 +05:30 [INF] [Governance] Found stale empty group: HelpDeskAdmin (created 640 days ago)
2026-06-04 18:25:50.158 +05:30 [INF] [Governance] Found stale empty group: SalesAndMarketingTrail (created 643 days ago)
2026-06-04 18:25:50.174 +05:30 [INF] [Governance] Found stale empty group: DnsUpdateProxy (created 650 days ago)
2026-06-04 18:25:50.192 +05:30 [INF] [Governance] Found stale empty group: ADSyncPasswordSet (created 650 days ago)
2026-06-04 18:25:50.204 +05:30 [INF] [Governance] Found stale empty group: ADSyncOperators (created 650 days ago)
2026-06-04 18:25:50.217 +05:30 [INF] [Governance] Found stale empty group: TestGroup2 (created 640 days ago)
2026-06-04 18:25:50.226 +05:30 [INF] [Governance] Fetching users from Graph...
2026-06-04 18:25:50.239 +05:30 [INF] Start processing HTTP request GET https://graph.microsoft.com/v1.0/users?*
2026-06-04 18:25:50.254 +05:30 [INF] Sending HTTP request GET https://graph.microsoft.com/v1.0/users?*
2026-06-04 18:25:50.447 +05:30 [INF] Received HTTP response headers after 176.4006ms - 200
2026-06-04 18:25:50.473 +05:30 [INF] End processing HTTP request after 233.3429ms - 200
2026-06-04 18:25:50.492 +05:30 [INF] [Governance] Users result: IsSuccess=true, Count=23
2026-06-04 18:25:50.525 +05:30 [INF] [Governance] Final findings count: 108 (Critical=65, Warning=25, Info=18)
2026-06-04 18:25:50.542 +05:30 [WRN] Slow request: GET /api/v1/governance/findings responded 200 in 6799ms
2026-06-04 18:25:50.630 +05:30 [INF] IDX10242: Security token: '[PII of type 'Microsoft.IdentityModel.JsonWebTokens.JsonWebToken' is hidden. For more details, see https://aka.ms/IdentityModel/PII.]' has a valid signature.
2026-06-04 18:25:50.640 +05:30 [INF] IDX10239: Lifetime of the token is valid.
2026-06-04 18:25:50.653 +05:30 [INF] IDX10234: Audience Validated.Audience: 'api://f0ee212a-b836-4f5c-aafe-bee4b0ebfcfb'
2026-06-04 18:25:50.666 +05:30 [INF] IDX10245: Creating claims identity from the validated token: '[PII of type 'Microsoft.IdentityModel.JsonWebTokens.JsonWebToken' is hidden. For more details, see https://aka.ms/IdentityModel/PII.]'.
2026-06-04 18:25:50.682 +05:30 [INF] [Governance] Returning cached response with 108 findings
2026-06-04 18:25:50.692 +05:30 [INF] Request: GET /api/v1/governance/findings responded 200 in 62ms
2026-06-04 18:25:57.104 +05:30 [INF] IDX10242: Security token: '[PII of type 'Microsoft.IdentityModel.JsonWebTokens.JsonWebToken' is hidden. For more details, see https://aka.ms/IdentityModel/PII.]' has a valid signature.
2026-06-04 18:25:57.125 +05:30 [INF] IDX10239: Lifetime of the token is valid.
2026-06-04 18:25:57.145 +05:30 [INF] IDX10234: Audience Validated.Audience: 'api://f0ee212a-b836-4f5c-aafe-bee4b0ebfcfb'
2026-06-04 18:25:57.159 +05:30 [INF] IDX10245: Creating claims identity from the validated token: '[PII of type 'Microsoft.IdentityModel.JsonWebTokens.JsonWebToken' is hidden. For more details, see https://aka.ms/IdentityModel/PII.]'.
2026-06-04 18:25:57.210 +05:30 [INF] Start processing HTTP request GET https://graph.microsoft.com/v1.0/organization
2026-06-04 18:25:57.231 +05:30 [INF] Sending HTTP request GET https://graph.microsoft.com/v1.0/organization
2026-06-04 18:25:57.360 +05:30 [INF] Received HTTP response headers after 104.3732ms - 200
2026-06-04 18:25:57.395 +05:30 [INF] End processing HTTP request after 184.6507ms - 200
2026-06-04 18:25:57.448 +05:30 [INF] Start processing HTTP request GET https://graph.microsoft.com/v1.0/users?*
2026-06-04 18:25:57.479 +05:30 [INF] Sending HTTP request GET https://graph.microsoft.com/v1.0/users?*
2026-06-04 18:25:57.510 +05:30 [INF] Start processing HTTP request GET https://graph.microsoft.com/v1.0/groups?*
2026-06-04 18:25:57.527 +05:30 [INF] Sending HTTP request GET https://graph.microsoft.com/v1.0/groups?*
2026-06-04 18:25:57.555 +05:30 [INF] Start processing HTTP request GET https://graph.microsoft.com/v1.0/applications?*
2026-06-04 18:25:57.571 +05:30 [INF] Sending HTTP request GET https://graph.microsoft.com/v1.0/applications?*
2026-06-04 18:25:57.590 +05:30 [INF] Start processing HTTP request GET https://graph.microsoft.com/v1.0/servicePrincipals?*
2026-06-04 18:25:57.606 +05:30 [INF] Sending HTTP request GET https://graph.microsoft.com/v1.0/servicePrincipals?*
2026-06-04 18:25:57.626 +05:30 [INF] Start processing HTTP request GET https://graph.microsoft.com/v1.0/devices?*
2026-06-04 18:25:57.648 +05:30 [INF] Sending HTTP request GET https://graph.microsoft.com/v1.0/devices?*
2026-06-04 18:25:57.667 +05:30 [INF] Received HTTP response headers after 162.0774ms - 200
2026-06-04 18:25:57.672 +05:30 [INF] Start processing HTTP request GET https://graph.microsoft.com/v1.0/subscribedSkus
2026-06-04 18:25:57.689 +05:30 [INF] End processing HTTP request after 241.3307ms - 200
2026-06-04 18:25:57.706 +05:30 [INF] Sending HTTP request GET https://graph.microsoft.com/v1.0/subscribedSkus
2026-06-04 18:25:57.759 +05:30 [INF] Received HTTP response headers after 205.2422ms - 200
2026-06-04 18:25:57.784 +05:30 [INF] End processing HTTP request after 273.8841ms - 200
2026-06-04 18:25:57.814 +05:30 [INF] Received HTTP response headers after 188.1945ms - 200
2026-06-04 18:25:57.815 +05:30 [INF] Received HTTP response headers after 226.0458ms - 200
2026-06-04 18:25:57.835 +05:30 [INF] End processing HTTP request after 245.1397ms - 200
2026-06-04 18:25:57.854 +05:30 [INF] Received HTTP response headers after 183.7187ms - 200
2026-06-04 18:25:57.859 +05:30 [INF] End processing HTTP request after 304.594ms - 200
2026-06-04 18:25:57.886 +05:30 [INF] Received HTTP response headers after 144.9225ms - 200
2026-06-04 18:25:57.903 +05:30 [INF] End processing HTTP request after 276.5481ms - 200
2026-06-04 18:25:57.943 +05:30 [INF] End processing HTTP request after 271.2485ms - 200
2026-06-04 18:25:58.011 +05:30 [INF] Request: GET /api/v1/entra/tenant responded 200 in 907ms
2026-06-04 18:26:20.091 +05:30 [WRN] Slow request: GET /hubs/sigma responded 101 in 118631ms
2026-06-04 20:31:28.554 +05:30 [WRN] Overriding address(es) 'http://0.0.0.0:5107'. Binding to endpoints defined via IConfiguration and/or UseKestrel() instead.
2026-06-04 20:31:28.673 +05:30 [INF] Now listening on: http://0.0.0.0:5107
2026-06-04 20:31:28.807 +05:30 [INF] Application started. Press Ctrl+C to shut down.
2026-06-04 20:31:28.818 +05:30 [INF] Hosting environment: Development
2026-06-04 20:31:28.833 +05:30 [INF] Content root path: D:\SIGMA Project\SIGMA-Beta\SIGMA\src\SIGMA.Api
2026-06-04 20:32:15.359 +05:30 [INF] Request: GET /swagger/index.html responded 200 in 333ms
2026-06-04 20:32:15.409 +05:30 [WRN] Unable to configure Browser Link script injection on the response. This may have been caused by the response's Content-Encoding: '["br"]'. Consider disabling response compression.
2026-06-04 20:32:15.433 +05:30 [WRN] Unable to configure browser refresh script injection on the response. This may have been caused by the response's Content-Encoding: '["br"]'. Consider disabling response compression.
2026-06-04 20:32:15.458 +05:30 [INF] Request: GET /swagger/swagger-ui.css responded 304 in 42ms
2026-06-04 20:32:15.459 +05:30 [INF] Request: GET /swagger/index.css responded 304 in 0ms
2026-06-04 20:32:15.520 +05:30 [INF] Request: GET /swagger/swagger-ui-standalone-preset.js responded 304 in 8ms
2026-06-04 20:32:15.534 +05:30 [INF] Request: GET /swagger/swagger-ui-bundle.js responded 304 in 63ms
2026-06-04 20:32:15.549 +05:30 [INF] Request: GET /swagger/index.js responded 304 in 6ms
2026-06-04 20:32:16.049 +05:30 [INF] Request: GET /swagger/favicon-32x32.png responded 304 in 0ms
2026-06-04 20:32:17.065 +05:30 [INF] Request: GET /openapi/v1.json responded 200 in 1022ms
2026-06-04 20:33:25.323 +05:30 [INF] Microsoft.IdentityModel Version: 8.18.0.0. Date 06/04/2026 15:03:25. PII logging is OFF. See https://aka.ms/IdentityModel/PII for details. 
IDX10242: Security token: '[PII of type 'Microsoft.IdentityModel.JsonWebTokens.JsonWebToken' is hidden. For more details, see https://aka.ms/IdentityModel/PII.]' has a valid signature.
2026-06-04 20:33:25.323 +05:30 [INF] Microsoft.IdentityModel Version: 8.18.0.0. Date 06/04/2026 15:03:25. PII logging is OFF. See https://aka.ms/IdentityModel/PII for details. 
IDX10242: Security token: '[PII of type 'Microsoft.IdentityModel.JsonWebTokens.JsonWebToken' is hidden. For more details, see https://aka.ms/IdentityModel/PII.]' has a valid signature.
2026-06-04 20:33:25.424 +05:30 [INF] IDX10239: Lifetime of the token is valid.
2026-06-04 20:33:25.424 +05:30 [INF] IDX10239: Lifetime of the token is valid.
2026-06-04 20:33:25.464 +05:30 [INF] IDX10234: Audience Validated.Audience: 'api://f0ee212a-b836-4f5c-aafe-bee4b0ebfcfb'
2026-06-04 20:33:25.495 +05:30 [INF] IDX10234: Audience Validated.Audience: 'api://f0ee212a-b836-4f5c-aafe-bee4b0ebfcfb'
2026-06-04 20:33:26.452 +05:30 [INF] IDX10245: Creating claims identity from the validated token: '[PII of type 'Microsoft.IdentityModel.JsonWebTokens.JsonWebToken' is hidden. For more details, see https://aka.ms/IdentityModel/PII.]'.
2026-06-04 20:33:26.452 +05:30 [INF] IDX10245: Creating claims identity from the validated token: '[PII of type 'Microsoft.IdentityModel.JsonWebTokens.JsonWebToken' is hidden. For more details, see https://aka.ms/IdentityModel/PII.]'.
2026-06-04 20:33:29.305 +05:30 [INF] Start processing HTTP request GET https://graph.microsoft.com/v1.0/organization
2026-06-04 20:33:29.329 +05:30 [INF] Sending HTTP request GET https://graph.microsoft.com/v1.0/organization
2026-06-04 20:33:29.571 +05:30 [INF] Received HTTP response headers after 216.876ms - 200
2026-06-04 20:33:29.601 +05:30 [INF] End processing HTTP request after 307.6258ms - 200
2026-06-04 20:33:29.746 +05:30 [INF] Start processing HTTP request GET https://graph.microsoft.com/v1.0/users?*
2026-06-04 20:33:29.768 +05:30 [INF] Sending HTTP request GET https://graph.microsoft.com/v1.0/users?*
2026-06-04 20:33:29.795 +05:30 [INF] Start processing HTTP request GET https://graph.microsoft.com/v1.0/groups?*
2026-06-04 20:33:29.813 +05:30 [INF] Sending HTTP request GET https://graph.microsoft.com/v1.0/groups?*
2026-06-04 20:33:29.842 +05:30 [INF] Start processing HTTP request GET https://graph.microsoft.com/v1.0/applications?*
2026-06-04 20:33:29.864 +05:30 [INF] Sending HTTP request GET https://graph.microsoft.com/v1.0/applications?*
2026-06-04 20:33:29.886 +05:30 [INF] Start processing HTTP request GET https://graph.microsoft.com/v1.0/servicePrincipals?*
2026-06-04 20:33:29.907 +05:30 [INF] Sending HTTP request GET https://graph.microsoft.com/v1.0/servicePrincipals?*
2026-06-04 20:33:29.932 +05:30 [INF] Start processing HTTP request GET https://graph.microsoft.com/v1.0/devices?*
2026-06-04 20:33:29.956 +05:30 [INF] Sending HTTP request GET https://graph.microsoft.com/v1.0/devices?*
2026-06-04 20:33:29.975 +05:30 [INF] Received HTTP response headers after 186.7727ms - 200
2026-06-04 20:33:30.012 +05:30 [INF] End processing HTTP request after 269.4978ms - 200
2026-06-04 20:33:29.985 +05:30 [INF] Start processing HTTP request GET https://graph.microsoft.com/v1.0/subscribedSkus
2026-06-04 20:33:30.062 +05:30 [INF] Sending HTTP request GET https://graph.microsoft.com/v1.0/subscribedSkus
2026-06-04 20:33:30.069 +05:30 [INF] Received HTTP response headers after 228.5816ms - 200
2026-06-04 20:33:30.124 +05:30 [INF] End processing HTTP request after 328.8953ms - 200
2026-06-04 20:33:30.155 +05:30 [INF] Received HTTP response headers after 269.9424ms - 200
2026-06-04 20:33:30.181 +05:30 [INF] End processing HTTP request after 339.2492ms - 200
2026-06-04 20:33:30.248 +05:30 [INF] Received HTTP response headers after 166.71ms - 200
2026-06-04 20:33:30.255 +05:30 [INF] Received HTTP response headers after 324.235ms - 200
2026-06-04 20:33:30.258 +05:30 [INF] Received HTTP response headers after 275.8136ms - 200
2026-06-04 20:33:30.332 +05:30 [INF] End processing HTTP request after 400.258ms - 200
2026-06-04 20:33:30.308 +05:30 [INF] End processing HTTP request after 421.8636ms - 200
2026-06-04 20:33:30.274 +05:30 [INF] End processing HTTP request after 289.3063ms - 200
2026-06-04 20:33:30.478 +05:30 [WRN] Slow request: GET /api/v1/entra/tenant responded 200 in 6698ms
2026-06-04 20:33:43.537 +05:30 [INF] IDX10242: Security token: '[PII of type 'Microsoft.IdentityModel.JsonWebTokens.JsonWebToken' is hidden. For more details, see https://aka.ms/IdentityModel/PII.]' has a valid signature.
2026-06-04 20:33:43.549 +05:30 [INF] IDX10239: Lifetime of the token is valid.
2026-06-04 20:33:43.560 +05:30 [INF] IDX10234: Audience Validated.Audience: 'api://f0ee212a-b836-4f5c-aafe-bee4b0ebfcfb'
2026-06-04 20:33:43.569 +05:30 [INF] IDX10245: Creating claims identity from the validated token: '[PII of type 'Microsoft.IdentityModel.JsonWebTokens.JsonWebToken' is hidden. For more details, see https://aka.ms/IdentityModel/PII.]'.
2026-06-04 20:33:44.125 +05:30 [INF] Start processing HTTP request GET https://graph.microsoft.com/v1.0/users?*
2026-06-04 20:33:44.141 +05:30 [INF] Sending HTTP request GET https://graph.microsoft.com/v1.0/users?*
2026-06-04 20:33:44.336 +05:30 [INF] Received HTTP response headers after 179.838ms - 200
2026-06-04 20:33:44.355 +05:30 [INF] End processing HTTP request after 229.9352ms - 200
2026-06-04 20:33:44.493 +05:30 [INF] Request: GET /api/v1/entra/users responded 200 in 957ms
2026-06-04 20:34:03.083 +05:30 [INF] IDX10242: Security token: '[PII of type 'Microsoft.IdentityModel.JsonWebTokens.JsonWebToken' is hidden. For more details, see https://aka.ms/IdentityModel/PII.]' has a valid signature.
2026-06-04 20:34:03.220 +05:30 [INF] IDX10239: Lifetime of the token is valid.
2026-06-04 20:34:03.272 +05:30 [INF] IDX10234: Audience Validated.Audience: 'api://f0ee212a-b836-4f5c-aafe-bee4b0ebfcfb'
2026-06-04 20:34:03.298 +05:30 [INF] IDX10245: Creating claims identity from the validated token: '[PII of type 'Microsoft.IdentityModel.JsonWebTokens.JsonWebToken' is hidden. For more details, see https://aka.ms/IdentityModel/PII.]'.
2026-06-04 20:34:03.364 +05:30 [INF] [Governance] Fetching applications from Graph...
2026-06-04 20:34:03.375 +05:30 [INF] Start processing HTTP request GET https://graph.microsoft.com/v1.0/applications?*
2026-06-04 20:34:03.397 +05:30 [INF] Sending HTTP request GET https://graph.microsoft.com/v1.0/applications?*
2026-06-04 20:34:03.678 +05:30 [INF] Received HTTP response headers after 262.7376ms - 200
2026-06-04 20:34:03.700 +05:30 [INF] End processing HTTP request after 324.5786ms - 200
2026-06-04 20:34:03.910 +05:30 [INF] Start processing HTTP request POST https://graph.microsoft.com/v1.0/$batch
2026-06-04 20:34:03.926 +05:30 [INF] Sending HTTP request POST https://graph.microsoft.com/v1.0/$batch
2026-06-04 20:34:04.032 +05:30 [INF] Received HTTP response headers after 91.507ms - 200
2026-06-04 20:34:04.059 +05:30 [INF] End processing HTTP request after 148.8974ms - 200
2026-06-04 20:34:05.129 +05:30 [WRN] Failed to batch-fetch owner counts for applications
System.Text.Json.JsonException: The JSON value could not be converted to System.String. Path: $.responses[0].body | LineNumber: 0 | BytePositionInLine: 144.
 ---> System.InvalidOperationException: Cannot get the value of a token type 'StartObject' as a string.
   at System.Text.Json.ThrowHelper.ThrowInvalidOperationException_ExpectedString(JsonTokenType tokenType)
   at System.Text.Json.Utf8JsonReader.GetString()
   at System.Text.Json.Serialization.Metadata.JsonPropertyInfo`1.ReadJsonAndSetMember(Object obj, ReadStack& state, Utf8JsonReader& reader)
   at System.Text.Json.Serialization.Converters.ObjectDefaultConverter`1.OnTryRead(Utf8JsonReader& reader, Type typeToConvert, JsonSerializerOptions options, ReadStack& state, T& value)
   at System.Text.Json.Serialization.JsonCollectionConverter`2.OnTryRead(Utf8JsonReader& reader, Type typeToConvert, JsonSerializerOptions options, ReadStack& state, TCollection& value)
   at System.Text.Json.Serialization.JsonConverter`1.TryRead(Utf8JsonReader& reader, Type typeToConvert, JsonSerializerOptions options, ReadStack& state, T& value, Boolean& isPopulatedValue)
   at System.Text.Json.Serialization.Metadata.JsonPropertyInfo`1.ReadJsonAndSetMember(Object obj, ReadStack& state, Utf8JsonReader& reader)
   at System.Text.Json.Serialization.Converters.ObjectDefaultConverter`1.OnTryRead(Utf8JsonReader& reader, Type typeToConvert, JsonSerializerOptions options, ReadStack& state, T& value)
   at System.Text.Json.Serialization.JsonConverter`1.TryRead(Utf8JsonReader& reader, Type typeToConvert, JsonSerializerOptions options, ReadStack& state, T& value, Boolean& isPopulatedValue)
   at System.Text.Json.Serialization.JsonConverter`1.ReadCore(Utf8JsonReader& reader, T& value, JsonSerializerOptions options, ReadStack& state)
   --- End of inner exception stack trace ---
   at System.Text.Json.ThrowHelper.ReThrowWithPath(ReadStack& state, Utf8JsonReader& reader, Exception ex)
   at System.Text.Json.Serialization.JsonConverter`1.ReadCore(Utf8JsonReader& reader, T& value, JsonSerializerOptions options, ReadStack& state)
   at System.Text.Json.Serialization.Metadata.JsonTypeInfo`1.ContinueDeserialize[TReadBufferState,TStream](TReadBufferState& bufferState, JsonReaderState& jsonReaderState, ReadStack& readStack, T& value)
   at System.Text.Json.Serialization.Metadata.JsonTypeInfo`1.DeserializeAsync[TReadBufferState,TStream](TStream utf8Json, TReadBufferState bufferState, CancellationToken cancellationToken)
   at System.Net.Http.Json.HttpContentJsonExtensions.ReadFromJsonAsyncCore[T](HttpContent content, JsonSerializerOptions options, CancellationToken cancellationToken)
   at SIGMA.Infrastructure.Graph.GraphClientService.BatchGetApplicationOwnerCountsAsync(List`1 appIds, CancellationToken ct) in D:\SIGMA Project\SIGMA-Beta\SIGMA\src\SIGMA.Infrastructure\Graph\GraphClientService.cs:line 549
2026-06-04 20:34:05.241 +05:30 [INF] Start processing HTTP request POST https://graph.microsoft.com/v1.0/$batch
2026-06-04 20:34:05.260 +05:30 [INF] Sending HTTP request POST https://graph.microsoft.com/v1.0/$batch
2026-06-04 20:34:05.371 +05:30 [INF] Received HTTP response headers after 92.5542ms - 200
2026-06-04 20:34:05.394 +05:30 [INF] End processing HTTP request after 153.0691ms - 200
2026-06-04 20:34:06.017 +05:30 [WRN] Failed to batch-fetch owner counts for applications
System.Text.Json.JsonException: The JSON value could not be converted to System.String. Path: $.responses[0].body | LineNumber: 0 | BytePositionInLine: 145.
 ---> System.InvalidOperationException: Cannot get the value of a token type 'StartObject' as a string.
   at System.Text.Json.ThrowHelper.ThrowInvalidOperationException_ExpectedString(JsonTokenType tokenType)
   at System.Text.Json.Utf8JsonReader.GetString()
   at System.Text.Json.Serialization.Metadata.JsonPropertyInfo`1.ReadJsonAndSetMember(Object obj, ReadStack& state, Utf8JsonReader& reader)
   at System.Text.Json.Serialization.Converters.ObjectDefaultConverter`1.OnTryRead(Utf8JsonReader& reader, Type typeToConvert, JsonSerializerOptions options, ReadStack& state, T& value)
   at System.Text.Json.Serialization.JsonCollectionConverter`2.OnTryRead(Utf8JsonReader& reader, Type typeToConvert, JsonSerializerOptions options, ReadStack& state, TCollection& value)
   at System.Text.Json.Serialization.JsonConverter`1.TryRead(Utf8JsonReader& reader, Type typeToConvert, JsonSerializerOptions options, ReadStack& state, T& value, Boolean& isPopulatedValue)
   at System.Text.Json.Serialization.Metadata.JsonPropertyInfo`1.ReadJsonAndSetMember(Object obj, ReadStack& state, Utf8JsonReader& reader)
   at System.Text.Json.Serialization.Converters.ObjectDefaultConverter`1.OnTryRead(Utf8JsonReader& reader, Type typeToConvert, JsonSerializerOptions options, ReadStack& state, T& value)
   at System.Text.Json.Serialization.JsonConverter`1.TryRead(Utf8JsonReader& reader, Type typeToConvert, JsonSerializerOptions options, ReadStack& state, T& value, Boolean& isPopulatedValue)
   at System.Text.Json.Serialization.JsonConverter`1.ReadCore(Utf8JsonReader& reader, T& value, JsonSerializerOptions options, ReadStack& state)
   --- End of inner exception stack trace ---
   at System.Text.Json.ThrowHelper.ReThrowWithPath(ReadStack& state, Utf8JsonReader& reader, Exception ex)
   at System.Text.Json.Serialization.JsonConverter`1.ReadCore(Utf8JsonReader& reader, T& value, JsonSerializerOptions options, ReadStack& state)
   at System.Text.Json.Serialization.Metadata.JsonTypeInfo`1.ContinueDeserialize[TReadBufferState,TStream](TReadBufferState& bufferState, JsonReaderState& jsonReaderState, ReadStack& readStack, T& value)
   at System.Text.Json.Serialization.Metadata.JsonTypeInfo`1.DeserializeAsync[TReadBufferState,TStream](TStream utf8Json, TReadBufferState bufferState, CancellationToken cancellationToken)
   at System.Net.Http.Json.HttpContentJsonExtensions.ReadFromJsonAsyncCore[T](HttpContent content, JsonSerializerOptions options, CancellationToken cancellationToken)
   at SIGMA.Infrastructure.Graph.GraphClientService.BatchGetApplicationOwnerCountsAsync(List`1 appIds, CancellationToken ct) in D:\SIGMA Project\SIGMA-Beta\SIGMA\src\SIGMA.Infrastructure\Graph\GraphClientService.cs:line 549
2026-06-04 20:34:06.056 +05:30 [INF] [Governance] Applications result: IsSuccess=true, Error=null
2026-06-04 20:34:06.067 +05:30 [INF] [Governance] Processing 35 applications...
2026-06-04 20:34:06.089 +05:30 [INF] Start processing HTTP request GET https://graph.microsoft.com/v1.0/applications/0bbdd90f-39c8-4fa3-9b4b-1b2df842c658?*
2026-06-04 20:34:06.107 +05:30 [INF] Sending HTTP request GET https://graph.microsoft.com/v1.0/applications/0bbdd90f-39c8-4fa3-9b4b-1b2df842c658?*
2026-06-04 20:34:06.128 +05:30 [INF] Start processing HTTP request GET https://graph.microsoft.com/v1.0/applications/16390064-665b-46a7-bf00-af9438733c68?*
2026-06-04 20:34:06.145 +05:30 [INF] Sending HTTP request GET https://graph.microsoft.com/v1.0/applications/16390064-665b-46a7-bf00-af9438733c68?*
2026-06-04 20:34:06.161 +05:30 [INF] Start processing HTTP request GET https://graph.microsoft.com/v1.0/applications/168fff38-fb94-4f20-a935-4a12865d277e?*
2026-06-04 20:34:06.179 +05:30 [INF] Sending HTTP request GET https://graph.microsoft.com/v1.0/applications/168fff38-fb94-4f20-a935-4a12865d277e?*
2026-06-04 20:34:06.206 +05:30 [INF] Start processing HTTP request GET https://graph.microsoft.com/v1.0/applications/18683323-1182-42dc-83a1-1679ef2d8ccb?*
2026-06-04 20:34:06.226 +05:30 [INF] Sending HTTP request GET https://graph.microsoft.com/v1.0/applications/18683323-1182-42dc-83a1-1679ef2d8ccb?*
2026-06-04 20:34:06.244 +05:30 [INF] Start processing HTTP request GET https://graph.microsoft.com/v1.0/applications/1dc3420c-79ee-42ad-821e-832881d1359b?*
2026-06-04 20:34:06.259 +05:30 [INF] Sending HTTP request GET https://graph.microsoft.com/v1.0/applications/1dc3420c-79ee-42ad-821e-832881d1359b?*
2026-06-04 20:34:06.276 +05:30 [INF] Start processing HTTP request GET https://graph.microsoft.com/v1.0/applications/211fcada-7373-4adb-91cc-0b7fca809a3c?*
2026-06-04 20:34:06.289 +05:30 [INF] Received HTTP response headers after 164.4544ms - 200
2026-06-04 20:34:06.293 +05:30 [INF] Sending HTTP request GET https://graph.microsoft.com/v1.0/applications/211fcada-7373-4adb-91cc-0b7fca809a3c?*
2026-06-04 20:34:06.316 +05:30 [INF] End processing HTTP request after 226.7408ms - 200
2026-06-04 20:34:06.340 +05:30 [INF] Start processing HTTP request GET https://graph.microsoft.com/v1.0/applications/41357df4-0eb4-4cad-830f-c67c331165af?*
2026-06-04 20:34:06.409 +05:30 [INF] Received HTTP response headers after 248.9248ms - 200
2026-06-04 20:34:06.413 +05:30 [INF] Sending HTTP request GET https://graph.microsoft.com/v1.0/applications/41357df4-0eb4-4cad-830f-c67c331165af?*
2026-06-04 20:34:06.438 +05:30 [INF] End processing HTTP request after 310.2098ms - 200
2026-06-04 20:34:06.495 +05:30 [INF] Start processing HTTP request GET https://graph.microsoft.com/v1.0/applications/426fdc27-92f9-4ff5-a261-5140585db6db?*
2026-06-04 20:34:06.529 +05:30 [INF] Sending HTTP request GET https://graph.microsoft.com/v1.0/applications/426fdc27-92f9-4ff5-a261-5140585db6db?*
2026-06-04 20:34:06.545 +05:30 [INF] Start processing HTTP request GET https://graph.microsoft.com/v1.0/applications/457436a9-f6b9-491a-b540-34243534784f?*
2026-06-04 20:34:06.562 +05:30 [INF] Sending HTTP request GET https://graph.microsoft.com/v1.0/applications/457436a9-f6b9-491a-b540-34243534784f?*
2026-06-04 20:34:06.578 +05:30 [INF] Received HTTP response headers after 335.464ms - 200
2026-06-04 20:34:06.578 +05:30 [INF] Received HTTP response headers after 373.0108ms - 200
2026-06-04 20:34:06.579 +05:30 [INF] Received HTTP response headers after 304.4635ms - 200
2026-06-04 20:34:06.582 +05:30 [INF] Received HTTP response headers after 241.4723ms - 200
2026-06-04 20:34:06.583 +05:30 [INF] Start processing HTTP request GET https://graph.microsoft.com/v1.0/applications/49e2112b-0e2d-4381-b22e-38ca924f0134?*
2026-06-04 20:34:06.602 +05:30 [INF] End processing HTTP request after 396.3999ms - 200
2026-06-04 20:34:06.623 +05:30 [INF] End processing HTTP request after 461.4513ms - 200
2026-06-04 20:34:06.647 +05:30 [INF] End processing HTTP request after 403.5278ms - 200
2026-06-04 20:34:06.666 +05:30 [INF] End processing HTTP request after 390.3641ms - 200
2026-06-04 20:34:06.682 +05:30 [INF] Sending HTTP request GET https://graph.microsoft.com/v1.0/applications/49e2112b-0e2d-4381-b22e-38ca924f0134?*
2026-06-04 20:34:06.703 +05:30 [INF] Received HTTP response headers after 208.8254ms - 200
2026-06-04 20:34:06.788 +05:30 [INF] Start processing HTTP request GET https://graph.microsoft.com/v1.0/applications/49e94653-ce8e-473e-9ac7-8da94b59064b?*
2026-06-04 20:34:06.824 +05:30 [INF] Sending HTTP request GET https://graph.microsoft.com/v1.0/applications/49e94653-ce8e-473e-9ac7-8da94b59064b?*
2026-06-04 20:34:06.807 +05:30 [INF] End processing HTTP request after 466.618ms - 200
2026-06-04 20:34:06.847 +05:30 [INF] Start processing HTTP request GET https://graph.microsoft.com/v1.0/applications/4d6e78f8-1d50-4982-ad74-f739af798409?*
2026-06-04 20:34:06.856 +05:30 [INF] Received HTTP response headers after 310.7929ms - 200
2026-06-04 20:34:06.899 +05:30 [INF] Sending HTTP request GET https://graph.microsoft.com/v1.0/applications/4d6e78f8-1d50-4982-ad74-f739af798409?*
2026-06-04 20:34:06.872 +05:30 [INF] Received HTTP response headers after 289.4044ms - 200
2026-06-04 20:34:06.888 +05:30 [INF] Received HTTP response headers after 100.529ms - 200
2026-06-04 20:34:06.926 +05:30 [INF] End processing HTTP request after 430.4534ms - 200
2026-06-04 20:34:06.945 +05:30 [INF] Start processing HTTP request GET https://graph.microsoft.com/v1.0/applications/515206c9-45b1-47c8-990d-9eb4c90f1bc9?*
2026-06-04 20:34:06.964 +05:30 [INF] End processing HTTP request after 418.8781ms - 200
2026-06-04 20:34:06.982 +05:30 [INF] End processing HTTP request after 398.9301ms - 200
2026-06-04 20:34:07.020 +05:30 [INF] Received HTTP response headers after 174.8334ms - 200
2026-06-04 20:34:07.021 +05:30 [INF] Sending HTTP request GET https://graph.microsoft.com/v1.0/applications/515206c9-45b1-47c8-990d-9eb4c90f1bc9?*
2026-06-04 20:34:07.081 +05:30 [INF] End processing HTTP request after 292.7428ms - 200
2026-06-04 20:34:07.096 +05:30 [INF] Received HTTP response headers after 152.0861ms - 200
2026-06-04 20:34:07.108 +05:30 [INF] Start processing HTTP request GET https://graph.microsoft.com/v1.0/applications/604d3cea-cc9f-4cec-9767-7b0268a162a6?*
2026-06-04 20:34:07.151 +05:30 [INF] End processing HTTP request after 304.1409ms - 200
2026-06-04 20:34:07.176 +05:30 [INF] Sending HTTP request GET https://graph.microsoft.com/v1.0/applications/604d3cea-cc9f-4cec-9767-7b0268a162a6?*
2026-06-04 20:34:07.211 +05:30 [INF] Start processing HTTP request GET https://graph.microsoft.com/v1.0/applications/68c03ecd-864b-4489-bde4-23da2d863cc9?*
2026-06-04 20:34:07.228 +05:30 [INF] Sending HTTP request GET https://graph.microsoft.com/v1.0/applications/68c03ecd-864b-4489-bde4-23da2d863cc9?*
2026-06-04 20:34:07.248 +05:30 [INF] Start processing HTTP request GET https://graph.microsoft.com/v1.0/applications/742fd072-6b6c-4230-8cf1-6972d7300ad5?*
2026-06-04 20:34:07.261 +05:30 [INF] Received HTTP response headers after 157.0555ms - 200
2026-06-04 20:34:07.265 +05:30 [INF] Sending HTTP request GET https://graph.microsoft.com/v1.0/applications/742fd072-6b6c-4230-8cf1-6972d7300ad5?*
2026-06-04 20:34:07.286 +05:30 [INF] End processing HTTP request after 341.1085ms - 200
2026-06-04 20:34:07.305 +05:30 [INF] Start processing HTTP request GET https://graph.microsoft.com/v1.0/applications/76127915-56b3-483b-9d5b-c9f79c5637ff?*
2026-06-04 20:34:07.354 +05:30 [INF] Sending HTTP request GET https://graph.microsoft.com/v1.0/applications/76127915-56b3-483b-9d5b-c9f79c5637ff?*
2026-06-04 20:34:07.371 +05:30 [INF] Start processing HTTP request GET https://graph.microsoft.com/v1.0/applications/76521842-1af8-4caf-b658-cc8189f05f86?*
2026-06-04 20:34:07.382 +05:30 [INF] Received HTTP response headers after 171.5693ms - 200
2026-06-04 20:34:07.407 +05:30 [INF] End processing HTTP request after 298.4067ms - 200
2026-06-04 20:34:07.405 +05:30 [INF] Received HTTP response headers after 158.7448ms - 200
2026-06-04 20:34:07.388 +05:30 [INF] Sending HTTP request GET https://graph.microsoft.com/v1.0/applications/76521842-1af8-4caf-b658-cc8189f05f86?*
2026-06-04 20:34:07.444 +05:30 [INF] End processing HTTP request after 232.2486ms - 200
2026-06-04 20:34:07.463 +05:30 [INF] Start processing HTTP request GET https://graph.microsoft.com/v1.0/applications/83e59e8b-1583-43c5-aab9-2512ca2aec1d?*
2026-06-04 20:34:07.503 +05:30 [INF] Sending HTTP request GET https://graph.microsoft.com/v1.0/applications/83e59e8b-1583-43c5-aab9-2512ca2aec1d?*
2026-06-04 20:34:07.469 +05:30 [INF] Received HTTP response headers after 163.8306ms - 200
2026-06-04 20:34:07.520 +05:30 [INF] Start processing HTTP request GET https://graph.microsoft.com/v1.0/applications/860a6e19-3808-4bd0-81d8-e4ccc8d7d780?*
2026-06-04 20:34:07.535 +05:30 [INF] Received HTTP response headers after 165.1534ms - 200
2026-06-04 20:34:07.540 +05:30 [INF] End processing HTTP request after 292.1165ms - 200
2026-06-04 20:34:07.564 +05:30 [INF] Sending HTTP request GET https://graph.microsoft.com/v1.0/applications/860a6e19-3808-4bd0-81d8-e4ccc8d7d780?*
2026-06-04 20:34:07.588 +05:30 [INF] End processing HTTP request after 282.0398ms - 200
2026-06-04 20:34:07.638 +05:30 [INF] Received HTTP response headers after 175.9173ms - 200
2026-06-04 20:34:07.681 +05:30 [INF] Received HTTP response headers after 161.7716ms - 200
2026-06-04 20:34:07.687 +05:30 [INF] End processing HTTP request after 315.4892ms - 200
2026-06-04 20:34:07.708 +05:30 [INF] End processing HTTP request after 245.4402ms - 200
2026-06-04 20:34:07.814 +05:30 [INF] Received HTTP response headers after 172.6844ms - 200
2026-06-04 20:34:07.831 +05:30 [INF] End processing HTTP request after 310.4351ms - 200
2026-06-04 20:34:07.852 +05:30 [INF] Start processing HTTP request GET https://graph.microsoft.com/v1.0/applications/9c49407c-ffba-46e6-9478-4dc0adb10fb6?*
2026-06-04 20:34:07.867 +05:30 [INF] Sending HTTP request GET https://graph.microsoft.com/v1.0/applications/9c49407c-ffba-46e6-9478-4dc0adb10fb6?*
2026-06-04 20:34:07.882 +05:30 [INF] Start processing HTTP request GET https://graph.microsoft.com/v1.0/applications/b162627b-5d59-45ab-a873-8699ed5c2ad0?*
2026-06-04 20:34:07.897 +05:30 [INF] Sending HTTP request GET https://graph.microsoft.com/v1.0/applications/b162627b-5d59-45ab-a873-8699ed5c2ad0?*
2026-06-04 20:34:07.914 +05:30 [INF] Start processing HTTP request GET https://graph.microsoft.com/v1.0/applications/b26745cd-d8ac-4497-af66-b06ae74a239d?*
2026-06-04 20:34:07.929 +05:30 [INF] Sending HTTP request GET https://graph.microsoft.com/v1.0/applications/b26745cd-d8ac-4497-af66-b06ae74a239d?*
2026-06-04 20:34:07.944 +05:30 [INF] Start processing HTTP request GET https://graph.microsoft.com/v1.0/applications/b78fcfb9-0135-49e3-8a30-3c89f23efd27?*
2026-06-04 20:34:07.959 +05:30 [INF] Sending HTTP request GET https://graph.microsoft.com/v1.0/applications/b78fcfb9-0135-49e3-8a30-3c89f23efd27?*
2026-06-04 20:34:07.980 +05:30 [INF] Start processing HTTP request GET https://graph.microsoft.com/v1.0/applications/bd8e6495-916f-466e-b8ec-6c68b0ca2275?*
2026-06-04 20:34:08.005 +05:30 [INF] Sending HTTP request GET https://graph.microsoft.com/v1.0/applications/bd8e6495-916f-466e-b8ec-6c68b0ca2275?*
2026-06-04 20:34:08.027 +05:30 [INF] Start processing HTTP request GET https://graph.microsoft.com/v1.0/applications/be0929ed-32bf-489d-b7e7-78c410f0eb32?*
2026-06-04 20:34:08.047 +05:30 [INF] Sending HTTP request GET https://graph.microsoft.com/v1.0/applications/be0929ed-32bf-489d-b7e7-78c410f0eb32?*
2026-06-04 20:34:08.050 +05:30 [INF] Received HTTP response headers after 168.6708ms - 200
2026-06-04 20:34:08.086 +05:30 [INF] Start processing HTTP request GET https://graph.microsoft.com/v1.0/applications/d8bc9ce0-805e-4f15-abc1-3770664967be?*
2026-06-04 20:34:08.101 +05:30 [INF] End processing HTTP request after 248.6936ms - 200
2026-06-04 20:34:08.118 +05:30 [INF] Received HTTP response headers after 174.2257ms - 200
2026-06-04 20:34:08.120 +05:30 [INF] Sending HTTP request GET https://graph.microsoft.com/v1.0/applications/d8bc9ce0-805e-4f15-abc1-3770664967be?*
2026-06-04 20:34:08.120 +05:30 [INF] Received HTTP response headers after 206.9478ms - 200
2026-06-04 20:34:08.141 +05:30 [INF] Received HTTP response headers after 113.9787ms - 200
2026-06-04 20:34:08.219 +05:30 [INF] End processing HTTP request after 238.8957ms - 200
2026-06-04 20:34:08.176 +05:30 [INF] Start processing HTTP request GET https://graph.microsoft.com/v1.0/applications/e6effa40-f02d-43b5-b176-f05c2bd6f9d8?*
2026-06-04 20:34:08.196 +05:30 [INF] End processing HTTP request after 314.4112ms - 200
2026-06-04 20:34:08.158 +05:30 [INF] End processing HTTP request after 244.19ms - 200
2026-06-04 20:34:08.239 +05:30 [INF] Received HTTP response headers after 259.9476ms - 200
2026-06-04 20:34:08.255 +05:30 [INF] Sending HTTP request GET https://graph.microsoft.com/v1.0/applications/e6effa40-f02d-43b5-b176-f05c2bd6f9d8?*
2026-06-04 20:34:08.277 +05:30 [INF] Received HTTP response headers after 204.1891ms - 200
2026-06-04 20:34:08.329 +05:30 [INF] End processing HTTP request after 384.4755ms - 200
2026-06-04 20:34:08.350 +05:30 [INF] Start processing HTTP request GET https://graph.microsoft.com/v1.0/applications/e9dd9e09-6245-4451-bbfc-9271397838bd?*
2026-06-04 20:34:08.408 +05:30 [INF] Sending HTTP request GET https://graph.microsoft.com/v1.0/applications/e9dd9e09-6245-4451-bbfc-9271397838bd?*
2026-06-04 20:34:08.370 +05:30 [INF] End processing HTTP request after 342.1797ms - 200
2026-06-04 20:34:08.351 +05:30 [INF] Received HTTP response headers after 176.0478ms - 200
2026-06-04 20:34:08.426 +05:30 [INF] Start processing HTTP request GET https://graph.microsoft.com/v1.0/applications/ec3e1482-03bc-4b54-bbb2-0098dca6c3d2?*
2026-06-04 20:34:08.462 +05:30 [INF] End processing HTTP request after 376.5223ms - 200
2026-06-04 20:34:08.478 +05:30 [INF] Sending HTTP request GET https://graph.microsoft.com/v1.0/applications/ec3e1482-03bc-4b54-bbb2-0098dca6c3d2?*
2026-06-04 20:34:08.519 +05:30 [INF] Received HTTP response headers after 171.1394ms - 200
2026-06-04 20:34:08.520 +05:30 [INF] Start processing HTTP request GET https://graph.microsoft.com/v1.0/applications/ecf48238-8fe6-442d-ab11-447b07afd79e?*
2026-06-04 20:34:08.520 +05:30 [INF] Received HTTP response headers after 94.7157ms - 200
2026-06-04 20:34:08.545 +05:30 [INF] End processing HTTP request after 368.7421ms - 200
2026-06-04 20:34:08.561 +05:30 [INF] Sending HTTP request GET https://graph.microsoft.com/v1.0/applications/ecf48238-8fe6-442d-ab11-447b07afd79e?*
2026-06-04 20:34:08.581 +05:30 [INF] End processing HTTP request after 231.5433ms - 200
2026-06-04 20:34:08.620 +05:30 [INF] Start processing HTTP request GET https://graph.microsoft.com/v1.0/applications/ed787c25-faab-4a75-ba66-d96ad1c32f33?*
2026-06-04 20:34:08.658 +05:30 [INF] Sending HTTP request GET https://graph.microsoft.com/v1.0/applications/ed787c25-faab-4a75-ba66-d96ad1c32f33?*
2026-06-04 20:34:08.668 +05:30 [INF] Received HTTP response headers after 150.2735ms - 200
2026-06-04 20:34:08.675 +05:30 [INF] Start processing HTTP request GET https://graph.microsoft.com/v1.0/applications/f27d50af-8e5d-493b-8503-6cc072e85ee6?*
2026-06-04 20:34:08.695 +05:30 [INF] End processing HTTP request after 268.3111ms - 200
2026-06-04 20:34:08.711 +05:30 [INF] Received HTTP response headers after 91.6532ms - 200
2026-06-04 20:34:08.712 +05:30 [INF] Sending HTTP request GET https://graph.microsoft.com/v1.0/applications/f27d50af-8e5d-493b-8503-6cc072e85ee6?*
2026-06-04 20:34:08.759 +05:30 [INF] End processing HTTP request after 239.2164ms - 200
2026-06-04 20:34:08.776 +05:30 [INF] Start processing HTTP request GET https://graph.microsoft.com/v1.0/applications/f488bdea-975e-4c19-952b-ba57e2cd2b30?*
2026-06-04 20:34:08.810 +05:30 [INF] Sending HTTP request GET https://graph.microsoft.com/v1.0/applications/f488bdea-975e-4c19-952b-ba57e2cd2b30?*
2026-06-04 20:34:08.827 +05:30 [INF] Start processing HTTP request GET https://graph.microsoft.com/v1.0/applications/fc6adfe3-0b18-45e2-9299-2b37b672df0e?*
2026-06-04 20:34:08.845 +05:30 [INF] Sending HTTP request GET https://graph.microsoft.com/v1.0/applications/fc6adfe3-0b18-45e2-9299-2b37b672df0e?*
2026-06-04 20:34:08.846 +05:30 [INF] Received HTTP response headers after 171.4878ms - 200
2026-06-04 20:34:08.883 +05:30 [INF] End processing HTTP request after 263.0337ms - 200
2026-06-04 20:34:08.935 +05:30 [INF] Received HTTP response headers after 159.9732ms - 200
2026-06-04 20:34:08.976 +05:30 [INF] End processing HTTP request after 300.0329ms - 200
2026-06-04 20:34:08.978 +05:30 [INF] Received HTTP response headers after 151.9362ms - 200
2026-06-04 20:34:09.028 +05:30 [INF] End processing HTTP request after 252.0654ms - 200
2026-06-04 20:34:09.028 +05:30 [INF] Received HTTP response headers after 166.1815ms - 200
2026-06-04 20:34:09.073 +05:30 [INF] End processing HTTP request after 246.3167ms - 200
2026-06-04 20:34:09.101 +05:30 [INF] [Governance] Fetching groups from Graph...
2026-06-04 20:34:09.114 +05:30 [INF] Start processing HTTP request GET https://graph.microsoft.com/v1.0/groups?*
2026-06-04 20:34:09.133 +05:30 [INF] Sending HTTP request GET https://graph.microsoft.com/v1.0/groups?*
2026-06-04 20:34:09.376 +05:30 [INF] Received HTTP response headers after 226.5647ms - 200
2026-06-04 20:34:09.406 +05:30 [INF] End processing HTTP request after 292.0194ms - 200
2026-06-04 20:34:09.452 +05:30 [INF] Start processing HTTP request POST https://graph.microsoft.com/v1.0/$batch
2026-06-04 20:34:09.469 +05:30 [INF] Sending HTTP request POST https://graph.microsoft.com/v1.0/$batch
2026-06-04 20:34:09.487 +05:30 [INF] Start processing HTTP request POST https://graph.microsoft.com/v1.0/$batch
2026-06-04 20:34:09.504 +05:30 [INF] Sending HTTP request POST https://graph.microsoft.com/v1.0/$batch
2026-06-04 20:34:09.575 +05:30 [INF] Received HTTP response headers after 90.3446ms - 200
2026-06-04 20:34:09.605 +05:30 [INF] End processing HTTP request after 152.8114ms - 200
2026-06-04 20:34:09.608 +05:30 [INF] Received HTTP response headers after 86.4457ms - 200
2026-06-04 20:34:09.651 +05:30 [INF] End processing HTTP request after 163.5911ms - 200
2026-06-04 20:34:10.273 +05:30 [WRN] Failed to batch-fetch members counts for groups
System.Text.Json.JsonException: The JSON value could not be converted to System.String. Path: $.responses[0].body | LineNumber: 0 | BytePositionInLine: 144.
 ---> System.InvalidOperationException: Cannot get the value of a token type 'StartObject' as a string.
   at System.Text.Json.ThrowHelper.ThrowInvalidOperationException_ExpectedString(JsonTokenType tokenType)
   at System.Text.Json.Utf8JsonReader.GetString()
   at System.Text.Json.Serialization.Metadata.JsonPropertyInfo`1.ReadJsonAndSetMember(Object obj, ReadStack& state, Utf8JsonReader& reader)
   at System.Text.Json.Serialization.Converters.ObjectDefaultConverter`1.OnTryRead(Utf8JsonReader& reader, Type typeToConvert, JsonSerializerOptions options, ReadStack& state, T& value)
   at System.Text.Json.Serialization.JsonCollectionConverter`2.OnTryRead(Utf8JsonReader& reader, Type typeToConvert, JsonSerializerOptions options, ReadStack& state, TCollection& value)
   at System.Text.Json.Serialization.JsonConverter`1.TryRead(Utf8JsonReader& reader, Type typeToConvert, JsonSerializerOptions options, ReadStack& state, T& value, Boolean& isPopulatedValue)
   at System.Text.Json.Serialization.Metadata.JsonPropertyInfo`1.ReadJsonAndSetMember(Object obj, ReadStack& state, Utf8JsonReader& reader)
   at System.Text.Json.Serialization.Converters.ObjectDefaultConverter`1.OnTryRead(Utf8JsonReader& reader, Type typeToConvert, JsonSerializerOptions options, ReadStack& state, T& value)
   at System.Text.Json.Serialization.JsonConverter`1.ReadCore(Utf8JsonReader& reader, T& value, JsonSerializerOptions options, ReadStack& state)
   --- End of inner exception stack trace ---
   at System.Text.Json.ThrowHelper.ReThrowWithPath(ReadStack& state, Utf8JsonReader& reader, Exception ex)
   at System.Text.Json.Serialization.JsonConverter`1.ReadCore(Utf8JsonReader& reader, T& value, JsonSerializerOptions options, ReadStack& state)
   at System.Text.Json.Serialization.Metadata.JsonTypeInfo`1.ContinueDeserialize[TReadBufferState,TStream](TReadBufferState& bufferState, JsonReaderState& jsonReaderState, ReadStack& readStack, T& value)
   at System.Text.Json.Serialization.Metadata.JsonTypeInfo`1.DeserializeAsync[TReadBufferState,TStream](TStream utf8Json, TReadBufferState bufferState, CancellationToken cancellationToken)
   at System.Net.Http.Json.HttpContentJsonExtensions.ReadFromJsonAsyncCore[T](HttpContent content, JsonSerializerOptions options, CancellationToken cancellationToken)
   at SIGMA.Infrastructure.Graph.GraphClientService.BatchGetNavigationCountAsync(List`1 entityIds, String navigation, CancellationToken ct) in D:\SIGMA Project\SIGMA-Beta\SIGMA\src\SIGMA.Infrastructure\Graph\GraphClientService.cs:line 614
2026-06-04 20:34:10.424 +05:30 [WRN] Failed to batch-fetch owners counts for groups
System.Text.Json.JsonException: The JSON value could not be converted to System.String. Path: $.responses[0].body | LineNumber: 0 | BytePositionInLine: 145.
 ---> System.InvalidOperationException: Cannot get the value of a token type 'StartObject' as a string.
   at System.Text.Json.ThrowHelper.ThrowInvalidOperationException_ExpectedString(JsonTokenType tokenType)
   at System.Text.Json.Utf8JsonReader.GetString()
   at System.Text.Json.Serialization.Metadata.JsonPropertyInfo`1.ReadJsonAndSetMember(Object obj, ReadStack& state, Utf8JsonReader& reader)
   at System.Text.Json.Serialization.Converters.ObjectDefaultConverter`1.OnTryRead(Utf8JsonReader& reader, Type typeToConvert, JsonSerializerOptions options, ReadStack& state, T& value)
   at System.Text.Json.Serialization.JsonCollectionConverter`2.OnTryRead(Utf8JsonReader& reader, Type typeToConvert, JsonSerializerOptions options, ReadStack& state, TCollection& value)
   at System.Text.Json.Serialization.JsonConverter`1.TryRead(Utf8JsonReader& reader, Type typeToConvert, JsonSerializerOptions options, ReadStack& state, T& value, Boolean& isPopulatedValue)
   at System.Text.Json.Serialization.Metadata.JsonPropertyInfo`1.ReadJsonAndSetMember(Object obj, ReadStack& state, Utf8JsonReader& reader)
   at System.Text.Json.Serialization.Converters.ObjectDefaultConverter`1.OnTryRead(Utf8JsonReader& reader, Type typeToConvert, JsonSerializerOptions options, ReadStack& state, T& value)
   at System.Text.Json.Serialization.JsonConverter`1.ReadCore(Utf8JsonReader& reader, T& value, JsonSerializerOptions options, ReadStack& state)
   --- End of inner exception stack trace ---
   at System.Text.Json.ThrowHelper.ReThrowWithPath(ReadStack& state, Utf8JsonReader& reader, Exception ex)
   at System.Text.Json.Serialization.JsonConverter`1.ReadCore(Utf8JsonReader& reader, T& value, JsonSerializerOptions options, ReadStack& state)
   at System.Text.Json.Serialization.Metadata.JsonTypeInfo`1.ContinueDeserialize[TReadBufferState,TStream](TReadBufferState& bufferState, JsonReaderState& jsonReaderState, ReadStack& readStack, T& value)
   at System.Text.Json.Serialization.Metadata.JsonTypeInfo`1.DeserializeAsync[TReadBufferState,TStream](TStream utf8Json, TReadBufferState bufferState, CancellationToken cancellationToken)
   at System.Net.Http.Json.HttpContentJsonExtensions.ReadFromJsonAsyncCore[T](HttpContent content, JsonSerializerOptions options, CancellationToken cancellationToken)
   at SIGMA.Infrastructure.Graph.GraphClientService.BatchGetNavigationCountAsync(List`1 entityIds, String navigation, CancellationToken ct) in D:\SIGMA Project\SIGMA-Beta\SIGMA\src\SIGMA.Infrastructure\Graph\GraphClientService.cs:line 614
2026-06-04 20:34:10.500 +05:30 [INF] [Governance] Groups result: IsSuccess=true, Count=19
2026-06-04 20:34:10.510 +05:30 [INF] [Governance] Found stale empty group: DnsAdmins (created 650 days ago)
2026-06-04 20:34:10.520 +05:30 [INF] [Governance] Found stale empty group: SeniorAdminTrail (created 645 days ago)
2026-06-04 20:34:10.529 +05:30 [INF] [Governance] Found stale empty group: ADSyncAdmins (created 650 days ago)
2026-06-04 20:34:10.538 +05:30 [INF] [Governance] Found stale empty group: MS_SuperStars (created 652 days ago)
2026-06-04 20:34:10.549 +05:30 [INF] [Governance] Found stale empty group: TestDemo (created 103 days ago)
2026-06-04 20:34:10.559 +05:30 [INF] [Governance] Found stale empty group: TrailMS365 (created 652 days ago)
2026-06-04 20:34:10.569 +05:30 [INF] [Governance] Found stale empty group: UserAdmin (created 640 days ago)
2026-06-04 20:34:10.581 +05:30 [INF] [Governance] Found stale empty group: TestGroup1 (created 640 days ago)
2026-06-04 20:34:10.591 +05:30 [INF] [Governance] Found stale empty group: DemoGroup (created 631 days ago)
2026-06-04 20:34:10.603 +05:30 [INF] [Governance] Found stale empty group: JuniorAdmins (created 644 days ago)
2026-06-04 20:34:10.614 +05:30 [INF] [Governance] Found stale empty group: Retail Trail (created 643 days ago)
2026-06-04 20:34:10.622 +05:30 [INF] [Governance] Found stale empty group: ADSyncBrowse (created 650 days ago)
2026-06-04 20:34:10.632 +05:30 [INF] [Governance] Found stale empty group: HelpDeskAdmin (created 640 days ago)
2026-06-04 20:34:10.640 +05:30 [INF] [Governance] Found stale empty group: SalesAndMarketingTrail (created 644 days ago)
2026-06-04 20:34:10.649 +05:30 [INF] [Governance] Found stale empty group: DnsUpdateProxy (created 650 days ago)
2026-06-04 20:34:10.658 +05:30 [INF] [Governance] Found stale empty group: ADSyncPasswordSet (created 650 days ago)
2026-06-04 20:34:10.668 +05:30 [INF] [Governance] Found stale empty group: ADSyncOperators (created 650 days ago)
2026-06-04 20:34:10.685 +05:30 [INF] [Governance] Found stale empty group: TestGroup2 (created 640 days ago)
2026-06-04 20:34:10.705 +05:30 [INF] [Governance] Fetching users from Graph...
2026-06-04 20:34:10.720 +05:30 [INF] Start processing HTTP request GET https://graph.microsoft.com/v1.0/users?*
2026-06-04 20:34:10.736 +05:30 [INF] Sending HTTP request GET https://graph.microsoft.com/v1.0/users?*
2026-06-04 20:34:10.909 +05:30 [INF] Received HTTP response headers after 157.2213ms - 200
2026-06-04 20:34:10.933 +05:30 [INF] End processing HTTP request after 213.0515ms - 200
2026-06-04 20:34:10.954 +05:30 [INF] [Governance] Users result: IsSuccess=true, Count=23
2026-06-04 20:34:10.971 +05:30 [INF] [Governance] Final findings count: 108 (Critical=65, Warning=25, Info=18)
2026-06-04 20:34:11.056 +05:30 [WRN] Slow request: GET /api/v1/governance/findings responded 200 in 7976ms
2026-06-04 20:34:27.434 +05:30 [INF] IDX10242: Security token: '[PII of type 'Microsoft.IdentityModel.JsonWebTokens.JsonWebToken' is hidden. For more details, see https://aka.ms/IdentityModel/PII.]' has a valid signature.
2026-06-04 20:34:27.456 +05:30 [INF] IDX10239: Lifetime of the token is valid.
2026-06-04 20:34:27.467 +05:30 [INF] IDX10234: Audience Validated.Audience: 'api://f0ee212a-b836-4f5c-aafe-bee4b0ebfcfb'
2026-06-04 20:34:27.479 +05:30 [INF] IDX10245: Creating claims identity from the validated token: '[PII of type 'Microsoft.IdentityModel.JsonWebTokens.JsonWebToken' is hidden. For more details, see https://aka.ms/IdentityModel/PII.]'.
2026-06-04 20:34:27.493 +05:30 [INF] [Governance] Fetching applications from Graph...
2026-06-04 20:34:27.505 +05:30 [INF] Start processing HTTP request GET https://graph.microsoft.com/v1.0/applications?*
2026-06-04 20:34:27.521 +05:30 [INF] Sending HTTP request GET https://graph.microsoft.com/v1.0/applications?*
2026-06-04 20:34:27.865 +05:30 [INF] Received HTTP response headers after 320.1542ms - 200
2026-06-04 20:34:27.905 +05:30 [INF] End processing HTTP request after 399.8529ms - 200
2026-06-04 20:34:27.929 +05:30 [INF] Start processing HTTP request POST https://graph.microsoft.com/v1.0/$batch
2026-06-04 20:34:27.949 +05:30 [INF] Sending HTTP request POST https://graph.microsoft.com/v1.0/$batch
2026-06-04 20:34:28.055 +05:30 [INF] Received HTTP response headers after 81.8872ms - 200
2026-06-04 20:34:28.080 +05:30 [INF] End processing HTTP request after 150.69ms - 200
2026-06-04 20:34:28.844 +05:30 [WRN] Failed to batch-fetch owner counts for applications
System.Text.Json.JsonException: The JSON value could not be converted to System.String. Path: $.responses[0].body | LineNumber: 0 | BytePositionInLine: 144.
 ---> System.InvalidOperationException: Cannot get the value of a token type 'StartObject' as a string.
   at System.Text.Json.ThrowHelper.ThrowInvalidOperationException_ExpectedString(JsonTokenType tokenType)
   at System.Text.Json.Utf8JsonReader.GetString()
   at System.Text.Json.Serialization.Metadata.JsonPropertyInfo`1.ReadJsonAndSetMember(Object obj, ReadStack& state, Utf8JsonReader& reader)
   at System.Text.Json.Serialization.Converters.ObjectDefaultConverter`1.OnTryRead(Utf8JsonReader& reader, Type typeToConvert, JsonSerializerOptions options, ReadStack& state, T& value)
   at System.Text.Json.Serialization.JsonCollectionConverter`2.OnTryRead(Utf8JsonReader& reader, Type typeToConvert, JsonSerializerOptions options, ReadStack& state, TCollection& value)
   at System.Text.Json.Serialization.JsonConverter`1.TryRead(Utf8JsonReader& reader, Type typeToConvert, JsonSerializerOptions options, ReadStack& state, T& value, Boolean& isPopulatedValue)
   at System.Text.Json.Serialization.Metadata.JsonPropertyInfo`1.ReadJsonAndSetMember(Object obj, ReadStack& state, Utf8JsonReader& reader)
   at System.Text.Json.Serialization.Converters.ObjectDefaultConverter`1.OnTryRead(Utf8JsonReader& reader, Type typeToConvert, JsonSerializerOptions options, ReadStack& state, T& value)
   at System.Text.Json.Serialization.JsonConverter`1.ReadCore(Utf8JsonReader& reader, T& value, JsonSerializerOptions options, ReadStack& state)
   --- End of inner exception stack trace ---
   at System.Text.Json.ThrowHelper.ReThrowWithPath(ReadStack& state, Utf8JsonReader& reader, Exception ex)
   at System.Text.Json.Serialization.JsonConverter`1.ReadCore(Utf8JsonReader& reader, T& value, JsonSerializerOptions options, ReadStack& state)
   at System.Text.Json.Serialization.Metadata.JsonTypeInfo`1.ContinueDeserialize[TReadBufferState,TStream](TReadBufferState& bufferState, JsonReaderState& jsonReaderState, ReadStack& readStack, T& value)
   at System.Text.Json.Serialization.Metadata.JsonTypeInfo`1.DeserializeAsync[TReadBufferState,TStream](TStream utf8Json, TReadBufferState bufferState, CancellationToken cancellationToken)
   at System.Net.Http.Json.HttpContentJsonExtensions.ReadFromJsonAsyncCore[T](HttpContent content, JsonSerializerOptions options, CancellationToken cancellationToken)
   at SIGMA.Infrastructure.Graph.GraphClientService.BatchGetApplicationOwnerCountsAsync(List`1 appIds, CancellationToken ct) in D:\SIGMA Project\SIGMA-Beta\SIGMA\src\SIGMA.Infrastructure\Graph\GraphClientService.cs:line 549
2026-06-04 20:34:28.883 +05:30 [INF] Start processing HTTP request POST https://graph.microsoft.com/v1.0/$batch
2026-06-04 20:34:28.907 +05:30 [INF] Sending HTTP request POST https://graph.microsoft.com/v1.0/$batch
2026-06-04 20:34:29.026 +05:30 [INF] Received HTTP response headers after 98.5532ms - 200
2026-06-04 20:34:29.055 +05:30 [INF] End processing HTTP request after 171.8027ms - 200
2026-06-04 20:34:29.230 +05:30 [WRN] Failed to batch-fetch owner counts for applications
System.Text.Json.JsonException: The JSON value could not be converted to System.String. Path: $.responses[0].body | LineNumber: 0 | BytePositionInLine: 144.
 ---> System.InvalidOperationException: Cannot get the value of a token type 'StartObject' as a string.
   at System.Text.Json.ThrowHelper.ThrowInvalidOperationException_ExpectedString(JsonTokenType tokenType)
   at System.Text.Json.Utf8JsonReader.GetString()
   at System.Text.Json.Serialization.Metadata.JsonPropertyInfo`1.ReadJsonAndSetMember(Object obj, ReadStack& state, Utf8JsonReader& reader)
   at System.Text.Json.Serialization.Converters.ObjectDefaultConverter`1.OnTryRead(Utf8JsonReader& reader, Type typeToConvert, JsonSerializerOptions options, ReadStack& state, T& value)
   at System.Text.Json.Serialization.JsonCollectionConverter`2.OnTryRead(Utf8JsonReader& reader, Type typeToConvert, JsonSerializerOptions options, ReadStack& state, TCollection& value)
   at System.Text.Json.Serialization.JsonConverter`1.TryRead(Utf8JsonReader& reader, Type typeToConvert, JsonSerializerOptions options, ReadStack& state, T& value, Boolean& isPopulatedValue)
   at System.Text.Json.Serialization.Metadata.JsonPropertyInfo`1.ReadJsonAndSetMember(Object obj, ReadStack& state, Utf8JsonReader& reader)
   at System.Text.Json.Serialization.Converters.ObjectDefaultConverter`1.OnTryRead(Utf8JsonReader& reader, Type typeToConvert, JsonSerializerOptions options, ReadStack& state, T& value)
   at System.Text.Json.Serialization.JsonConverter`1.ReadCore(Utf8JsonReader& reader, T& value, JsonSerializerOptions options, ReadStack& state)
   --- End of inner exception stack trace ---
   at System.Text.Json.ThrowHelper.ReThrowWithPath(ReadStack& state, Utf8JsonReader& reader, Exception ex)
   at System.Text.Json.Serialization.JsonConverter`1.ReadCore(Utf8JsonReader& reader, T& value, JsonSerializerOptions options, ReadStack& state)
   at System.Text.Json.Serialization.Metadata.JsonTypeInfo`1.ContinueDeserialize[TReadBufferState,TStream](TReadBufferState& bufferState, JsonReaderState& jsonReaderState, ReadStack& readStack, T& value)
   at System.Text.Json.Serialization.Metadata.JsonTypeInfo`1.DeserializeAsync[TReadBufferState,TStream](TStream utf8Json, TReadBufferState bufferState, CancellationToken cancellationToken)
   at System.Net.Http.Json.HttpContentJsonExtensions.ReadFromJsonAsyncCore[T](HttpContent content, JsonSerializerOptions options, CancellationToken cancellationToken)
   at SIGMA.Infrastructure.Graph.GraphClientService.BatchGetApplicationOwnerCountsAsync(List`1 appIds, CancellationToken ct) in D:\SIGMA Project\SIGMA-Beta\SIGMA\src\SIGMA.Infrastructure\Graph\GraphClientService.cs:line 549
2026-06-04 20:34:29.278 +05:30 [INF] [Governance] Applications result: IsSuccess=true, Error=null
2026-06-04 20:34:29.293 +05:30 [INF] [Governance] Processing 35 applications...
2026-06-04 20:34:29.307 +05:30 [INF] Start processing HTTP request GET https://graph.microsoft.com/v1.0/applications/0bbdd90f-39c8-4fa3-9b4b-1b2df842c658?*
2026-06-04 20:34:29.326 +05:30 [INF] Sending HTTP request GET https://graph.microsoft.com/v1.0/applications/0bbdd90f-39c8-4fa3-9b4b-1b2df842c658?*
2026-06-04 20:34:29.345 +05:30 [INF] Start processing HTTP request GET https://graph.microsoft.com/v1.0/applications/16390064-665b-46a7-bf00-af9438733c68?*
2026-06-04 20:34:29.384 +05:30 [INF] Sending HTTP request GET https://graph.microsoft.com/v1.0/applications/16390064-665b-46a7-bf00-af9438733c68?*
2026-06-04 20:34:29.409 +05:30 [INF] Start processing HTTP request GET https://graph.microsoft.com/v1.0/applications/168fff38-fb94-4f20-a935-4a12865d277e?*
2026-06-04 20:34:29.430 +05:30 [INF] Sending HTTP request GET https://graph.microsoft.com/v1.0/applications/168fff38-fb94-4f20-a935-4a12865d277e?*
2026-06-04 20:34:29.432 +05:30 [INF] Received HTTP response headers after 88.5055ms - 200
2026-06-04 20:34:29.460 +05:30 [INF] Start processing HTTP request GET https://graph.microsoft.com/v1.0/applications/18683323-1182-42dc-83a1-1679ef2d8ccb?*
2026-06-04 20:34:29.487 +05:30 [INF] End processing HTTP request after 180.1184ms - 200
2026-06-04 20:34:29.503 +05:30 [INF] Received HTTP response headers after 95.5124ms - 200
2026-06-04 20:34:29.508 +05:30 [INF] Sending HTTP request GET https://graph.microsoft.com/v1.0/applications/18683323-1182-42dc-83a1-1679ef2d8ccb?*
2026-06-04 20:34:29.556 +05:30 [INF] Received HTTP response headers after 96.8829ms - 200
2026-06-04 20:34:29.560 +05:30 [INF] End processing HTTP request after 215.7289ms - 200
2026-06-04 20:34:29.587 +05:30 [INF] Start processing HTTP request GET https://graph.microsoft.com/v1.0/applications/1dc3420c-79ee-42ad-821e-832881d1359b?*
2026-06-04 20:34:29.610 +05:30 [INF] End processing HTTP request after 201.6014ms - 200
2026-06-04 20:34:29.659 +05:30 [INF] Sending HTTP request GET https://graph.microsoft.com/v1.0/applications/1dc3420c-79ee-42ad-821e-832881d1359b?*
2026-06-04 20:34:29.708 +05:30 [INF] Start processing HTTP request GET https://graph.microsoft.com/v1.0/applications/211fcada-7373-4adb-91cc-0b7fca809a3c?*
2026-06-04 20:34:29.728 +05:30 [INF] Sending HTTP request GET https://graph.microsoft.com/v1.0/applications/211fcada-7373-4adb-91cc-0b7fca809a3c?*
2026-06-04 20:34:29.739 +05:30 [INF] Received HTTP response headers after 153.1288ms - 200
2026-06-04 20:34:29.752 +05:30 [INF] Start processing HTTP request GET https://graph.microsoft.com/v1.0/applications/41357df4-0eb4-4cad-830f-c67c331165af?*
2026-06-04 20:34:29.777 +05:30 [INF] End processing HTTP request after 317.3429ms - 200
2026-06-04 20:34:29.803 +05:30 [INF] Sending HTTP request GET https://graph.microsoft.com/v1.0/applications/41357df4-0eb4-4cad-830f-c67c331165af?*
2026-06-04 20:34:29.859 +05:30 [INF] Received HTTP response headers after 107.8855ms - 200
2026-06-04 20:34:29.860 +05:30 [INF] Start processing HTTP request GET https://graph.microsoft.com/v1.0/applications/426fdc27-92f9-4ff5-a261-5140585db6db?*
2026-06-04 20:34:29.888 +05:30 [INF] Received HTTP response headers after 181.1325ms - 200
2026-06-04 20:34:29.892 +05:30 [INF] End processing HTTP request after 184.1365ms - 200
2026-06-04 20:34:29.963 +05:30 [INF] Sending HTTP request GET https://graph.microsoft.com/v1.0/applications/426fdc27-92f9-4ff5-a261-5140585db6db?*
2026-06-04 20:34:30.026 +05:30 [INF] End processing HTTP request after 438.7643ms - 200
2026-06-04 20:34:30.044 +05:30 [INF] Received HTTP response headers after 184.2898ms - 200
2026-06-04 20:34:30.073 +05:30 [INF] Start processing HTTP request GET https://graph.microsoft.com/v1.0/applications/457436a9-f6b9-491a-b540-34243534784f?*
2026-06-04 20:34:30.123 +05:30 [INF] End processing HTTP request after 371.22ms - 200
2026-06-04 20:34:30.157 +05:30 [INF] Sending HTTP request GET https://graph.microsoft.com/v1.0/applications/457436a9-f6b9-491a-b540-34243534784f?*
2026-06-04 20:34:30.205 +05:30 [INF] Start processing HTTP request GET https://graph.microsoft.com/v1.0/applications/49e2112b-0e2d-4381-b22e-38ca924f0134?*
2026-06-04 20:34:30.226 +05:30 [INF] Sending HTTP request GET https://graph.microsoft.com/v1.0/applications/49e2112b-0e2d-4381-b22e-38ca924f0134?*
2026-06-04 20:34:30.228 +05:30 [INF] Received HTTP response headers after 154.9646ms - 200
2026-06-04 20:34:30.248 +05:30 [INF] Start processing HTTP request GET https://graph.microsoft.com/v1.0/applications/49e94653-ce8e-473e-9ac7-8da94b59064b?*
2026-06-04 20:34:30.272 +05:30 [INF] End processing HTTP request after 411.4773ms - 200
2026-06-04 20:34:30.291 +05:30 [INF] Sending HTTP request GET https://graph.microsoft.com/v1.0/applications/49e94653-ce8e-473e-9ac7-8da94b59064b?*
2026-06-04 20:34:30.301 +05:30 [INF] Received HTTP response headers after 97.0881ms - 200
2026-06-04 20:34:30.365 +05:30 [INF] End processing HTTP request after 291.4708ms - 200
2026-06-04 20:34:30.342 +05:30 [INF] Start processing HTTP request GET https://graph.microsoft.com/v1.0/applications/4d6e78f8-1d50-4982-ad74-f739af798409?*
2026-06-04 20:34:30.404 +05:30 [INF] Received HTTP response headers after 158.8343ms - 200
2026-06-04 20:34:30.408 +05:30 [INF] Sending HTTP request GET https://graph.microsoft.com/v1.0/applications/4d6e78f8-1d50-4982-ad74-f739af798409?*
2026-06-04 20:34:30.440 +05:30 [INF] End processing HTTP request after 235.0575ms - 200
2026-06-04 20:34:30.466 +05:30 [INF] Start processing HTTP request GET https://graph.microsoft.com/v1.0/applications/515206c9-45b1-47c8-990d-9eb4c90f1bc9?*
2026-06-04 20:34:30.492 +05:30 [INF] Received HTTP response headers after 150.9285ms - 200
2026-06-04 20:34:30.510 +05:30 [INF] Sending HTTP request GET https://graph.microsoft.com/v1.0/applications/515206c9-45b1-47c8-990d-9eb4c90f1bc9?*
2026-06-04 20:34:30.544 +05:30 [INF] End processing HTTP request after 295.3429ms - 200
2026-06-04 20:34:30.569 +05:30 [INF] Start processing HTTP request GET https://graph.microsoft.com/v1.0/applications/604d3cea-cc9f-4cec-9767-7b0268a162a6?*
2026-06-04 20:34:30.608 +05:30 [INF] Received HTTP response headers after 143.5721ms - 200
2026-06-04 20:34:30.622 +05:30 [INF] Sending HTTP request GET https://graph.microsoft.com/v1.0/applications/604d3cea-cc9f-4cec-9767-7b0268a162a6?*
2026-06-04 20:34:30.647 +05:30 [INF] End processing HTTP request after 304.9704ms - 200
2026-06-04 20:34:30.675 +05:30 [INF] Start processing HTTP request GET https://graph.microsoft.com/v1.0/applications/68c03ecd-864b-4489-bde4-23da2d863cc9?*
2026-06-04 20:34:30.724 +05:30 [INF] Sending HTTP request GET https://graph.microsoft.com/v1.0/applications/68c03ecd-864b-4489-bde4-23da2d863cc9?*
2026-06-04 20:34:30.725 +05:30 [INF] Received HTTP response headers after 157.0971ms - 200
2026-06-04 20:34:30.745 +05:30 [INF] Start processing HTTP request GET https://graph.microsoft.com/v1.0/applications/742fd072-6b6c-4230-8cf1-6972d7300ad5?*
2026-06-04 20:34:30.770 +05:30 [INF] End processing HTTP request after 304.4023ms - 200
2026-06-04 20:34:30.771 +05:30 [INF] Received HTTP response headers after 96.9098ms - 200
2026-06-04 20:34:30.791 +05:30 [INF] Sending HTTP request GET https://graph.microsoft.com/v1.0/applications/742fd072-6b6c-4230-8cf1-6972d7300ad5?*
2026-06-04 20:34:30.842 +05:30 [INF] End processing HTTP request after 273.1885ms - 200
2026-06-04 20:34:30.870 +05:30 [INF] Start processing HTTP request GET https://graph.microsoft.com/v1.0/applications/76127915-56b3-483b-9d5b-c9f79c5637ff?*
2026-06-04 20:34:30.907 +05:30 [INF] Received HTTP response headers after 162.9711ms - 200
2026-06-04 20:34:30.923 +05:30 [INF] Sending HTTP request GET https://graph.microsoft.com/v1.0/applications/76127915-56b3-483b-9d5b-c9f79c5637ff?*
2026-06-04 20:34:30.972 +05:30 [INF] End processing HTTP request after 296.6308ms - 200
2026-06-04 20:34:30.999 +05:30 [INF] Start processing HTTP request GET https://graph.microsoft.com/v1.0/applications/76521842-1af8-4caf-b658-cc8189f05f86?*
2026-06-04 20:34:31.044 +05:30 [INF] Sending HTTP request GET https://graph.microsoft.com/v1.0/applications/76521842-1af8-4caf-b658-cc8189f05f86?*
2026-06-04 20:34:31.068 +05:30 [INF] Start processing HTTP request GET https://graph.microsoft.com/v1.0/applications/83e59e8b-1583-43c5-aab9-2512ca2aec1d?*
2026-06-04 20:34:31.088 +05:30 [INF] Sending HTTP request GET https://graph.microsoft.com/v1.0/applications/83e59e8b-1583-43c5-aab9-2512ca2aec1d?*
2026-06-04 20:34:31.104 +05:30 [INF] Received HTTP response headers after 235.0752ms - 200
2026-06-04 20:34:31.108 +05:30 [INF] Start processing HTTP request GET https://graph.microsoft.com/v1.0/applications/860a6e19-3808-4bd0-81d8-e4ccc8d7d780?*
2026-06-04 20:34:31.134 +05:30 [INF] End processing HTTP request after 388.718ms - 200
2026-06-04 20:34:31.155 +05:30 [INF] Sending HTTP request GET https://graph.microsoft.com/v1.0/applications/860a6e19-3808-4bd0-81d8-e4ccc8d7d780?*
2026-06-04 20:34:31.165 +05:30 [INF] Received HTTP response headers after 168.4002ms - 200
2026-06-04 20:34:31.238 +05:30 [INF] Received HTTP response headers after 171.8779ms - 200
2026-06-04 20:34:31.267 +05:30 [INF] Received HTTP response headers after 159.9881ms - 200
2026-06-04 20:34:31.880 +05:30 [INF] End processing HTTP request after 1010.1512ms - 200
2026-06-04 20:34:31.880 +05:30 [INF] End processing HTTP request after 881.5339ms - 200
2026-06-04 20:34:31.880 +05:30 [INF] End processing HTTP request after 812.7982ms - 200
2026-06-04 20:34:32.050 +05:30 [INF] Received HTTP response headers after 170.0328ms - 200
2026-06-04 20:34:32.074 +05:30 [INF] End processing HTTP request after 965.7394ms - 200
2026-06-04 20:34:32.104 +05:30 [INF] Start processing HTTP request GET https://graph.microsoft.com/v1.0/applications/9c49407c-ffba-46e6-9478-4dc0adb10fb6?*
2026-06-04 20:34:32.126 +05:30 [INF] Sending HTTP request GET https://graph.microsoft.com/v1.0/applications/9c49407c-ffba-46e6-9478-4dc0adb10fb6?*
2026-06-04 20:34:32.153 +05:30 [INF] Start processing HTTP request GET https://graph.microsoft.com/v1.0/applications/b162627b-5d59-45ab-a873-8699ed5c2ad0?*
2026-06-04 20:34:32.178 +05:30 [INF] Sending HTTP request GET https://graph.microsoft.com/v1.0/applications/b162627b-5d59-45ab-a873-8699ed5c2ad0?*
2026-06-04 20:34:32.203 +05:30 [INF] Start processing HTTP request GET https://graph.microsoft.com/v1.0/applications/b26745cd-d8ac-4497-af66-b06ae74a239d?*
2026-06-04 20:34:32.225 +05:30 [INF] Sending HTTP request GET https://graph.microsoft.com/v1.0/applications/b26745cd-d8ac-4497-af66-b06ae74a239d?*
2026-06-04 20:34:32.252 +05:30 [INF] Start processing HTTP request GET https://graph.microsoft.com/v1.0/applications/b78fcfb9-0135-49e3-8a30-3c89f23efd27?*
2026-06-04 20:34:32.286 +05:30 [INF] Sending HTTP request GET https://graph.microsoft.com/v1.0/applications/b78fcfb9-0135-49e3-8a30-3c89f23efd27?*
2026-06-04 20:34:32.302 +05:30 [INF] Received HTTP response headers after 149.6315ms - 200
2026-06-04 20:34:32.325 +05:30 [INF] Start processing HTTP request GET https://graph.microsoft.com/v1.0/applications/bd8e6495-916f-466e-b8ec-6c68b0ca2275?*
2026-06-04 20:34:32.351 +05:30 [INF] End processing HTTP request after 247.1175ms - 200
2026-06-04 20:34:32.367 +05:30 [INF] Received HTTP response headers after 164.6475ms - 200
2026-06-04 20:34:32.372 +05:30 [INF] Sending HTTP request GET https://graph.microsoft.com/v1.0/applications/bd8e6495-916f-466e-b8ec-6c68b0ca2275?*
2026-06-04 20:34:32.419 +05:30 [INF] Received HTTP response headers after 167.7506ms - 200
2026-06-04 20:34:32.420 +05:30 [INF] End processing HTTP request after 266.3756ms - 200
2026-06-04 20:34:32.441 +05:30 [INF] Start processing HTTP request GET https://graph.microsoft.com/v1.0/applications/be0929ed-32bf-489d-b7e7-78c410f0eb32?*
2026-06-04 20:34:32.465 +05:30 [INF] End processing HTTP request after 262.2141ms - 200
2026-06-04 20:34:32.506 +05:30 [INF] Received HTTP response headers after 182.2551ms - 200
2026-06-04 20:34:32.507 +05:30 [INF] Sending HTTP request GET https://graph.microsoft.com/v1.0/applications/be0929ed-32bf-489d-b7e7-78c410f0eb32?*
2026-06-04 20:34:32.555 +05:30 [INF] End processing HTTP request after 302.4234ms - 200
2026-06-04 20:34:32.575 +05:30 [INF] Start processing HTTP request GET https://graph.microsoft.com/v1.0/applications/d8bc9ce0-805e-4f15-abc1-3770664967be?*
2026-06-04 20:34:32.590 +05:30 [INF] Received HTTP response headers after 149.9184ms - 200
2026-06-04 20:34:32.624 +05:30 [INF] Sending HTTP request GET https://graph.microsoft.com/v1.0/applications/d8bc9ce0-805e-4f15-abc1-3770664967be?*
2026-06-04 20:34:32.649 +05:30 [INF] End processing HTTP request after 323.8893ms - 200
2026-06-04 20:34:32.672 +05:30 [INF] Start processing HTTP request GET https://graph.microsoft.com/v1.0/applications/e6effa40-f02d-43b5-b176-f05c2bd6f9d8?*
2026-06-04 20:34:32.717 +05:30 [INF] Sending HTTP request GET https://graph.microsoft.com/v1.0/applications/e6effa40-f02d-43b5-b176-f05c2bd6f9d8?*
2026-06-04 20:34:32.723 +05:30 [INF] Received HTTP response headers after 147.9993ms - 200
2026-06-04 20:34:32.739 +05:30 [INF] Start processing HTTP request GET https://graph.microsoft.com/v1.0/applications/e9dd9e09-6245-4451-bbfc-9271397838bd?*
2026-06-04 20:34:32.762 +05:30 [INF] End processing HTTP request after 320.8282ms - 200
2026-06-04 20:34:32.782 +05:30 [INF] Sending HTTP request GET https://graph.microsoft.com/v1.0/applications/e9dd9e09-6245-4451-bbfc-9271397838bd?*
2026-06-04 20:34:32.820 +05:30 [INF] Received HTTP response headers after 148.538ms - 200
2026-06-04 20:34:32.824 +05:30 [INF] Start processing HTTP request GET https://graph.microsoft.com/v1.0/applications/ec3e1482-03bc-4b54-bbb2-0098dca6c3d2?*
2026-06-04 20:34:32.851 +05:30 [INF] End processing HTTP request after 275.6985ms - 200
2026-06-04 20:34:32.872 +05:30 [INF] Sending HTTP request GET https://graph.microsoft.com/v1.0/applications/ec3e1482-03bc-4b54-bbb2-0098dca6c3d2?*
2026-06-04 20:34:32.887 +05:30 [INF] Received HTTP response headers after 149.1888ms - 200
2026-06-04 20:34:32.960 +05:30 [INF] End processing HTTP request after 288.0872ms - 200
2026-06-04 20:34:32.937 +05:30 [INF] Start processing HTTP request GET https://graph.microsoft.com/v1.0/applications/ecf48238-8fe6-442d-ab11-447b07afd79e?*
2026-06-04 20:34:32.994 +05:30 [INF] Received HTTP response headers after 170.0801ms - 200
2026-06-04 20:34:33.008 +05:30 [INF] Sending HTTP request GET https://graph.microsoft.com/v1.0/applications/ecf48238-8fe6-442d-ab11-447b07afd79e?*
2026-06-04 20:34:33.034 +05:30 [INF] End processing HTTP request after 295.4919ms - 200
2026-06-04 20:34:33.054 +05:30 [INF] Start processing HTTP request GET https://graph.microsoft.com/v1.0/applications/ed787c25-faab-4a75-ba66-d96ad1c32f33?*
2026-06-04 20:34:33.088 +05:30 [INF] Received HTTP response headers after 151.5725ms - 200
2026-06-04 20:34:33.099 +05:30 [INF] Sending HTTP request GET https://graph.microsoft.com/v1.0/applications/ed787c25-faab-4a75-ba66-d96ad1c32f33?*
2026-06-04 20:34:33.123 +05:30 [INF] End processing HTTP request after 298.8261ms - 200
2026-06-04 20:34:33.150 +05:30 [INF] Start processing HTTP request GET https://graph.microsoft.com/v1.0/applications/f27d50af-8e5d-493b-8503-6cc072e85ee6?*
2026-06-04 20:34:33.193 +05:30 [INF] Sending HTTP request GET https://graph.microsoft.com/v1.0/applications/f27d50af-8e5d-493b-8503-6cc072e85ee6?*
2026-06-04 20:34:33.215 +05:30 [INF] Start processing HTTP request GET https://graph.microsoft.com/v1.0/applications/f488bdea-975e-4c19-952b-ba57e2cd2b30?*
2026-06-04 20:34:33.217 +05:30 [INF] Received HTTP response headers after 163.2059ms - 200
2026-06-04 20:34:33.236 +05:30 [INF] Sending HTTP request GET https://graph.microsoft.com/v1.0/applications/f488bdea-975e-4c19-952b-ba57e2cd2b30?*
2026-06-04 20:34:33.279 +05:30 [INF] End processing HTTP request after 341.8609ms - 200
2026-06-04 20:34:33.298 +05:30 [INF] Start processing HTTP request GET https://graph.microsoft.com/v1.0/applications/fc6adfe3-0b18-45e2-9299-2b37b672df0e?*
2026-06-04 20:34:33.343 +05:30 [INF] Sending HTTP request GET https://graph.microsoft.com/v1.0/applications/fc6adfe3-0b18-45e2-9299-2b37b672df0e?*
2026-06-04 20:34:33.335 +05:30 [INF] Received HTTP response headers after 186.4426ms - 200
2026-06-04 20:34:33.312 +05:30 [INF] Received HTTP response headers after 98.8255ms - 200
2026-06-04 20:34:33.390 +05:30 [INF] End processing HTTP request after 335.1392ms - 200
2026-06-04 20:34:33.416 +05:30 [INF] End processing HTTP request after 266.2214ms - 200
2026-06-04 20:34:33.463 +05:30 [INF] Received HTTP response headers after 99.4148ms - 200
2026-06-04 20:34:33.463 +05:30 [INF] Received HTTP response headers after 165.9642ms - 200
2026-06-04 20:34:33.489 +05:30 [INF] End processing HTTP request after 190.4262ms - 200
2026-06-04 20:34:33.518 +05:30 [INF] End processing HTTP request after 303.0997ms - 200
2026-06-04 20:34:33.567 +05:30 [INF] [Governance] Fetching groups from Graph...
2026-06-04 20:34:33.579 +05:30 [INF] Start processing HTTP request GET https://graph.microsoft.com/v1.0/groups?*
2026-06-04 20:34:33.605 +05:30 [INF] Sending HTTP request GET https://graph.microsoft.com/v1.0/groups?*
2026-06-04 20:34:33.787 +05:30 [INF] Received HTTP response headers after 156.6945ms - 200
2026-06-04 20:34:33.818 +05:30 [INF] End processing HTTP request after 238.4749ms - 200
2026-06-04 20:34:33.844 +05:30 [INF] Start processing HTTP request POST https://graph.microsoft.com/v1.0/$batch
2026-06-04 20:34:33.866 +05:30 [INF] Sending HTTP request POST https://graph.microsoft.com/v1.0/$batch
2026-06-04 20:34:33.887 +05:30 [INF] Start processing HTTP request POST https://graph.microsoft.com/v1.0/$batch
2026-06-04 20:34:33.920 +05:30 [INF] Sending HTTP request POST https://graph.microsoft.com/v1.0/$batch
2026-06-04 20:34:33.979 +05:30 [INF] Received HTTP response headers after 93.1906ms - 200
2026-06-04 20:34:34.011 +05:30 [INF] End processing HTTP request after 166.7119ms - 200
2026-06-04 20:34:34.033 +05:30 [INF] Received HTTP response headers after 86.2596ms - 200
2026-06-04 20:34:34.064 +05:30 [INF] End processing HTTP request after 177.3376ms - 200
2026-06-04 20:34:34.681 +05:30 [WRN] Failed to batch-fetch members counts for groups
System.Text.Json.JsonException: The JSON value could not be converted to System.String. Path: $.responses[0].body | LineNumber: 0 | BytePositionInLine: 144.
 ---> System.InvalidOperationException: Cannot get the value of a token type 'StartObject' as a string.
   at System.Text.Json.ThrowHelper.ThrowInvalidOperationException_ExpectedString(JsonTokenType tokenType)
   at System.Text.Json.Utf8JsonReader.GetString()
   at System.Text.Json.Serialization.Metadata.JsonPropertyInfo`1.ReadJsonAndSetMember(Object obj, ReadStack& state, Utf8JsonReader& reader)
   at System.Text.Json.Serialization.Converters.ObjectDefaultConverter`1.OnTryRead(Utf8JsonReader& reader, Type typeToConvert, JsonSerializerOptions options, ReadStack& state, T& value)
   at System.Text.Json.Serialization.JsonCollectionConverter`2.OnTryRead(Utf8JsonReader& reader, Type typeToConvert, JsonSerializerOptions options, ReadStack& state, TCollection& value)
   at System.Text.Json.Serialization.JsonConverter`1.TryRead(Utf8JsonReader& reader, Type typeToConvert, JsonSerializerOptions options, ReadStack& state, T& value, Boolean& isPopulatedValue)
   at System.Text.Json.Serialization.Metadata.JsonPropertyInfo`1.ReadJsonAndSetMember(Object obj, ReadStack& state, Utf8JsonReader& reader)
   at System.Text.Json.Serialization.Converters.ObjectDefaultConverter`1.OnTryRead(Utf8JsonReader& reader, Type typeToConvert, JsonSerializerOptions options, ReadStack& state, T& value)
   at System.Text.Json.Serialization.JsonConverter`1.ReadCore(Utf8JsonReader& reader, T& value, JsonSerializerOptions options, ReadStack& state)
   --- End of inner exception stack trace ---
   at System.Text.Json.ThrowHelper.ReThrowWithPath(ReadStack& state, Utf8JsonReader& reader, Exception ex)
   at System.Text.Json.Serialization.JsonConverter`1.ReadCore(Utf8JsonReader& reader, T& value, JsonSerializerOptions options, ReadStack& state)
   at System.Text.Json.Serialization.Metadata.JsonTypeInfo`1.DeserializeAsync[TReadBufferState,TStream](TStream utf8Json, TReadBufferState bufferState, CancellationToken cancellationToken)
   at System.Net.Http.Json.HttpContentJsonExtensions.ReadFromJsonAsyncCore[T](HttpContent content, JsonSerializerOptions options, CancellationToken cancellationToken)
   at SIGMA.Infrastructure.Graph.GraphClientService.BatchGetNavigationCountAsync(List`1 entityIds, String navigation, CancellationToken ct) in D:\SIGMA Project\SIGMA-Beta\SIGMA\src\SIGMA.Infrastructure\Graph\GraphClientService.cs:line 614
2026-06-04 20:34:34.802 +05:30 [WRN] Failed to batch-fetch owners counts for groups
System.Text.Json.JsonException: The JSON value could not be converted to System.String. Path: $.responses[0].body | LineNumber: 0 | BytePositionInLine: 144.
 ---> System.InvalidOperationException: Cannot get the value of a token type 'StartObject' as a string.
   at System.Text.Json.ThrowHelper.ThrowInvalidOperationException_ExpectedString(JsonTokenType tokenType)
   at System.Text.Json.Utf8JsonReader.GetString()
   at System.Text.Json.Serialization.Metadata.JsonPropertyInfo`1.ReadJsonAndSetMember(Object obj, ReadStack& state, Utf8JsonReader& reader)
   at System.Text.Json.Serialization.Converters.ObjectDefaultConverter`1.OnTryRead(Utf8JsonReader& reader, Type typeToConvert, JsonSerializerOptions options, ReadStack& state, T& value)
   at System.Text.Json.Serialization.JsonCollectionConverter`2.OnTryRead(Utf8JsonReader& reader, Type typeToConvert, JsonSerializerOptions options, ReadStack& state, TCollection& value)
   at System.Text.Json.Serialization.JsonConverter`1.TryRead(Utf8JsonReader& reader, Type typeToConvert, JsonSerializerOptions options, ReadStack& state, T& value, Boolean& isPopulatedValue)
   at System.Text.Json.Serialization.Metadata.JsonPropertyInfo`1.ReadJsonAndSetMember(Object obj, ReadStack& state, Utf8JsonReader& reader)
   at System.Text.Json.Serialization.Converters.ObjectDefaultConverter`1.OnTryRead(Utf8JsonReader& reader, Type typeToConvert, JsonSerializerOptions options, ReadStack& state, T& value)
   at System.Text.Json.Serialization.JsonConverter`1.ReadCore(Utf8JsonReader& reader, T& value, JsonSerializerOptions options, ReadStack& state)
   --- End of inner exception stack trace ---
   at System.Text.Json.ThrowHelper.ReThrowWithPath(ReadStack& state, Utf8JsonReader& reader, Exception ex)
   at System.Text.Json.Serialization.JsonConverter`1.ReadCore(Utf8JsonReader& reader, T& value, JsonSerializerOptions options, ReadStack& state)
   at System.Text.Json.Serialization.Metadata.JsonTypeInfo`1.DeserializeAsync[TReadBufferState,TStream](TStream utf8Json, TReadBufferState bufferState, CancellationToken cancellationToken)
   at System.Net.Http.Json.HttpContentJsonExtensions.ReadFromJsonAsyncCore[T](HttpContent content, JsonSerializerOptions options, CancellationToken cancellationToken)
   at SIGMA.Infrastructure.Graph.GraphClientService.BatchGetNavigationCountAsync(List`1 entityIds, String navigation, CancellationToken ct) in D:\SIGMA Project\SIGMA-Beta\SIGMA\src\SIGMA.Infrastructure\Graph\GraphClientService.cs:line 614
2026-06-04 20:34:34.937 +05:30 [INF] [Governance] Groups result: IsSuccess=true, Count=19
2026-06-04 20:34:34.954 +05:30 [INF] [Governance] Found stale empty group: DnsAdmins (created 650 days ago)
2026-06-04 20:34:34.978 +05:30 [INF] [Governance] Found stale empty group: SeniorAdminTrail (created 645 days ago)
2026-06-04 20:34:35.004 +05:30 [INF] [Governance] Found stale empty group: ADSyncAdmins (created 650 days ago)
2026-06-04 20:34:35.046 +05:30 [INF] [Governance] Found stale empty group: MS_SuperStars (created 652 days ago)
2026-06-04 20:34:35.063 +05:30 [INF] [Governance] Found stale empty group: TestDemo (created 103 days ago)
2026-06-04 20:34:35.079 +05:30 [INF] [Governance] Found stale empty group: TrailMS365 (created 652 days ago)
2026-06-04 20:34:35.096 +05:30 [INF] [Governance] Found stale empty group: UserAdmin (created 640 days ago)
2026-06-04 20:34:35.114 +05:30 [INF] [Governance] Found stale empty group: TestGroup1 (created 640 days ago)
2026-06-04 20:34:35.129 +05:30 [INF] [Governance] Found stale empty group: DemoGroup (created 631 days ago)
2026-06-04 20:34:35.144 +05:30 [INF] [Governance] Found stale empty group: JuniorAdmins (created 644 days ago)
2026-06-04 20:34:35.157 +05:30 [INF] [Governance] Found stale empty group: Retail Trail (created 643 days ago)
2026-06-04 20:34:35.174 +05:30 [INF] [Governance] Found stale empty group: ADSyncBrowse (created 650 days ago)
2026-06-04 20:34:35.194 +05:30 [INF] [Governance] Found stale empty group: HelpDeskAdmin (created 640 days ago)
2026-06-04 20:34:35.211 +05:30 [INF] [Governance] Found stale empty group: SalesAndMarketingTrail (created 644 days ago)
2026-06-04 20:34:35.224 +05:30 [INF] [Governance] Found stale empty group: DnsUpdateProxy (created 650 days ago)
2026-06-04 20:34:35.236 +05:30 [INF] [Governance] Found stale empty group: ADSyncPasswordSet (created 650 days ago)
2026-06-04 20:34:35.250 +05:30 [INF] [Governance] Found stale empty group: ADSyncOperators (created 650 days ago)
2026-06-04 20:34:35.266 +05:30 [INF] [Governance] Found stale empty group: TestGroup2 (created 640 days ago)
2026-06-04 20:34:35.279 +05:30 [INF] [Governance] Fetching users from Graph...
2026-06-04 20:34:35.291 +05:30 [INF] Start processing HTTP request GET https://graph.microsoft.com/v1.0/users?*
2026-06-04 20:34:35.317 +05:30 [INF] Sending HTTP request GET https://graph.microsoft.com/v1.0/users?*
2026-06-04 20:34:35.537 +05:30 [INF] Received HTTP response headers after 199.8825ms - 200
2026-06-04 20:34:35.563 +05:30 [INF] End processing HTTP request after 271.9951ms - 200
2026-06-04 20:34:35.595 +05:30 [INF] [Governance] Users result: IsSuccess=true, Count=23
2026-06-04 20:34:35.614 +05:30 [INF] [Governance] Final findings count: 108 (Critical=65, Warning=25, Info=18)
2026-06-04 20:34:35.634 +05:30 [WRN] Slow request: GET /api/v1/governance/findings responded 200 in 8201ms
2026-06-04 20:34:36.467 +05:30 [INF] IDX10242: Security token: '[PII of type 'Microsoft.IdentityModel.JsonWebTokens.JsonWebToken' is hidden. For more details, see https://aka.ms/IdentityModel/PII.]' has a valid signature.
2026-06-04 20:34:36.494 +05:30 [INF] IDX10239: Lifetime of the token is valid.
2026-06-04 20:34:36.513 +05:30 [INF] IDX10234: Audience Validated.Audience: 'api://f0ee212a-b836-4f5c-aafe-bee4b0ebfcfb'
2026-06-04 20:34:36.546 +05:30 [INF] IDX10245: Creating claims identity from the validated token: '[PII of type 'Microsoft.IdentityModel.JsonWebTokens.JsonWebToken' is hidden. For more details, see https://aka.ms/IdentityModel/PII.]'.
2026-06-04 20:34:36.581 +05:30 [INF] [Governance] Returning cached response with 108 findings
2026-06-04 20:34:36.610 +05:30 [INF] Request: GET /api/v1/governance/findings responded 200 in 144ms
2026-06-04 20:34:53.229 +05:30 [INF] IDX10242: Security token: '[PII of type 'Microsoft.IdentityModel.JsonWebTokens.JsonWebToken' is hidden. For more details, see https://aka.ms/IdentityModel/PII.]' has a valid signature.
2026-06-04 20:34:53.241 +05:30 [INF] IDX10239: Lifetime of the token is valid.
2026-06-04 20:34:53.255 +05:30 [INF] IDX10234: Audience Validated.Audience: 'api://f0ee212a-b836-4f5c-aafe-bee4b0ebfcfb'
2026-06-04 20:34:53.271 +05:30 [INF] IDX10245: Creating claims identity from the validated token: '[PII of type 'Microsoft.IdentityModel.JsonWebTokens.JsonWebToken' is hidden. For more details, see https://aka.ms/IdentityModel/PII.]'.
2026-06-04 20:34:53.318 +05:30 [INF] Start processing HTTP request GET https://graph.microsoft.com/v1.0/applications?*
2026-06-04 20:34:53.353 +05:30 [INF] Sending HTTP request GET https://graph.microsoft.com/v1.0/applications?*
2026-06-04 20:34:53.599 +05:30 [INF] Received HTTP response headers after 227.7582ms - 200
2026-06-04 20:34:53.647 +05:30 [INF] End processing HTTP request after 329.8496ms - 200
2026-06-04 20:34:53.683 +05:30 [INF] Start processing HTTP request POST https://graph.microsoft.com/v1.0/$batch
2026-06-04 20:34:53.706 +05:30 [INF] Sending HTTP request POST https://graph.microsoft.com/v1.0/$batch
2026-06-04 20:34:53.823 +05:30 [INF] Received HTTP response headers after 85.4102ms - 200
2026-06-04 20:34:53.868 +05:30 [INF] End processing HTTP request after 185.6376ms - 200
2026-06-04 20:34:54.567 +05:30 [WRN] Failed to batch-fetch owner counts for applications
System.Text.Json.JsonException: The JSON value could not be converted to System.String. Path: $.responses[0].body | LineNumber: 0 | BytePositionInLine: 145.
 ---> System.InvalidOperationException: Cannot get the value of a token type 'StartObject' as a string.
   at System.Text.Json.ThrowHelper.ThrowInvalidOperationException_ExpectedString(JsonTokenType tokenType)
   at System.Text.Json.Utf8JsonReader.GetString()
   at System.Text.Json.Serialization.Metadata.JsonPropertyInfo`1.ReadJsonAndSetMember(Object obj, ReadStack& state, Utf8JsonReader& reader)
   at System.Text.Json.Serialization.Converters.ObjectDefaultConverter`1.OnTryRead(Utf8JsonReader& reader, Type typeToConvert, JsonSerializerOptions options, ReadStack& state, T& value)
   at System.Text.Json.Serialization.JsonCollectionConverter`2.OnTryRead(Utf8JsonReader& reader, Type typeToConvert, JsonSerializerOptions options, ReadStack& state, TCollection& value)
   at System.Text.Json.Serialization.JsonConverter`1.TryRead(Utf8JsonReader& reader, Type typeToConvert, JsonSerializerOptions options, ReadStack& state, T& value, Boolean& isPopulatedValue)
   at System.Text.Json.Serialization.Metadata.JsonPropertyInfo`1.ReadJsonAndSetMember(Object obj, ReadStack& state, Utf8JsonReader& reader)
   at System.Text.Json.Serialization.Converters.ObjectDefaultConverter`1.OnTryRead(Utf8JsonReader& reader, Type typeToConvert, JsonSerializerOptions options, ReadStack& state, T& value)
   at System.Text.Json.Serialization.JsonConverter`1.ReadCore(Utf8JsonReader& reader, T& value, JsonSerializerOptions options, ReadStack& state)
   --- End of inner exception stack trace ---
   at System.Text.Json.ThrowHelper.ReThrowWithPath(ReadStack& state, Utf8JsonReader& reader, Exception ex)
   at System.Text.Json.Serialization.JsonConverter`1.ReadCore(Utf8JsonReader& reader, T& value, JsonSerializerOptions options, ReadStack& state)
   at System.Text.Json.Serialization.Metadata.JsonTypeInfo`1.DeserializeAsync[TReadBufferState,TStream](TStream utf8Json, TReadBufferState bufferState, CancellationToken cancellationToken)
   at System.Net.Http.Json.HttpContentJsonExtensions.ReadFromJsonAsyncCore[T](HttpContent content, JsonSerializerOptions options, CancellationToken cancellationToken)
   at SIGMA.Infrastructure.Graph.GraphClientService.BatchGetApplicationOwnerCountsAsync(List`1 appIds, CancellationToken ct) in D:\SIGMA Project\SIGMA-Beta\SIGMA\src\SIGMA.Infrastructure\Graph\GraphClientService.cs:line 549
2026-06-04 20:34:54.610 +05:30 [INF] Start processing HTTP request POST https://graph.microsoft.com/v1.0/$batch
2026-06-04 20:34:54.629 +05:30 [INF] Sending HTTP request POST https://graph.microsoft.com/v1.0/$batch
2026-06-04 20:34:54.731 +05:30 [INF] Received HTTP response headers after 84.8435ms - 200
2026-06-04 20:34:54.753 +05:30 [INF] End processing HTTP request after 143.7992ms - 200
2026-06-04 20:34:54.952 +05:30 [WRN] Failed to batch-fetch owner counts for applications
System.Text.Json.JsonException: The JSON value could not be converted to System.String. Path: $.responses[0].body | LineNumber: 0 | BytePositionInLine: 144.
 ---> System.InvalidOperationException: Cannot get the value of a token type 'StartObject' as a string.
   at System.Text.Json.ThrowHelper.ThrowInvalidOperationException_ExpectedString(JsonTokenType tokenType)
   at System.Text.Json.Utf8JsonReader.GetString()
   at System.Text.Json.Serialization.Metadata.JsonPropertyInfo`1.ReadJsonAndSetMember(Object obj, ReadStack& state, Utf8JsonReader& reader)
   at System.Text.Json.Serialization.Converters.ObjectDefaultConverter`1.OnTryRead(Utf8JsonReader& reader, Type typeToConvert, JsonSerializerOptions options, ReadStack& state, T& value)
   at System.Text.Json.Serialization.JsonCollectionConverter`2.OnTryRead(Utf8JsonReader& reader, Type typeToConvert, JsonSerializerOptions options, ReadStack& state, TCollection& value)
   at System.Text.Json.Serialization.JsonConverter`1.TryRead(Utf8JsonReader& reader, Type typeToConvert, JsonSerializerOptions options, ReadStack& state, T& value, Boolean& isPopulatedValue)
   at System.Text.Json.Serialization.Metadata.JsonPropertyInfo`1.ReadJsonAndSetMember(Object obj, ReadStack& state, Utf8JsonReader& reader)
   at System.Text.Json.Serialization.Converters.ObjectDefaultConverter`1.OnTryRead(Utf8JsonReader& reader, Type typeToConvert, JsonSerializerOptions options, ReadStack& state, T& value)
   at System.Text.Json.Serialization.JsonConverter`1.ReadCore(Utf8JsonReader& reader, T& value, JsonSerializerOptions options, ReadStack& state)
   --- End of inner exception stack trace ---
   at System.Text.Json.ThrowHelper.ReThrowWithPath(ReadStack& state, Utf8JsonReader& reader, Exception ex)
   at System.Text.Json.Serialization.JsonConverter`1.ReadCore(Utf8JsonReader& reader, T& value, JsonSerializerOptions options, ReadStack& state)
   at System.Text.Json.Serialization.Metadata.JsonTypeInfo`1.DeserializeAsync[TReadBufferState,TStream](TStream utf8Json, TReadBufferState bufferState, CancellationToken cancellationToken)
   at System.Net.Http.Json.HttpContentJsonExtensions.ReadFromJsonAsyncCore[T](HttpContent content, JsonSerializerOptions options, CancellationToken cancellationToken)
   at SIGMA.Infrastructure.Graph.GraphClientService.BatchGetApplicationOwnerCountsAsync(List`1 appIds, CancellationToken ct) in D:\SIGMA Project\SIGMA-Beta\SIGMA\src\SIGMA.Infrastructure\Graph\GraphClientService.cs:line 549
2026-06-04 20:34:55.198 +05:30 [INF] Request: GET /api/v1/entra/applications responded 200 in 1969ms
2026-06-04 20:37:43.074 +05:30 [INF] IDX10242: Security token: '[PII of type 'Microsoft.IdentityModel.JsonWebTokens.JsonWebToken' is hidden. For more details, see https://aka.ms/IdentityModel/PII.]' has a valid signature.
2026-06-04 20:37:43.372 +05:30 [INF] IDX10239: Lifetime of the token is valid.
2026-06-04 20:37:43.398 +05:30 [INF] IDX10234: Audience Validated.Audience: 'api://f0ee212a-b836-4f5c-aafe-bee4b0ebfcfb'
2026-06-04 20:37:43.414 +05:30 [INF] IDX10245: Creating claims identity from the validated token: '[PII of type 'Microsoft.IdentityModel.JsonWebTokens.JsonWebToken' is hidden. For more details, see https://aka.ms/IdentityModel/PII.]'.
2026-06-04 20:37:43.435 +05:30 [INF] [Governance] Fetching applications from Graph...
2026-06-04 20:37:43.467 +05:30 [INF] Start processing HTTP request GET https://graph.microsoft.com/v1.0/applications?*
2026-06-04 20:37:43.502 +05:30 [INF] Sending HTTP request GET https://graph.microsoft.com/v1.0/applications?*
2026-06-04 20:37:44.102 +05:30 [INF] Received HTTP response headers after 567.1251ms - 200
2026-06-04 20:37:44.127 +05:30 [INF] End processing HTTP request after 659.9506ms - 200
2026-06-04 20:37:44.176 +05:30 [INF] Start processing HTTP request POST https://graph.microsoft.com/v1.0/$batch
2026-06-04 20:37:44.196 +05:30 [INF] Sending HTTP request POST https://graph.microsoft.com/v1.0/$batch
2026-06-04 20:37:44.324 +05:30 [INF] Received HTTP response headers after 108.1183ms - 200
2026-06-04 20:37:44.355 +05:30 [INF] End processing HTTP request after 178.6509ms - 200
2026-06-04 20:37:44.538 +05:30 [WRN] Failed to batch-fetch owner counts for applications
System.Text.Json.JsonException: The JSON value could not be converted to System.String. Path: $.responses[0].body | LineNumber: 0 | BytePositionInLine: 144.
 ---> System.InvalidOperationException: Cannot get the value of a token type 'StartObject' as a string.
   at System.Text.Json.ThrowHelper.ThrowInvalidOperationException_ExpectedString(JsonTokenType tokenType)
   at System.Text.Json.Utf8JsonReader.GetString()
   at System.Text.Json.Serialization.Metadata.JsonPropertyInfo`1.ReadJsonAndSetMember(Object obj, ReadStack& state, Utf8JsonReader& reader)
   at System.Text.Json.Serialization.Converters.ObjectDefaultConverter`1.OnTryRead(Utf8JsonReader& reader, Type typeToConvert, JsonSerializerOptions options, ReadStack& state, T& value)
   at System.Text.Json.Serialization.JsonCollectionConverter`2.OnTryRead(Utf8JsonReader& reader, Type typeToConvert, JsonSerializerOptions options, ReadStack& state, TCollection& value)
   at System.Text.Json.Serialization.JsonConverter`1.TryRead(Utf8JsonReader& reader, Type typeToConvert, JsonSerializerOptions options, ReadStack& state, T& value, Boolean& isPopulatedValue)
   at System.Text.Json.Serialization.Metadata.JsonPropertyInfo`1.ReadJsonAndSetMember(Object obj, ReadStack& state, Utf8JsonReader& reader)
   at System.Text.Json.Serialization.Converters.ObjectDefaultConverter`1.OnTryRead(Utf8JsonReader& reader, Type typeToConvert, JsonSerializerOptions options, ReadStack& state, T& value)
   at System.Text.Json.Serialization.JsonConverter`1.ReadCore(Utf8JsonReader& reader, T& value, JsonSerializerOptions options, ReadStack& state)
   --- End of inner exception stack trace ---
   at System.Text.Json.ThrowHelper.ReThrowWithPath(ReadStack& state, Utf8JsonReader& reader, Exception ex)
   at System.Text.Json.Serialization.JsonConverter`1.ReadCore(Utf8JsonReader& reader, T& value, JsonSerializerOptions options, ReadStack& state)
   at System.Text.Json.Serialization.Metadata.JsonTypeInfo`1.DeserializeAsync[TReadBufferState,TStream](TStream utf8Json, TReadBufferState bufferState, CancellationToken cancellationToken)
   at System.Net.Http.Json.HttpContentJsonExtensions.ReadFromJsonAsyncCore[T](HttpContent content, JsonSerializerOptions options, CancellationToken cancellationToken)
   at SIGMA.Infrastructure.Graph.GraphClientService.BatchGetApplicationOwnerCountsAsync(List`1 appIds, CancellationToken ct) in D:\SIGMA Project\SIGMA-Beta\SIGMA\src\SIGMA.Infrastructure\Graph\GraphClientService.cs:line 549
2026-06-04 20:37:44.567 +05:30 [INF] Start processing HTTP request POST https://graph.microsoft.com/v1.0/$batch
2026-06-04 20:37:44.583 +05:30 [INF] Sending HTTP request POST https://graph.microsoft.com/v1.0/$batch
2026-06-04 20:37:44.784 +05:30 [INF] Received HTTP response headers after 184.6339ms - 200
2026-06-04 20:37:44.806 +05:30 [INF] End processing HTTP request after 238.2414ms - 200
2026-06-04 20:37:45.253 +05:30 [WRN] Failed to batch-fetch owner counts for applications
System.Text.Json.JsonException: The JSON value could not be converted to System.String. Path: $.responses[0].body | LineNumber: 0 | BytePositionInLine: 144.
 ---> System.InvalidOperationException: Cannot get the value of a token type 'StartObject' as a string.
   at System.Text.Json.ThrowHelper.ThrowInvalidOperationException_ExpectedString(JsonTokenType tokenType)
   at System.Text.Json.Utf8JsonReader.GetString()
   at System.Text.Json.Serialization.Metadata.JsonPropertyInfo`1.ReadJsonAndSetMember(Object obj, ReadStack& state, Utf8JsonReader& reader)
   at System.Text.Json.Serialization.Converters.ObjectDefaultConverter`1.OnTryRead(Utf8JsonReader& reader, Type typeToConvert, JsonSerializerOptions options, ReadStack& state, T& value)
   at System.Text.Json.Serialization.JsonCollectionConverter`2.OnTryRead(Utf8JsonReader& reader, Type typeToConvert, JsonSerializerOptions options, ReadStack& state, TCollection& value)
   at System.Text.Json.Serialization.JsonConverter`1.TryRead(Utf8JsonReader& reader, Type typeToConvert, JsonSerializerOptions options, ReadStack& state, T& value, Boolean& isPopulatedValue)
   at System.Text.Json.Serialization.Metadata.JsonPropertyInfo`1.ReadJsonAndSetMember(Object obj, ReadStack& state, Utf8JsonReader& reader)
   at System.Text.Json.Serialization.Converters.ObjectDefaultConverter`1.OnTryRead(Utf8JsonReader& reader, Type typeToConvert, JsonSerializerOptions options, ReadStack& state, T& value)
   at System.Text.Json.Serialization.JsonConverter`1.ReadCore(Utf8JsonReader& reader, T& value, JsonSerializerOptions options, ReadStack& state)
   --- End of inner exception stack trace ---
   at System.Text.Json.ThrowHelper.ReThrowWithPath(ReadStack& state, Utf8JsonReader& reader, Exception ex)
   at System.Text.Json.Serialization.JsonConverter`1.ReadCore(Utf8JsonReader& reader, T& value, JsonSerializerOptions options, ReadStack& state)
   at System.Text.Json.Serialization.Metadata.JsonTypeInfo`1.DeserializeAsync[TReadBufferState,TStream](TStream utf8Json, TReadBufferState bufferState, CancellationToken cancellationToken)
   at System.Net.Http.Json.HttpContentJsonExtensions.ReadFromJsonAsyncCore[T](HttpContent content, JsonSerializerOptions options, CancellationToken cancellationToken)
   at SIGMA.Infrastructure.Graph.GraphClientService.BatchGetApplicationOwnerCountsAsync(List`1 appIds, CancellationToken ct) in D:\SIGMA Project\SIGMA-Beta\SIGMA\src\SIGMA.Infrastructure\Graph\GraphClientService.cs:line 549
2026-06-04 20:37:45.294 +05:30 [INF] [Governance] Applications result: IsSuccess=true, Error=null
2026-06-04 20:37:45.304 +05:30 [INF] [Governance] Processing 35 applications...
2026-06-04 20:37:45.314 +05:30 [INF] Start processing HTTP request GET https://graph.microsoft.com/v1.0/applications/0bbdd90f-39c8-4fa3-9b4b-1b2df842c658?*
2026-06-04 20:37:45.330 +05:30 [INF] Sending HTTP request GET https://graph.microsoft.com/v1.0/applications/0bbdd90f-39c8-4fa3-9b4b-1b2df842c658?*
2026-06-04 20:37:45.360 +05:30 [INF] Start processing HTTP request GET https://graph.microsoft.com/v1.0/applications/16390064-665b-46a7-bf00-af9438733c68?*
2026-06-04 20:37:45.379 +05:30 [INF] Sending HTTP request GET https://graph.microsoft.com/v1.0/applications/16390064-665b-46a7-bf00-af9438733c68?*
2026-06-04 20:37:45.396 +05:30 [INF] Start processing HTTP request GET https://graph.microsoft.com/v1.0/applications/168fff38-fb94-4f20-a935-4a12865d277e?*
2026-06-04 20:37:45.418 +05:30 [INF] Sending HTTP request GET https://graph.microsoft.com/v1.0/applications/168fff38-fb94-4f20-a935-4a12865d277e?*
2026-06-04 20:37:45.439 +05:30 [INF] Start processing HTTP request GET https://graph.microsoft.com/v1.0/applications/18683323-1182-42dc-83a1-1679ef2d8ccb?*
2026-06-04 20:37:45.464 +05:30 [INF] Sending HTTP request GET https://graph.microsoft.com/v1.0/applications/18683323-1182-42dc-83a1-1679ef2d8ccb?*
2026-06-04 20:37:45.494 +05:30 [INF] Start processing HTTP request GET https://graph.microsoft.com/v1.0/applications/1dc3420c-79ee-42ad-821e-832881d1359b?*
2026-06-04 20:37:45.534 +05:30 [INF] Sending HTTP request GET https://graph.microsoft.com/v1.0/applications/1dc3420c-79ee-42ad-821e-832881d1359b?*
2026-06-04 20:37:45.585 +05:30 [INF] Received HTTP response headers after 225.4591ms - 200
2026-06-04 20:37:45.627 +05:30 [INF] Received HTTP response headers after 230.8028ms - 200
2026-06-04 20:37:45.645 +05:30 [INF] Start processing HTTP request GET https://graph.microsoft.com/v1.0/applications/211fcada-7373-4adb-91cc-0b7fca809a3c?*
2026-06-04 20:37:45.666 +05:30 [INF] End processing HTTP request after 351.3808ms - 200
2026-06-04 20:37:45.733 +05:30 [INF] End processing HTTP request after 372.2624ms - 200
2026-06-04 20:37:45.770 +05:30 [INF] Sending HTTP request GET https://graph.microsoft.com/v1.0/applications/211fcada-7373-4adb-91cc-0b7fca809a3c?*
2026-06-04 20:37:45.789 +05:30 [INF] Received HTTP response headers after 350.2802ms - 200
2026-06-04 20:37:45.815 +05:30 [INF] Received HTTP response headers after 322.3036ms - 200
2026-06-04 20:37:45.824 +05:30 [INF] Start processing HTTP request GET https://graph.microsoft.com/v1.0/applications/41357df4-0eb4-4cad-830f-c67c331165af?*
2026-06-04 20:37:45.843 +05:30 [INF] End processing HTTP request after 446.5984ms - 200
2026-06-04 20:37:45.861 +05:30 [INF] End processing HTTP request after 421.6476ms - 200
2026-06-04 20:37:45.877 +05:30 [INF] Sending HTTP request GET https://graph.microsoft.com/v1.0/applications/41357df4-0eb4-4cad-830f-c67c331165af?*
2026-06-04 20:37:45.930 +05:30 [INF] Start processing HTTP request GET https://graph.microsoft.com/v1.0/applications/426fdc27-92f9-4ff5-a261-5140585db6db?*
2026-06-04 20:37:45.947 +05:30 [INF] Sending HTTP request GET https://graph.microsoft.com/v1.0/applications/426fdc27-92f9-4ff5-a261-5140585db6db?*
2026-06-04 20:37:45.963 +05:30 [INF] Received HTTP response headers after 318.3121ms - 200
2026-06-04 20:37:45.972 +05:30 [INF] Start processing HTTP request GET https://graph.microsoft.com/v1.0/applications/457436a9-f6b9-491a-b540-34243534784f?*
2026-06-04 20:37:45.996 +05:30 [INF] End processing HTTP request after 502.7704ms - 200
2026-06-04 20:37:46.019 +05:30 [INF] Received HTTP response headers after 195.0445ms - 200
2026-06-04 20:37:46.020 +05:30 [INF] Sending HTTP request GET https://graph.microsoft.com/v1.0/applications/457436a9-f6b9-491a-b540-34243534784f?*
2026-06-04 20:37:46.071 +05:30 [INF] End processing HTTP request after 426.0658ms - 200
2026-06-04 20:37:46.098 +05:30 [INF] Received HTTP response headers after 126.9501ms - 200
2026-06-04 20:37:46.107 +05:30 [INF] Start processing HTTP request GET https://graph.microsoft.com/v1.0/applications/49e2112b-0e2d-4381-b22e-38ca924f0134?*
2026-06-04 20:37:46.112 +05:30 [INF] Received HTTP response headers after 181.8797ms - 200
2026-06-04 20:37:46.169 +05:30 [INF] End processing HTTP request after 238.7073ms - 200
2026-06-04 20:37:46.187 +05:30 [INF] Sending HTTP request GET https://graph.microsoft.com/v1.0/applications/49e2112b-0e2d-4381-b22e-38ca924f0134?*
2026-06-04 20:37:46.212 +05:30 [INF] End processing HTTP request after 387.6173ms - 200
2026-06-04 20:37:46.263 +05:30 [INF] Start processing HTTP request GET https://graph.microsoft.com/v1.0/applications/49e94653-ce8e-473e-9ac7-8da94b59064b?*
2026-06-04 20:37:46.305 +05:30 [INF] Received HTTP response headers after 205.7999ms - 200
2026-06-04 20:37:46.314 +05:30 [INF] Sending HTTP request GET https://graph.microsoft.com/v1.0/applications/49e94653-ce8e-473e-9ac7-8da94b59064b?*
2026-06-04 20:37:46.340 +05:30 [INF] End processing HTTP request after 368.2109ms - 200
2026-06-04 20:37:46.359 +05:30 [INF] Start processing HTTP request GET https://graph.microsoft.com/v1.0/applications/4d6e78f8-1d50-4982-ad74-f739af798409?*
2026-06-04 20:37:46.417 +05:30 [INF] Sending HTTP request GET https://graph.microsoft.com/v1.0/applications/4d6e78f8-1d50-4982-ad74-f739af798409?*
2026-06-04 20:37:46.430 +05:30 [INF] Received HTTP response headers after 167.1872ms - 200
2026-06-04 20:37:46.445 +05:30 [INF] Start processing HTTP request GET https://graph.microsoft.com/v1.0/applications/515206c9-45b1-47c8-990d-9eb4c90f1bc9?*
2026-06-04 20:37:46.468 +05:30 [INF] End processing HTTP request after 361.3304ms - 200
2026-06-04 20:37:46.488 +05:30 [INF] Sending HTTP request GET https://graph.microsoft.com/v1.0/applications/515206c9-45b1-47c8-990d-9eb4c90f1bc9?*
2026-06-04 20:37:46.539 +05:30 [INF] Start processing HTTP request GET https://graph.microsoft.com/v1.0/applications/604d3cea-cc9f-4cec-9767-7b0268a162a6?*
2026-06-04 20:37:46.539 +05:30 [INF] Received HTTP response headers after 180.5755ms - 200
2026-06-04 20:37:46.564 +05:30 [INF] Sending HTTP request GET https://graph.microsoft.com/v1.0/applications/604d3cea-cc9f-4cec-9767-7b0268a162a6?*
2026-06-04 20:37:46.588 +05:30 [INF] End processing HTTP request after 324.868ms - 200
2026-06-04 20:37:46.607 +05:30 [INF] Start processing HTTP request GET https://graph.microsoft.com/v1.0/applications/68c03ecd-864b-4489-bde4-23da2d863cc9?*
2026-06-04 20:37:46.643 +05:30 [INF] Sending HTTP request GET https://graph.microsoft.com/v1.0/applications/68c03ecd-864b-4489-bde4-23da2d863cc9?*
2026-06-04 20:37:46.647 +05:30 [INF] Received HTTP response headers after 203.1607ms - 200
2026-06-04 20:37:46.667 +05:30 [INF] Start processing HTTP request GET https://graph.microsoft.com/v1.0/applications/742fd072-6b6c-4230-8cf1-6972d7300ad5?*
2026-06-04 20:37:46.667 +05:30 [INF] Received HTTP response headers after 129.1102ms - 200
2026-06-04 20:37:46.688 +05:30 [INF] End processing HTTP request after 328.586ms - 200
2026-06-04 20:37:46.704 +05:30 [INF] Sending HTTP request GET https://graph.microsoft.com/v1.0/applications/742fd072-6b6c-4230-8cf1-6972d7300ad5?*
2026-06-04 20:37:46.722 +05:30 [INF] End processing HTTP request after 277.2385ms - 200
2026-06-04 20:37:46.769 +05:30 [INF] Start processing HTTP request GET https://graph.microsoft.com/v1.0/applications/76127915-56b3-483b-9d5b-c9f79c5637ff?*
2026-06-04 20:37:46.799 +05:30 [INF] Received HTTP response headers after 192.74ms - 200
2026-06-04 20:37:46.808 +05:30 [INF] Sending HTTP request GET https://graph.microsoft.com/v1.0/applications/76127915-56b3-483b-9d5b-c9f79c5637ff?*
2026-06-04 20:37:46.831 +05:30 [INF] End processing HTTP request after 291.4017ms - 200
2026-06-04 20:37:46.852 +05:30 [INF] Received HTTP response headers after 187.3944ms - 200
2026-06-04 20:37:46.854 +05:30 [INF] Start processing HTTP request GET https://graph.microsoft.com/v1.0/applications/76521842-1af8-4caf-b658-cc8189f05f86?*
2026-06-04 20:37:46.888 +05:30 [INF] Received HTTP response headers after 120.8971ms - 200
2026-06-04 20:37:46.895 +05:30 [INF] End processing HTTP request after 287.8959ms - 200
2026-06-04 20:37:46.912 +05:30 [INF] Sending HTTP request GET https://graph.microsoft.com/v1.0/applications/76521842-1af8-4caf-b658-cc8189f05f86?*
2026-06-04 20:37:46.930 +05:30 [INF] End processing HTTP request after 263.1034ms - 200
2026-06-04 20:37:46.973 +05:30 [INF] Start processing HTTP request GET https://graph.microsoft.com/v1.0/applications/83e59e8b-1583-43c5-aab9-2512ca2aec1d?*
2026-06-04 20:37:46.976 +05:30 [INF] Received HTTP response headers after 123.2365ms - 200
2026-06-04 20:37:47.007 +05:30 [INF] Sending HTTP request GET https://graph.microsoft.com/v1.0/applications/83e59e8b-1583-43c5-aab9-2512ca2aec1d?*
2026-06-04 20:37:47.026 +05:30 [INF] End processing HTTP request after 257.079ms - 200
2026-06-04 20:37:47.043 +05:30 [INF] Start processing HTTP request GET https://graph.microsoft.com/v1.0/applications/860a6e19-3808-4bd0-81d8-e4ccc8d7d780?*
2026-06-04 20:37:47.086 +05:30 [INF] Sending HTTP request GET https://graph.microsoft.com/v1.0/applications/860a6e19-3808-4bd0-81d8-e4ccc8d7d780?*
2026-06-04 20:37:47.154 +05:30 [INF] Received HTTP response headers after 180.9537ms - 200
2026-06-04 20:37:47.178 +05:30 [INF] End processing HTTP request after 323.9639ms - 200
2026-06-04 20:37:47.228 +05:30 [INF] Received HTTP response headers after 185.7286ms - 200
2026-06-04 20:37:47.229 +05:30 [INF] Received HTTP response headers after 125.385ms - 200
2026-06-04 20:37:47.253 +05:30 [INF] End processing HTTP request after 279.649ms - 200
2026-06-04 20:37:47.273 +05:30 [INF] End processing HTTP request after 229.5262ms - 200
2026-06-04 20:37:47.312 +05:30 [INF] Start processing HTTP request GET https://graph.microsoft.com/v1.0/applications/9c49407c-ffba-46e6-9478-4dc0adb10fb6?*
2026-06-04 20:37:47.342 +05:30 [INF] Sending HTTP request GET https://graph.microsoft.com/v1.0/applications/9c49407c-ffba-46e6-9478-4dc0adb10fb6?*
2026-06-04 20:37:47.362 +05:30 [INF] Start processing HTTP request GET https://graph.microsoft.com/v1.0/applications/b162627b-5d59-45ab-a873-8699ed5c2ad0?*
2026-06-04 20:37:47.378 +05:30 [INF] Sending HTTP request GET https://graph.microsoft.com/v1.0/applications/b162627b-5d59-45ab-a873-8699ed5c2ad0?*
2026-06-04 20:37:47.394 +05:30 [INF] Start processing HTTP request GET https://graph.microsoft.com/v1.0/applications/b26745cd-d8ac-4497-af66-b06ae74a239d?*
2026-06-04 20:37:47.410 +05:30 [INF] Sending HTTP request GET https://graph.microsoft.com/v1.0/applications/b26745cd-d8ac-4497-af66-b06ae74a239d?*
2026-06-04 20:37:47.427 +05:30 [INF] Start processing HTTP request GET https://graph.microsoft.com/v1.0/applications/b78fcfb9-0135-49e3-8a30-3c89f23efd27?*
2026-06-04 20:37:47.443 +05:30 [INF] Sending HTTP request GET https://graph.microsoft.com/v1.0/applications/b78fcfb9-0135-49e3-8a30-3c89f23efd27?*
2026-06-04 20:37:47.461 +05:30 [INF] Start processing HTTP request GET https://graph.microsoft.com/v1.0/applications/bd8e6495-916f-466e-b8ec-6c68b0ca2275?*
2026-06-04 20:37:47.477 +05:30 [INF] Sending HTTP request GET https://graph.microsoft.com/v1.0/applications/bd8e6495-916f-466e-b8ec-6c68b0ca2275?*
2026-06-04 20:37:47.494 +05:30 [INF] Start processing HTTP request GET https://graph.microsoft.com/v1.0/applications/be0929ed-32bf-489d-b7e7-78c410f0eb32?*
2026-06-04 20:37:47.510 +05:30 [INF] Sending HTTP request GET https://graph.microsoft.com/v1.0/applications/be0929ed-32bf-489d-b7e7-78c410f0eb32?*
2026-06-04 20:37:47.527 +05:30 [INF] Start processing HTTP request GET https://graph.microsoft.com/v1.0/applications/d8bc9ce0-805e-4f15-abc1-3770664967be?*
2026-06-04 20:37:47.544 +05:30 [INF] Received HTTP response headers after 117.0943ms - 200
2026-06-04 20:37:47.544 +05:30 [INF] Received HTTP response headers after 182.9627ms - 200
2026-06-04 20:37:47.591 +05:30 [INF] End processing HTTP request after 279.185ms - 200
2026-06-04 20:37:47.572 +05:30 [INF] End processing HTTP request after 178.0729ms - 200
2026-06-04 20:37:47.574 +05:30 [INF] Received HTTP response headers after 180.0383ms - 200
2026-06-04 20:37:47.544 +05:30 [INF] Sending HTTP request GET https://graph.microsoft.com/v1.0/applications/d8bc9ce0-805e-4f15-abc1-3770664967be?*
2026-06-04 20:37:47.651 +05:30 [INF] Received HTTP response headers after 191.5283ms - 200
2026-06-04 20:37:47.660 +05:30 [INF] End processing HTTP request after 297.8127ms - 200
2026-06-04 20:37:47.673 +05:30 [INF] Received HTTP response headers after 180.0726ms - 200
2026-06-04 20:37:47.680 +05:30 [INF] Start processing HTTP request GET https://graph.microsoft.com/v1.0/applications/e6effa40-f02d-43b5-b176-f05c2bd6f9d8?*
2026-06-04 20:37:47.700 +05:30 [INF] End processing HTTP request after 272.6365ms - 200
2026-06-04 20:37:47.735 +05:30 [INF] Received HTTP response headers after 208.1627ms - 200
2026-06-04 20:37:47.804 +05:30 [INF] End processing HTTP request after 309.8068ms - 200
2026-06-04 20:37:47.763 +05:30 [INF] Sending HTTP request GET https://graph.microsoft.com/v1.0/applications/e6effa40-f02d-43b5-b176-f05c2bd6f9d8?*
2026-06-04 20:37:47.743 +05:30 [INF] End processing HTTP request after 282.4137ms - 200
2026-06-04 20:37:47.842 +05:30 [INF] Start processing HTTP request GET https://graph.microsoft.com/v1.0/applications/e9dd9e09-6245-4451-bbfc-9271397838bd?*
2026-06-04 20:37:47.861 +05:30 [INF] Received HTTP response headers after 182.1563ms - 200
2026-06-04 20:37:47.882 +05:30 [INF] Sending HTTP request GET https://graph.microsoft.com/v1.0/applications/e9dd9e09-6245-4451-bbfc-9271397838bd?*
2026-06-04 20:37:47.901 +05:30 [INF] End processing HTTP request after 374.2518ms - 200
2026-06-04 20:37:47.919 +05:30 [INF] Start processing HTTP request GET https://graph.microsoft.com/v1.0/applications/ec3e1482-03bc-4b54-bbb2-0098dca6c3d2?*
2026-06-04 20:37:47.954 +05:30 [INF] Sending HTTP request GET https://graph.microsoft.com/v1.0/applications/ec3e1482-03bc-4b54-bbb2-0098dca6c3d2?*
2026-06-04 20:37:47.975 +05:30 [INF] Start processing HTTP request GET https://graph.microsoft.com/v1.0/applications/ecf48238-8fe6-442d-ab11-447b07afd79e?*
2026-06-04 20:37:48.005 +05:30 [INF] Sending HTTP request GET https://graph.microsoft.com/v1.0/applications/ecf48238-8fe6-442d-ab11-447b07afd79e?*
2026-06-04 20:37:48.021 +05:30 [INF] Received HTTP response headers after 179.154ms - 200
2026-06-04 20:37:48.021 +05:30 [INF] Start processing HTTP request GET https://graph.microsoft.com/v1.0/applications/ed787c25-faab-4a75-ba66-d96ad1c32f33?*
2026-06-04 20:37:48.042 +05:30 [INF] End processing HTTP request after 361.8383ms - 200
2026-06-04 20:37:48.058 +05:30 [INF] Sending HTTP request GET https://graph.microsoft.com/v1.0/applications/ed787c25-faab-4a75-ba66-d96ad1c32f33?*
2026-06-04 20:37:48.096 +05:30 [INF] Start processing HTTP request GET https://graph.microsoft.com/v1.0/applications/f27d50af-8e5d-493b-8503-6cc072e85ee6?*
2026-06-04 20:37:48.115 +05:30 [INF] Received HTTP response headers after 196.4809ms - 200
2026-06-04 20:37:48.135 +05:30 [INF] End processing HTTP request after 292.8914ms - 200
2026-06-04 20:37:48.116 +05:30 [INF] Sending HTTP request GET https://graph.microsoft.com/v1.0/applications/f27d50af-8e5d-493b-8503-6cc072e85ee6?*
2026-06-04 20:37:48.174 +05:30 [INF] Start processing HTTP request GET https://graph.microsoft.com/v1.0/applications/f488bdea-975e-4c19-952b-ba57e2cd2b30?*
2026-06-04 20:37:48.179 +05:30 [INF] Received HTTP response headers after 203.8224ms - 200
2026-06-04 20:37:48.192 +05:30 [INF] Sending HTTP request GET https://graph.microsoft.com/v1.0/applications/f488bdea-975e-4c19-952b-ba57e2cd2b30?*
2026-06-04 20:37:48.215 +05:30 [INF] Received HTTP response headers after 193.8756ms - 200
2026-06-04 20:37:48.260 +05:30 [INF] End processing HTTP request after 285.0746ms - 200
2026-06-04 20:37:48.240 +05:30 [INF] Start processing HTTP request GET https://graph.microsoft.com/v1.0/applications/fc6adfe3-0b18-45e2-9299-2b37b672df0e?*
2026-06-04 20:37:48.216 +05:30 [INF] End processing HTTP request after 296.9638ms - 200
2026-06-04 20:37:48.288 +05:30 [INF] Received HTTP response headers after 193.404ms - 200
2026-06-04 20:37:48.296 +05:30 [INF] Sending HTTP request GET https://graph.microsoft.com/v1.0/applications/fc6adfe3-0b18-45e2-9299-2b37b672df0e?*
2026-06-04 20:37:48.332 +05:30 [INF] End processing HTTP request after 310.8413ms - 200
2026-06-04 20:37:48.353 +05:30 [INF] Received HTTP response headers after 113.7122ms - 200
2026-06-04 20:37:48.358 +05:30 [INF] Received HTTP response headers after 183.8453ms - 200
2026-06-04 20:37:48.385 +05:30 [INF] End processing HTTP request after 210.721ms - 200
2026-06-04 20:37:48.403 +05:30 [INF] End processing HTTP request after 306.7004ms - 200
2026-06-04 20:37:48.529 +05:30 [INF] Received HTTP response headers after 180.6934ms - 200
2026-06-04 20:37:48.547 +05:30 [INF] End processing HTTP request after 306.9558ms - 200
2026-06-04 20:37:48.572 +05:30 [INF] [Governance] Fetching groups from Graph...
2026-06-04 20:37:48.582 +05:30 [INF] Start processing HTTP request GET https://graph.microsoft.com/v1.0/groups?*
2026-06-04 20:37:48.598 +05:30 [INF] Sending HTTP request GET https://graph.microsoft.com/v1.0/groups?*
2026-06-04 20:37:48.864 +05:30 [INF] Received HTTP response headers after 248.8268ms - 200
2026-06-04 20:37:48.888 +05:30 [INF] End processing HTTP request after 306.2271ms - 200
2026-06-04 20:37:48.933 +05:30 [INF] Start processing HTTP request POST https://graph.microsoft.com/v1.0/$batch
2026-06-04 20:37:48.954 +05:30 [INF] Sending HTTP request POST https://graph.microsoft.com/v1.0/$batch
2026-06-04 20:37:48.976 +05:30 [INF] Start processing HTTP request POST https://graph.microsoft.com/v1.0/$batch
2026-06-04 20:37:48.999 +05:30 [INF] Sending HTTP request POST https://graph.microsoft.com/v1.0/$batch
2026-06-04 20:37:49.091 +05:30 [INF] Received HTTP response headers after 116.2706ms - 200
2026-06-04 20:37:49.118 +05:30 [INF] End processing HTTP request after 184.1745ms - 200
2026-06-04 20:37:49.134 +05:30 [INF] Received HTTP response headers after 114.8987ms - 200
2026-06-04 20:37:49.159 +05:30 [INF] End processing HTTP request after 183.6005ms - 200
2026-06-04 20:37:49.288 +05:30 [WRN] Failed to batch-fetch members counts for groups
System.Text.Json.JsonException: The JSON value could not be converted to System.String. Path: $.responses[0].body | LineNumber: 0 | BytePositionInLine: 145.
 ---> System.InvalidOperationException: Cannot get the value of a token type 'StartObject' as a string.
   at System.Text.Json.ThrowHelper.ThrowInvalidOperationException_ExpectedString(JsonTokenType tokenType)
   at System.Text.Json.Utf8JsonReader.GetString()
   at System.Text.Json.Serialization.Metadata.JsonPropertyInfo`1.ReadJsonAndSetMember(Object obj, ReadStack& state, Utf8JsonReader& reader)
   at System.Text.Json.Serialization.Converters.ObjectDefaultConverter`1.OnTryRead(Utf8JsonReader& reader, Type typeToConvert, JsonSerializerOptions options, ReadStack& state, T& value)
   at System.Text.Json.Serialization.JsonCollectionConverter`2.OnTryRead(Utf8JsonReader& reader, Type typeToConvert, JsonSerializerOptions options, ReadStack& state, TCollection& value)
   at System.Text.Json.Serialization.JsonConverter`1.TryRead(Utf8JsonReader& reader, Type typeToConvert, JsonSerializerOptions options, ReadStack& state, T& value, Boolean& isPopulatedValue)
   at System.Text.Json.Serialization.Metadata.JsonPropertyInfo`1.ReadJsonAndSetMember(Object obj, ReadStack& state, Utf8JsonReader& reader)
   at System.Text.Json.Serialization.Converters.ObjectDefaultConverter`1.OnTryRead(Utf8JsonReader& reader, Type typeToConvert, JsonSerializerOptions options, ReadStack& state, T& value)
   at System.Text.Json.Serialization.JsonConverter`1.ReadCore(Utf8JsonReader& reader, T& value, JsonSerializerOptions options, ReadStack& state)
   --- End of inner exception stack trace ---
   at System.Text.Json.ThrowHelper.ReThrowWithPath(ReadStack& state, Utf8JsonReader& reader, Exception ex)
   at System.Text.Json.Serialization.JsonConverter`1.ReadCore(Utf8JsonReader& reader, T& value, JsonSerializerOptions options, ReadStack& state)
   at System.Text.Json.Serialization.Metadata.JsonTypeInfo`1.DeserializeAsync[TReadBufferState,TStream](TStream utf8Json, TReadBufferState bufferState, CancellationToken cancellationToken)
   at System.Net.Http.Json.HttpContentJsonExtensions.ReadFromJsonAsyncCore[T](HttpContent content, JsonSerializerOptions options, CancellationToken cancellationToken)
   at SIGMA.Infrastructure.Graph.GraphClientService.BatchGetNavigationCountAsync(List`1 entityIds, String navigation, CancellationToken ct) in D:\SIGMA Project\SIGMA-Beta\SIGMA\src\SIGMA.Infrastructure\Graph\GraphClientService.cs:line 614
2026-06-04 20:37:49.863 +05:30 [WRN] Failed to batch-fetch owners counts for groups
System.Text.Json.JsonException: The JSON value could not be converted to System.String. Path: $.responses[0].body | LineNumber: 0 | BytePositionInLine: 144.
 ---> System.InvalidOperationException: Cannot get the value of a token type 'StartObject' as a string.
   at System.Text.Json.ThrowHelper.ThrowInvalidOperationException_ExpectedString(JsonTokenType tokenType)
   at System.Text.Json.Utf8JsonReader.GetString()
   at System.Text.Json.Serialization.Metadata.JsonPropertyInfo`1.ReadJsonAndSetMember(Object obj, ReadStack& state, Utf8JsonReader& reader)
   at System.Text.Json.Serialization.Converters.ObjectDefaultConverter`1.OnTryRead(Utf8JsonReader& reader, Type typeToConvert, JsonSerializerOptions options, ReadStack& state, T& value)
   at System.Text.Json.Serialization.JsonCollectionConverter`2.OnTryRead(Utf8JsonReader& reader, Type typeToConvert, JsonSerializerOptions options, ReadStack& state, TCollection& value)
   at System.Text.Json.Serialization.JsonConverter`1.TryRead(Utf8JsonReader& reader, Type typeToConvert, JsonSerializerOptions options, ReadStack& state, T& value, Boolean& isPopulatedValue)
   at System.Text.Json.Serialization.Metadata.JsonPropertyInfo`1.ReadJsonAndSetMember(Object obj, ReadStack& state, Utf8JsonReader& reader)
   at System.Text.Json.Serialization.Converters.ObjectDefaultConverter`1.OnTryRead(Utf8JsonReader& reader, Type typeToConvert, JsonSerializerOptions options, ReadStack& state, T& value)
   at System.Text.Json.Serialization.JsonConverter`1.ReadCore(Utf8JsonReader& reader, T& value, JsonSerializerOptions options, ReadStack& state)
   --- End of inner exception stack trace ---
   at System.Text.Json.ThrowHelper.ReThrowWithPath(ReadStack& state, Utf8JsonReader& reader, Exception ex)
   at System.Text.Json.Serialization.JsonConverter`1.ReadCore(Utf8JsonReader& reader, T& value, JsonSerializerOptions options, ReadStack& state)
   at System.Text.Json.Serialization.Metadata.JsonTypeInfo`1.DeserializeAsync[TReadBufferState,TStream](TStream utf8Json, TReadBufferState bufferState, CancellationToken cancellationToken)
   at System.Net.Http.Json.HttpContentJsonExtensions.ReadFromJsonAsyncCore[T](HttpContent content, JsonSerializerOptions options, CancellationToken cancellationToken)
   at SIGMA.Infrastructure.Graph.GraphClientService.BatchGetNavigationCountAsync(List`1 entityIds, String navigation, CancellationToken ct) in D:\SIGMA Project\SIGMA-Beta\SIGMA\src\SIGMA.Infrastructure\Graph\GraphClientService.cs:line 614
2026-06-04 20:37:49.898 +05:30 [INF] [Governance] Groups result: IsSuccess=true, Count=19
2026-06-04 20:37:49.907 +05:30 [INF] [Governance] Found stale empty group: DnsAdmins (created 650 days ago)
2026-06-04 20:37:49.917 +05:30 [INF] [Governance] Found stale empty group: SeniorAdminTrail (created 645 days ago)
2026-06-04 20:37:49.927 +05:30 [INF] [Governance] Found stale empty group: ADSyncAdmins (created 650 days ago)
2026-06-04 20:37:49.937 +05:30 [INF] [Governance] Found stale empty group: MS_SuperStars (created 652 days ago)
2026-06-04 20:37:49.947 +05:30 [INF] [Governance] Found stale empty group: TestDemo (created 103 days ago)
2026-06-04 20:37:49.957 +05:30 [INF] [Governance] Found stale empty group: TrailMS365 (created 652 days ago)
2026-06-04 20:37:49.966 +05:30 [INF] [Governance] Found stale empty group: UserAdmin (created 640 days ago)
2026-06-04 20:37:49.976 +05:30 [INF] [Governance] Found stale empty group: TestGroup1 (created 640 days ago)
2026-06-04 20:37:49.986 +05:30 [INF] [Governance] Found stale empty group: DemoGroup (created 631 days ago)
2026-06-04 20:37:50.003 +05:30 [INF] [Governance] Found stale empty group: JuniorAdmins (created 644 days ago)
2026-06-04 20:37:50.022 +05:30 [INF] [Governance] Found stale empty group: Retail Trail (created 643 days ago)
2026-06-04 20:37:50.099 +05:30 [INF] [Governance] Found stale empty group: ADSyncBrowse (created 650 days ago)
2026-06-04 20:37:50.124 +05:30 [INF] [Governance] Found stale empty group: HelpDeskAdmin (created 640 days ago)
2026-06-04 20:37:50.135 +05:30 [INF] [Governance] Found stale empty group: SalesAndMarketingTrail (created 644 days ago)
2026-06-04 20:37:50.146 +05:30 [INF] [Governance] Found stale empty group: DnsUpdateProxy (created 650 days ago)
2026-06-04 20:37:50.157 +05:30 [INF] [Governance] Found stale empty group: ADSyncPasswordSet (created 650 days ago)
2026-06-04 20:37:50.168 +05:30 [INF] [Governance] Found stale empty group: ADSyncOperators (created 650 days ago)
2026-06-04 20:37:50.179 +05:30 [INF] [Governance] Found stale empty group: TestGroup2 (created 640 days ago)
2026-06-04 20:37:50.189 +05:30 [INF] [Governance] Fetching users from Graph...
2026-06-04 20:37:50.199 +05:30 [INF] Start processing HTTP request GET https://graph.microsoft.com/v1.0/users?*
2026-06-04 20:37:50.215 +05:30 [INF] Sending HTTP request GET https://graph.microsoft.com/v1.0/users?*
2026-06-04 20:37:51.088 +05:30 [INF] Received HTTP response headers after 855.2645ms - 200
2026-06-04 20:37:51.109 +05:30 [INF] End processing HTTP request after 910.5217ms - 200
2026-06-04 20:37:51.130 +05:30 [INF] [Governance] Users result: IsSuccess=true, Count=23
2026-06-04 20:37:51.149 +05:30 [INF] [Governance] Final findings count: 108 (Critical=65, Warning=25, Info=18)
2026-06-04 20:37:51.169 +05:30 [WRN] Slow request: GET /api/v1/governance/findings responded 200 in 8095ms
2026-06-04 20:44:52.330 +05:30 [WRN] Overriding address(es) 'http://0.0.0.0:5107'. Binding to endpoints defined via IConfiguration and/or UseKestrel() instead.
2026-06-04 20:44:52.505 +05:30 [INF] Now listening on: http://0.0.0.0:5107
2026-06-04 20:44:52.662 +05:30 [INF] Application started. Press Ctrl+C to shut down.
2026-06-04 20:44:52.667 +05:30 [INF] Hosting environment: Development
2026-06-04 20:44:52.672 +05:30 [INF] Content root path: D:\SIGMA Project\SIGMA-Beta\SIGMA\src\SIGMA.Api
2026-06-04 20:46:56.670 +05:30 [INF] Request: GET /swagger/index.html responded 304 in 303ms
2026-06-04 20:46:57.132 +05:30 [INF] Request: GET /swagger/index.css responded 200 in 103ms
2026-06-04 20:46:57.132 +05:30 [INF] Request: GET /swagger/swagger-ui.css responded 200 in 104ms
2026-06-04 20:46:57.198 +05:30 [INF] Request: GET /swagger/swagger-ui-standalone-preset.js responded 200 in 37ms
2026-06-04 20:46:57.480 +05:30 [INF] Request: GET /swagger/swagger-ui-bundle.js responded 200 in 331ms
2026-06-04 20:46:57.491 +05:30 [INF] Request: GET /swagger/index.js responded 200 in 278ms
2026-06-04 20:47:06.092 +05:30 [INF] Microsoft.IdentityModel Version: 8.18.0.0. Date 06/04/2026 15:17:06. PII logging is OFF. See https://aka.ms/IdentityModel/PII for details. 
IDX10242: Security token: '[PII of type 'Microsoft.IdentityModel.JsonWebTokens.JsonWebToken' is hidden. For more details, see https://aka.ms/IdentityModel/PII.]' has a valid signature.
2026-06-04 20:47:06.092 +05:30 [INF] Microsoft.IdentityModel Version: 8.18.0.0. Date 06/04/2026 15:17:06. PII logging is OFF. See https://aka.ms/IdentityModel/PII for details. 
IDX10242: Security token: '[PII of type 'Microsoft.IdentityModel.JsonWebTokens.JsonWebToken' is hidden. For more details, see https://aka.ms/IdentityModel/PII.]' has a valid signature.
2026-06-04 20:47:06.133 +05:30 [INF] IDX10239: Lifetime of the token is valid.
2026-06-04 20:47:06.133 +05:30 [INF] IDX10239: Lifetime of the token is valid.
2026-06-04 20:47:06.162 +05:30 [INF] IDX10234: Audience Validated.Audience: 'api://f0ee212a-b836-4f5c-aafe-bee4b0ebfcfb'
2026-06-04 20:47:06.162 +05:30 [INF] IDX10234: Audience Validated.Audience: 'api://f0ee212a-b836-4f5c-aafe-bee4b0ebfcfb'
2026-06-04 20:47:06.711 +05:30 [INF] IDX10245: Creating claims identity from the validated token: '[PII of type 'Microsoft.IdentityModel.JsonWebTokens.JsonWebToken' is hidden. For more details, see https://aka.ms/IdentityModel/PII.]'.
2026-06-04 20:47:06.711 +05:30 [INF] IDX10245: Creating claims identity from the validated token: '[PII of type 'Microsoft.IdentityModel.JsonWebTokens.JsonWebToken' is hidden. For more details, see https://aka.ms/IdentityModel/PII.]'.
2026-06-04 20:47:09.061 +05:30 [INF] [Governance] Fetching applications from Graph...
2026-06-04 20:47:11.453 +05:30 [INF] Start processing HTTP request GET https://graph.microsoft.com/v1.0/applications?*
2026-06-04 20:47:11.478 +05:30 [INF] Sending HTTP request GET https://graph.microsoft.com/v1.0/applications?*
2026-06-04 20:47:11.983 +05:30 [INF] Received HTTP response headers after 475.0237ms - 200
2026-06-04 20:47:12.012 +05:30 [INF] End processing HTTP request after 569.9135ms - 200
2026-06-04 20:47:12.259 +05:30 [INF] Request: GET /openapi/v1.json responded 200 in 63ms
2026-06-04 20:47:12.685 +05:30 [INF] Start processing HTTP request POST https://graph.microsoft.com/v1.0/$batch
2026-06-04 20:47:12.707 +05:30 [INF] Sending HTTP request POST https://graph.microsoft.com/v1.0/$batch
2026-06-04 20:47:12.847 +05:30 [INF] Received HTTP response headers after 115.3767ms - 200
2026-06-04 20:47:12.871 +05:30 [INF] End processing HTTP request after 187.8038ms - 200
2026-06-04 20:47:13.397 +05:30 [WRN] Failed to batch-fetch owner counts for applications
System.Text.Json.JsonException: The JSON value could not be converted to System.String. Path: $.responses[0].body | LineNumber: 0 | BytePositionInLine: 145.
 ---> System.InvalidOperationException: Cannot get the value of a token type 'StartObject' as a string.
   at System.Text.Json.ThrowHelper.ThrowInvalidOperationException_ExpectedString(JsonTokenType tokenType)
   at System.Text.Json.Utf8JsonReader.GetString()
   at System.Text.Json.Serialization.Metadata.JsonPropertyInfo`1.ReadJsonAndSetMember(Object obj, ReadStack& state, Utf8JsonReader& reader)
   at System.Text.Json.Serialization.Converters.ObjectDefaultConverter`1.OnTryRead(Utf8JsonReader& reader, Type typeToConvert, JsonSerializerOptions options, ReadStack& state, T& value)
   at System.Text.Json.Serialization.JsonConverter`1.TryRead(Utf8JsonReader& reader, Type typeToConvert, JsonSerializerOptions options, ReadStack& state, T& value, Boolean& isPopulatedValue)
   at System.Text.Json.Serialization.JsonCollectionConverter`2.OnTryRead(Utf8JsonReader& reader, Type typeToConvert, JsonSerializerOptions options, ReadStack& state, TCollection& value)
   at System.Text.Json.Serialization.JsonConverter`1.TryRead(Utf8JsonReader& reader, Type typeToConvert, JsonSerializerOptions options, ReadStack& state, T& value, Boolean& isPopulatedValue)
   at System.Text.Json.Serialization.Metadata.JsonPropertyInfo`1.ReadJsonAndSetMember(Object obj, ReadStack& state, Utf8JsonReader& reader)
   at System.Text.Json.Serialization.Converters.ObjectDefaultConverter`1.OnTryRead(Utf8JsonReader& reader, Type typeToConvert, JsonSerializerOptions options, ReadStack& state, T& value)
   at System.Text.Json.Serialization.JsonConverter`1.TryRead(Utf8JsonReader& reader, Type typeToConvert, JsonSerializerOptions options, ReadStack& state, T& value, Boolean& isPopulatedValue)
   at System.Text.Json.Serialization.JsonConverter`1.ReadCore(Utf8JsonReader& reader, T& value, JsonSerializerOptions options, ReadStack& state)
   --- End of inner exception stack trace ---
   at System.Text.Json.ThrowHelper.ReThrowWithPath(ReadStack& state, Utf8JsonReader& reader, Exception ex)
   at System.Text.Json.Serialization.JsonConverter`1.ReadCore(Utf8JsonReader& reader, T& value, JsonSerializerOptions options, ReadStack& state)
   at System.Text.Json.Serialization.Metadata.JsonTypeInfo`1.ContinueDeserialize[TReadBufferState,TStream](TReadBufferState& bufferState, JsonReaderState& jsonReaderState, ReadStack& readStack, T& value)
   at System.Text.Json.Serialization.Metadata.JsonTypeInfo`1.DeserializeAsync[TReadBufferState,TStream](TStream utf8Json, TReadBufferState bufferState, CancellationToken cancellationToken)
   at System.Net.Http.Json.HttpContentJsonExtensions.ReadFromJsonAsyncCore[T](HttpContent content, JsonSerializerOptions options, CancellationToken cancellationToken)
   at SIGMA.Infrastructure.Graph.GraphClientService.BatchGetApplicationOwnerCountsAsync(List`1 appIds, CancellationToken ct) in D:\SIGMA Project\SIGMA-Beta\SIGMA\src\SIGMA.Infrastructure\Graph\GraphClientService.cs:line 549
2026-06-04 20:47:13.623 +05:30 [INF] Start processing HTTP request POST https://graph.microsoft.com/v1.0/$batch
2026-06-04 20:47:13.648 +05:30 [INF] Sending HTTP request POST https://graph.microsoft.com/v1.0/$batch
2026-06-04 20:47:19.783 +05:30 [WRN] Failed to batch-fetch owner counts for applications
System.Threading.Tasks.TaskCanceledException: The operation was canceled.
 ---> System.Threading.Tasks.TaskCanceledException: The operation was canceled.
 ---> System.IO.IOException: Unable to read data from the transport connection: The I/O operation has been aborted because of either a thread exit or an application request..
 ---> System.Net.Sockets.SocketException (995): The I/O operation has been aborted because of either a thread exit or an application request.
   --- End of inner exception stack trace ---
   at System.Net.Sockets.Socket.AwaitableSocketAsyncEventArgs.ThrowException(SocketError error, CancellationToken cancellationToken)
   at System.Net.Sockets.Socket.AwaitableSocketAsyncEventArgs.System.Threading.Tasks.Sources.IValueTaskSource<System.Int32>.GetResult(Int16 token)
   at System.Net.Security.SslStream.EnsureFullTlsFrameAsync[TIOAdapter](CancellationToken cancellationToken, Int32 estimatedSize)
   at System.Runtime.CompilerServices.PoolingAsyncValueTaskMethodBuilder`1.StateMachineBox`1.System.Threading.Tasks.Sources.IValueTaskSource<TResult>.GetResult(Int16 token)
   at System.Net.Security.SslStream.ReadAsyncInternal[TIOAdapter](Memory`1 buffer, CancellationToken cancellationToken)
   at System.Runtime.CompilerServices.PoolingAsyncValueTaskMethodBuilder`1.StateMachineBox`1.System.Threading.Tasks.Sources.IValueTaskSource<TResult>.GetResult(Int16 token)
   at System.Net.Http.HttpConnection.SendAsync(HttpRequestMessage request, Boolean async, CancellationToken cancellationToken)
   --- End of inner exception stack trace ---
   at System.Net.Http.HttpConnection.SendAsync(HttpRequestMessage request, Boolean async, CancellationToken cancellationToken)
   at System.Net.Http.HttpConnectionPool.SendWithVersionDetectionAndRetryAsync(HttpRequestMessage request, Boolean async, Boolean doRequestAuth, CancellationToken cancellationToken)
   at System.Net.Http.DiagnosticsHandler.SendAsyncCore(HttpRequestMessage request, Boolean async, CancellationToken cancellationToken)
   at System.Net.Http.RedirectHandler.SendAsync(HttpRequestMessage request, Boolean async, CancellationToken cancellationToken)
   at Microsoft.Extensions.Http.Logging.LoggingHttpMessageHandler.<SendCoreAsync>g__Core|4_0(HttpRequestMessage request, Boolean useAsync, CancellationToken cancellationToken)
   at Microsoft.Extensions.Http.Logging.LoggingScopeHttpMessageHandler.<SendCoreAsync>g__Core|4_0(HttpRequestMessage request, Boolean useAsync, CancellationToken cancellationToken)
   at System.Net.Http.HttpClient.<SendAsync>g__Core|83_0(HttpRequestMessage request, HttpCompletionOption completionOption, CancellationTokenSource cts, Boolean disposeCts, CancellationTokenSource pendingRequestsCts, CancellationToken originalCancellationToken)
   --- End of inner exception stack trace ---
   at System.Net.Http.HttpClient.HandleFailure(Exception e, Boolean telemetryStarted, HttpResponseMessage response, CancellationTokenSource cts, CancellationToken cancellationToken, CancellationTokenSource pendingRequestsCts)
   at System.Net.Http.HttpClient.<SendAsync>g__Core|83_0(HttpRequestMessage request, HttpCompletionOption completionOption, CancellationTokenSource cts, Boolean disposeCts, CancellationTokenSource pendingRequestsCts, CancellationToken originalCancellationToken)
   at SIGMA.Infrastructure.Graph.GraphClientService.SendWithRetryAsync(HttpClient httpClient, CancellationToken ct, Func`1 requestFactory) in D:\SIGMA Project\SIGMA-Beta\SIGMA\src\SIGMA.Infrastructure\Graph\GraphClientService.cs:line 1320
   at SIGMA.Infrastructure.Graph.GraphClientService.<>c__DisplayClass43_0.<<SendBatchAsync>b__0>d.MoveNext() in D:\SIGMA Project\SIGMA-Beta\SIGMA\src\SIGMA.Infrastructure\Graph\GraphClientService.cs:line 1292
--- End of stack trace from previous location ---
   at Polly.ResiliencePipeline.<>c__10`1.<<ExecuteAsync>b__10_0>d.MoveNext()
--- End of stack trace from previous location ---
   at Polly.Outcome`1.GetResultOrRethrow()
   at Polly.ResiliencePipeline.ExecuteAsync[TResult](Func`2 callback, CancellationToken cancellationToken)
   at SIGMA.Infrastructure.Graph.GraphClientService.SendBatchAsync(Object batchRequest, CancellationToken ct) in D:\SIGMA Project\SIGMA-Beta\SIGMA\src\SIGMA.Infrastructure\Graph\GraphClientService.cs:line 1290
   at SIGMA.Infrastructure.Graph.GraphClientService.BatchGetApplicationOwnerCountsAsync(List`1 appIds, CancellationToken ct) in D:\SIGMA Project\SIGMA-Beta\SIGMA\src\SIGMA.Infrastructure\Graph\GraphClientService.cs:line 546
2026-06-04 20:47:19.788 +05:30 [INF] IDX10242: Security token: '[PII of type 'Microsoft.IdentityModel.JsonWebTokens.JsonWebToken' is hidden. For more details, see https://aka.ms/IdentityModel/PII.]' has a valid signature.
2026-06-04 20:47:19.853 +05:30 [INF] [Governance] Applications result: IsSuccess=true, Error=null
2026-06-04 20:47:19.858 +05:30 [INF] IDX10239: Lifetime of the token is valid.
2026-06-04 20:47:19.872 +05:30 [INF] [Governance] Processing 35 applications...
2026-06-04 20:47:19.883 +05:30 [INF] IDX10234: Audience Validated.Audience: 'api://f0ee212a-b836-4f5c-aafe-bee4b0ebfcfb'
2026-06-04 20:47:25.266 +05:30 [INF] IDX10245: Creating claims identity from the validated token: '[PII of type 'Microsoft.IdentityModel.JsonWebTokens.JsonWebToken' is hidden. For more details, see https://aka.ms/IdentityModel/PII.]'.
2026-06-04 20:49:07.862 +05:30 [WRN] Slow request: GET /api/v1/governance/findings responded 200 in 126104ms
2026-06-04 20:47:25.271 +05:30 [INF] Request: GET /swagger/favicon-32x32.png responded 200 in 5ms
2026-06-04 20:49:08.779 +05:30 [ERR] Unhandled exception: A task was canceled.
System.Threading.Tasks.TaskCanceledException: A task was canceled.
   at SIGMA.Infrastructure.Governance.GovernanceFindingService.<>c__DisplayClass7_0.<<GetFindingsAsync>b__7>d.MoveNext() in D:\SIGMA Project\SIGMA-Beta\SIGMA\src\SIGMA.Infrastructure\Governance\GovernanceFindingService.cs:line 64
--- End of stack trace from previous location ---
   at SIGMA.Infrastructure.Governance.GovernanceFindingService.GetFindingsAsync(Boolean forceRefresh, CancellationToken ct) in D:\SIGMA Project\SIGMA-Beta\SIGMA\src\SIGMA.Infrastructure\Governance\GovernanceFindingService.cs:line 76
   at SIGMA.Api.Endpoints.GovernanceEndpoints.<>c.<<MapGovernanceEndpoints>b__0_0>d.MoveNext() in D:\SIGMA Project\SIGMA-Beta\SIGMA\src\SIGMA.Api\Endpoints\GovernanceEndpoints.cs:line 15
--- End of stack trace from previous location ---
   at Microsoft.AspNetCore.Http.RequestDelegateFactory.ExecuteTaskResult[T](Task`1 task, HttpContext httpContext)
   at Microsoft.AspNetCore.Authorization.AuthorizationMiddleware.Invoke(HttpContext context)
   at Microsoft.AspNetCore.RateLimiting.RateLimitingMiddleware.InvokeInternal(HttpContext context, EnableRateLimitingAttribute enableRateLimitingAttribute)
   at Microsoft.AspNetCore.Authentication.AuthenticationMiddleware.Invoke(HttpContext context)
   at Swashbuckle.AspNetCore.SwaggerUI.SwaggerUIMiddleware.Invoke(HttpContext httpContext)
   at Program.<>c.<<<Main>$>b__0_11>d.MoveNext() in D:\SIGMA Project\SIGMA-Beta\SIGMA\src\SIGMA.Api\Program.cs:line 259
--- End of stack trace from previous location ---
   at Microsoft.AspNetCore.OutputCaching.OutputCacheMiddleware.InvokeAwaited(HttpContext httpContext, IReadOnlyList`1 policies)
   at Microsoft.AspNetCore.ResponseCompression.ResponseCompressionMiddleware.InvokeCore(HttpContext context)
   at SIGMA.Api.Middleware.RequestTimingMiddleware.InvokeAsync(HttpContext context) in D:\SIGMA Project\SIGMA-Beta\SIGMA\src\SIGMA.Api\Middleware\RequestTimingMiddleware.cs:line 14
   at SIGMA.Api.Middleware.ExceptionHandlingMiddleware.InvokeAsync(HttpContext context) in D:\SIGMA Project\SIGMA-Beta\SIGMA\src\SIGMA.Api\Middleware\ExceptionHandlingMiddleware.cs:line 13
2026-06-04 20:49:08.779 +05:30 [INF] IDX10242: Security token: '[PII of type 'Microsoft.IdentityModel.JsonWebTokens.JsonWebToken' is hidden. For more details, see https://aka.ms/IdentityModel/PII.]' has a valid signature.
2026-06-04 20:49:08.833 +05:30 [INF] IDX10242: Security token: '[PII of type 'Microsoft.IdentityModel.JsonWebTokens.JsonWebToken' is hidden. For more details, see https://aka.ms/IdentityModel/PII.]' has a valid signature.
2026-06-04 20:49:08.839 +05:30 [INF] IDX10242: Security token: '[PII of type 'Microsoft.IdentityModel.JsonWebTokens.JsonWebToken' is hidden. For more details, see https://aka.ms/IdentityModel/PII.]' has a valid signature.
2026-06-04 20:49:08.851 +05:30 [INF] Start processing HTTP request GET https://graph.microsoft.com/v1.0/organization
2026-06-04 20:49:08.930 +05:30 [INF] IDX10239: Lifetime of the token is valid.
2026-06-04 20:49:08.836 +05:30 [INF] IDX10242: Security token: '[PII of type 'Microsoft.IdentityModel.JsonWebTokens.JsonWebToken' is hidden. For more details, see https://aka.ms/IdentityModel/PII.]' has a valid signature.
2026-06-04 20:49:08.947 +05:30 [INF] IDX10239: Lifetime of the token is valid.
2026-06-04 20:49:08.963 +05:30 [INF] IDX10239: Lifetime of the token is valid.
2026-06-04 20:49:08.986 +05:30 [INF] Sending HTTP request GET https://graph.microsoft.com/v1.0/organization
2026-06-04 20:49:08.999 +05:30 [INF] IDX10234: Audience Validated.Audience: 'api://f0ee212a-b836-4f5c-aafe-bee4b0ebfcfb'
2026-06-04 20:49:09.050 +05:30 [WRN] Slow request: GET /hubs/sigma responded 101 in 126430ms
2026-06-04 20:49:09.051 +05:30 [INF] IDX10234: Audience Validated.Audience: 'api://f0ee212a-b836-4f5c-aafe-bee4b0ebfcfb'
2026-06-04 20:49:09.031 +05:30 [INF] IDX10234: Audience Validated.Audience: 'api://f0ee212a-b836-4f5c-aafe-bee4b0ebfcfb'
2026-06-04 20:49:10.320 +05:30 [INF] IDX10245: Creating claims identity from the validated token: '[PII of type 'Microsoft.IdentityModel.JsonWebTokens.JsonWebToken' is hidden. For more details, see https://aka.ms/IdentityModel/PII.]'.
2026-06-04 20:49:09.016 +05:30 [INF] IDX10239: Lifetime of the token is valid.
2026-06-04 20:49:10.336 +05:30 [INF] IDX10242: Security token: '[PII of type 'Microsoft.IdentityModel.JsonWebTokens.JsonWebToken' is hidden. For more details, see https://aka.ms/IdentityModel/PII.]' has a valid signature.
2026-06-04 20:49:10.342 +05:30 [INF] IDX10245: Creating claims identity from the validated token: '[PII of type 'Microsoft.IdentityModel.JsonWebTokens.JsonWebToken' is hidden. For more details, see https://aka.ms/IdentityModel/PII.]'.
2026-06-04 20:49:10.325 +05:30 [WRN] Slow request: GET /api/v1/entra/tenant responded 500 in 110539ms
2026-06-04 20:49:10.386 +05:30 [INF] IDX10239: Lifetime of the token is valid.
2026-06-04 20:49:10.396 +05:30 [INF] Start processing HTTP request GET https://graph.microsoft.com/v1.0/organization
2026-06-04 20:49:10.352 +05:30 [INF] IDX10245: Creating claims identity from the validated token: '[PII of type 'Microsoft.IdentityModel.JsonWebTokens.JsonWebToken' is hidden. For more details, see https://aka.ms/IdentityModel/PII.]'.
2026-06-04 20:49:10.372 +05:30 [INF] IDX10234: Audience Validated.Audience: 'api://f0ee212a-b836-4f5c-aafe-bee4b0ebfcfb'
2026-06-04 20:49:10.969 +05:30 [INF] IDX10234: Audience Validated.Audience: 'api://f0ee212a-b836-4f5c-aafe-bee4b0ebfcfb'
2026-06-04 20:49:10.984 +05:30 [INF] Sending HTTP request GET https://graph.microsoft.com/v1.0/organization
2026-06-04 20:49:10.941 +05:30 [WRN] Slow request: GET /api/v1/entra/tenant responded 500 in 2163ms
2026-06-04 20:49:11.221 +05:30 [INF] IDX10245: Creating claims identity from the validated token: '[PII of type 'Microsoft.IdentityModel.JsonWebTokens.JsonWebToken' is hidden. For more details, see https://aka.ms/IdentityModel/PII.]'.
2026-06-04 20:49:11.223 +05:30 [WRN] Slow request: GET /api/v1/entra/tenant responded 500 in 2390ms
2026-06-04 20:49:11.231 +05:30 [INF] IDX10245: Creating claims identity from the validated token: '[PII of type 'Microsoft.IdentityModel.JsonWebTokens.JsonWebToken' is hidden. For more details, see https://aka.ms/IdentityModel/PII.]'.
2026-06-04 20:49:11.297 +05:30 [WRN] Slow request: GET /hubs/sigma responded 101 in 2464ms
2026-06-04 20:49:11.570 +05:30 [INF] Received HTTP response headers after 322.9427ms - 200
2026-06-04 20:49:11.590 +05:30 [INF] End processing HTTP request after 1193.5957ms - 200
2026-06-04 20:49:11.627 +05:30 [INF] Start processing HTTP request GET https://graph.microsoft.com/v1.0/users?*
2026-06-04 20:49:11.643 +05:30 [INF] Sending HTTP request GET https://graph.microsoft.com/v1.0/users?*
2026-06-04 20:49:11.663 +05:30 [INF] Start processing HTTP request GET https://graph.microsoft.com/v1.0/groups?*
2026-06-04 20:49:11.679 +05:30 [INF] Sending HTTP request GET https://graph.microsoft.com/v1.0/groups?*
2026-06-04 20:49:11.694 +05:30 [INF] Start processing HTTP request GET https://graph.microsoft.com/v1.0/applications?*
2026-06-04 20:49:11.714 +05:30 [INF] Sending HTTP request GET https://graph.microsoft.com/v1.0/applications?*
2026-06-04 20:49:11.730 +05:30 [INF] Start processing HTTP request GET https://graph.microsoft.com/v1.0/servicePrincipals?*
2026-06-04 20:49:11.750 +05:30 [INF] Sending HTTP request GET https://graph.microsoft.com/v1.0/servicePrincipals?*
2026-06-04 20:49:11.765 +05:30 [INF] Start processing HTTP request GET https://graph.microsoft.com/v1.0/devices?*
2026-06-04 20:49:11.780 +05:30 [INF] Sending HTTP request GET https://graph.microsoft.com/v1.0/devices?*
2026-06-04 20:49:11.796 +05:30 [INF] Start processing HTTP request GET https://graph.microsoft.com/v1.0/subscribedSkus
2026-06-04 20:49:11.812 +05:30 [INF] Sending HTTP request GET https://graph.microsoft.com/v1.0/subscribedSkus
2026-06-04 20:49:11.963 +05:30 [INF] Received HTTP response headers after 303.6016ms - 200
2026-06-04 20:49:11.981 +05:30 [INF] End processing HTTP request after 353.622ms - 200
2026-06-04 20:49:11.988 +05:30 [INF] Received HTTP response headers after 294.7879ms - 200
2026-06-04 20:49:12.019 +05:30 [INF] End processing HTTP request after 356.3873ms - 200
2026-06-04 20:49:12.026 +05:30 [INF] Received HTTP response headers after 231.5648ms - 200
2026-06-04 20:49:12.054 +05:30 [INF] End processing HTTP request after 289.1644ms - 200
2026-06-04 20:49:12.062 +05:30 [INF] Received HTTP response headers after 333.5565ms - 200
2026-06-04 20:49:12.096 +05:30 [INF] Received HTTP response headers after 331.046ms - 200
2026-06-04 20:49:12.097 +05:30 [INF] End processing HTTP request after 403.0555ms - 200
2026-06-04 20:49:12.147 +05:30 [INF] Received HTTP response headers after 319.9109ms - 200
2026-06-04 20:49:12.184 +05:30 [INF] End processing HTTP request after 454.316ms - 200
2026-06-04 20:49:12.220 +05:30 [INF] End processing HTTP request after 424.2486ms - 200
2026-06-04 20:49:12.303 +05:30 [WRN] Slow request: GET /api/v1/entra/tenant responded 200 in 3465ms
2026-06-04 20:49:20.159 +05:30 [INF] IDX10242: Security token: '[PII of type 'Microsoft.IdentityModel.JsonWebTokens.JsonWebToken' is hidden. For more details, see https://aka.ms/IdentityModel/PII.]' has a valid signature.
2026-06-04 20:49:20.177 +05:30 [INF] IDX10239: Lifetime of the token is valid.
2026-06-04 20:49:20.193 +05:30 [INF] IDX10234: Audience Validated.Audience: 'api://f0ee212a-b836-4f5c-aafe-bee4b0ebfcfb'
2026-06-04 20:49:20.231 +05:30 [INF] IDX10245: Creating claims identity from the validated token: '[PII of type 'Microsoft.IdentityModel.JsonWebTokens.JsonWebToken' is hidden. For more details, see https://aka.ms/IdentityModel/PII.]'.
2026-06-04 20:49:20.523 +05:30 [INF] Start processing HTTP request GET https://graph.microsoft.com/v1.0/users?*
2026-06-04 20:49:20.543 +05:30 [INF] Sending HTTP request GET https://graph.microsoft.com/v1.0/users?*
2026-06-04 20:49:20.813 +05:30 [INF] Received HTTP response headers after 146.4673ms - 200
2026-06-04 20:49:20.851 +05:30 [INF] End processing HTTP request after 328.2899ms - 200
2026-06-04 20:49:21.332 +05:30 [INF] Request: GET /api/v1/entra/users responded 200 in 1178ms
2026-06-04 20:49:23.743 +05:30 [INF] IDX10242: Security token: '[PII of type 'Microsoft.IdentityModel.JsonWebTokens.JsonWebToken' is hidden. For more details, see https://aka.ms/IdentityModel/PII.]' has a valid signature.
2026-06-04 20:49:23.845 +05:30 [INF] IDX10239: Lifetime of the token is valid.
2026-06-04 20:49:23.857 +05:30 [INF] IDX10234: Audience Validated.Audience: 'api://f0ee212a-b836-4f5c-aafe-bee4b0ebfcfb'
2026-06-04 20:49:23.871 +05:30 [INF] IDX10245: Creating claims identity from the validated token: '[PII of type 'Microsoft.IdentityModel.JsonWebTokens.JsonWebToken' is hidden. For more details, see https://aka.ms/IdentityModel/PII.]'.
2026-06-04 20:49:23.885 +05:30 [INF] [Governance] Fetching applications from Graph...
2026-06-04 20:49:23.897 +05:30 [INF] Start processing HTTP request GET https://graph.microsoft.com/v1.0/applications?*
2026-06-04 20:49:23.920 +05:30 [INF] Sending HTTP request GET https://graph.microsoft.com/v1.0/applications?*
2026-06-04 20:49:24.141 +05:30 [INF] Received HTTP response headers after 198.4213ms - 200
2026-06-04 20:49:24.164 +05:30 [INF] End processing HTTP request after 267.7934ms - 200
2026-06-04 20:49:24.208 +05:30 [INF] Start processing HTTP request POST https://graph.microsoft.com/v1.0/$batch
2026-06-04 20:49:24.230 +05:30 [INF] Sending HTTP request POST https://graph.microsoft.com/v1.0/$batch
2026-06-04 20:49:24.368 +05:30 [INF] Received HTTP response headers after 110.1418ms - 200
2026-06-04 20:49:24.396 +05:30 [INF] End processing HTTP request after 187.827ms - 200
2026-06-04 20:49:24.621 +05:30 [WRN] Failed to batch-fetch owner counts for applications
System.Text.Json.JsonException: The JSON value could not be converted to System.String. Path: $.responses[0].body | LineNumber: 0 | BytePositionInLine: 144.
 ---> System.InvalidOperationException: Cannot get the value of a token type 'StartObject' as a string.
   at System.Text.Json.ThrowHelper.ThrowInvalidOperationException_ExpectedString(JsonTokenType tokenType)
   at System.Text.Json.Utf8JsonReader.GetString()
   at System.Text.Json.Serialization.Metadata.JsonPropertyInfo`1.ReadJsonAndSetMember(Object obj, ReadStack& state, Utf8JsonReader& reader)
   at System.Text.Json.Serialization.Converters.ObjectDefaultConverter`1.OnTryRead(Utf8JsonReader& reader, Type typeToConvert, JsonSerializerOptions options, ReadStack& state, T& value)
   at System.Text.Json.Serialization.JsonCollectionConverter`2.OnTryRead(Utf8JsonReader& reader, Type typeToConvert, JsonSerializerOptions options, ReadStack& state, TCollection& value)
   at System.Text.Json.Serialization.JsonConverter`1.TryRead(Utf8JsonReader& reader, Type typeToConvert, JsonSerializerOptions options, ReadStack& state, T& value, Boolean& isPopulatedValue)
   at System.Text.Json.Serialization.Metadata.JsonPropertyInfo`1.ReadJsonAndSetMember(Object obj, ReadStack& state, Utf8JsonReader& reader)
   at System.Text.Json.Serialization.Converters.ObjectDefaultConverter`1.OnTryRead(Utf8JsonReader& reader, Type typeToConvert, JsonSerializerOptions options, ReadStack& state, T& value)
   at System.Text.Json.Serialization.JsonConverter`1.TryRead(Utf8JsonReader& reader, Type typeToConvert, JsonSerializerOptions options, ReadStack& state, T& value, Boolean& isPopulatedValue)
   at System.Text.Json.Serialization.JsonConverter`1.ReadCore(Utf8JsonReader& reader, T& value, JsonSerializerOptions options, ReadStack& state)
   --- End of inner exception stack trace ---
   at System.Text.Json.ThrowHelper.ReThrowWithPath(ReadStack& state, Utf8JsonReader& reader, Exception ex)
   at System.Text.Json.Serialization.JsonConverter`1.ReadCore(Utf8JsonReader& reader, T& value, JsonSerializerOptions options, ReadStack& state)
   at System.Text.Json.Serialization.Metadata.JsonTypeInfo`1.ContinueDeserialize[TReadBufferState,TStream](TReadBufferState& bufferState, JsonReaderState& jsonReaderState, ReadStack& readStack, T& value)
   at System.Text.Json.Serialization.Metadata.JsonTypeInfo`1.DeserializeAsync[TReadBufferState,TStream](TStream utf8Json, TReadBufferState bufferState, CancellationToken cancellationToken)
   at System.Net.Http.Json.HttpContentJsonExtensions.ReadFromJsonAsyncCore[T](HttpContent content, JsonSerializerOptions options, CancellationToken cancellationToken)
   at SIGMA.Infrastructure.Graph.GraphClientService.BatchGetApplicationOwnerCountsAsync(List`1 appIds, CancellationToken ct) in D:\SIGMA Project\SIGMA-Beta\SIGMA\src\SIGMA.Infrastructure\Graph\GraphClientService.cs:line 549
2026-06-04 20:49:24.657 +05:30 [INF] Start processing HTTP request POST https://graph.microsoft.com/v1.0/$batch
2026-06-04 20:49:24.675 +05:30 [INF] Sending HTTP request POST https://graph.microsoft.com/v1.0/$batch
2026-06-04 20:49:24.803 +05:30 [INF] Received HTTP response headers after 109.8077ms - 200
2026-06-04 20:49:24.824 +05:30 [INF] End processing HTTP request after 166.8571ms - 200
2026-06-04 20:49:25.228 +05:30 [WRN] Failed to batch-fetch owner counts for applications
System.Text.Json.JsonException: The JSON value could not be converted to System.String. Path: $.responses[0].body | LineNumber: 0 | BytePositionInLine: 144.
 ---> System.InvalidOperationException: Cannot get the value of a token type 'StartObject' as a string.
   at System.Text.Json.ThrowHelper.ThrowInvalidOperationException_ExpectedString(JsonTokenType tokenType)
   at System.Text.Json.Utf8JsonReader.GetString()
   at System.Text.Json.Serialization.Metadata.JsonPropertyInfo`1.ReadJsonAndSetMember(Object obj, ReadStack& state, Utf8JsonReader& reader)
   at System.Text.Json.Serialization.Converters.ObjectDefaultConverter`1.OnTryRead(Utf8JsonReader& reader, Type typeToConvert, JsonSerializerOptions options, ReadStack& state, T& value)
   at System.Text.Json.Serialization.JsonCollectionConverter`2.OnTryRead(Utf8JsonReader& reader, Type typeToConvert, JsonSerializerOptions options, ReadStack& state, TCollection& value)
   at System.Text.Json.Serialization.JsonConverter`1.TryRead(Utf8JsonReader& reader, Type typeToConvert, JsonSerializerOptions options, ReadStack& state, T& value, Boolean& isPopulatedValue)
   at System.Text.Json.Serialization.Metadata.JsonPropertyInfo`1.ReadJsonAndSetMember(Object obj, ReadStack& state, Utf8JsonReader& reader)
   at System.Text.Json.Serialization.Converters.ObjectDefaultConverter`1.OnTryRead(Utf8JsonReader& reader, Type typeToConvert, JsonSerializerOptions options, ReadStack& state, T& value)
   at System.Text.Json.Serialization.JsonConverter`1.TryRead(Utf8JsonReader& reader, Type typeToConvert, JsonSerializerOptions options, ReadStack& state, T& value, Boolean& isPopulatedValue)
   at System.Text.Json.Serialization.JsonConverter`1.ReadCore(Utf8JsonReader& reader, T& value, JsonSerializerOptions options, ReadStack& state)
   --- End of inner exception stack trace ---
   at System.Text.Json.ThrowHelper.ReThrowWithPath(ReadStack& state, Utf8JsonReader& reader, Exception ex)
   at System.Text.Json.Serialization.JsonConverter`1.ReadCore(Utf8JsonReader& reader, T& value, JsonSerializerOptions options, ReadStack& state)
   at System.Text.Json.Serialization.Metadata.JsonTypeInfo`1.ContinueDeserialize[TReadBufferState,TStream](TReadBufferState& bufferState, JsonReaderState& jsonReaderState, ReadStack& readStack, T& value)
   at System.Text.Json.Serialization.Metadata.JsonTypeInfo`1.DeserializeAsync[TReadBufferState,TStream](TStream utf8Json, TReadBufferState bufferState, CancellationToken cancellationToken)
   at System.Net.Http.Json.HttpContentJsonExtensions.ReadFromJsonAsyncCore[T](HttpContent content, JsonSerializerOptions options, CancellationToken cancellationToken)
   at SIGMA.Infrastructure.Graph.GraphClientService.BatchGetApplicationOwnerCountsAsync(List`1 appIds, CancellationToken ct) in D:\SIGMA Project\SIGMA-Beta\SIGMA\src\SIGMA.Infrastructure\Graph\GraphClientService.cs:line 549
2026-06-04 20:49:25.262 +05:30 [INF] [Governance] Applications result: IsSuccess=true, Error=null
2026-06-04 20:49:25.273 +05:30 [INF] [Governance] Processing 35 applications...
2026-06-04 20:49:25.306 +05:30 [INF] Start processing HTTP request GET https://graph.microsoft.com/v1.0/applications/0bbdd90f-39c8-4fa3-9b4b-1b2df842c658?*
2026-06-04 20:49:25.325 +05:30 [INF] Sending HTTP request GET https://graph.microsoft.com/v1.0/applications/0bbdd90f-39c8-4fa3-9b4b-1b2df842c658?*
2026-06-04 20:49:25.353 +05:30 [INF] Start processing HTTP request GET https://graph.microsoft.com/v1.0/applications/16390064-665b-46a7-bf00-af9438733c68?*
2026-06-04 20:49:25.373 +05:30 [INF] Sending HTTP request GET https://graph.microsoft.com/v1.0/applications/16390064-665b-46a7-bf00-af9438733c68?*
2026-06-04 20:49:25.393 +05:30 [INF] Start processing HTTP request GET https://graph.microsoft.com/v1.0/applications/168fff38-fb94-4f20-a935-4a12865d277e?*
2026-06-04 20:49:25.410 +05:30 [INF] Sending HTTP request GET https://graph.microsoft.com/v1.0/applications/168fff38-fb94-4f20-a935-4a12865d277e?*
2026-06-04 20:49:25.428 +05:30 [INF] Start processing HTTP request GET https://graph.microsoft.com/v1.0/applications/18683323-1182-42dc-83a1-1679ef2d8ccb?*
2026-06-04 20:49:25.451 +05:30 [INF] Sending HTTP request GET https://graph.microsoft.com/v1.0/applications/18683323-1182-42dc-83a1-1679ef2d8ccb?*
2026-06-04 20:49:25.465 +05:30 [INF] Received HTTP response headers after 119.8699ms - 200
2026-06-04 20:49:25.472 +05:30 [INF] Start processing HTTP request GET https://graph.microsoft.com/v1.0/applications/1dc3420c-79ee-42ad-821e-832881d1359b?*
2026-06-04 20:49:25.492 +05:30 [INF] End processing HTTP request after 186.3608ms - 200
2026-06-04 20:49:25.509 +05:30 [INF] Sending HTTP request GET https://graph.microsoft.com/v1.0/applications/1dc3420c-79ee-42ad-821e-832881d1359b?*
2026-06-04 20:49:25.539 +05:30 [INF] Received HTTP response headers after 111.9075ms - 200
2026-06-04 20:49:25.549 +05:30 [INF] Start processing HTTP request GET https://graph.microsoft.com/v1.0/applications/211fcada-7373-4adb-91cc-0b7fca809a3c?*
2026-06-04 20:49:25.567 +05:30 [INF] End processing HTTP request after 174.6887ms - 200
2026-06-04 20:49:25.582 +05:30 [INF] Received HTTP response headers after 189.812ms - 200
2026-06-04 20:49:25.585 +05:30 [INF] Sending HTTP request GET https://graph.microsoft.com/v1.0/applications/211fcada-7373-4adb-91cc-0b7fca809a3c?*
2026-06-04 20:49:25.627 +05:30 [INF] End processing HTTP request after 273.7945ms - 200
2026-06-04 20:49:25.649 +05:30 [INF] Start processing HTTP request GET https://graph.microsoft.com/v1.0/applications/41357df4-0eb4-4cad-830f-c67c331165af?*
2026-06-04 20:49:25.661 +05:30 [INF] Received HTTP response headers after 189.555ms - 200
2026-06-04 20:49:25.684 +05:30 [INF] Sending HTTP request GET https://graph.microsoft.com/v1.0/applications/41357df4-0eb4-4cad-830f-c67c331165af?*
2026-06-04 20:49:25.703 +05:30 [INF] End processing HTTP request after 275.3699ms - 200
2026-06-04 20:49:25.721 +05:30 [INF] Start processing HTTP request GET https://graph.microsoft.com/v1.0/applications/426fdc27-92f9-4ff5-a261-5140585db6db?*
2026-06-04 20:49:25.735 +05:30 [INF] Received HTTP response headers after 188.1872ms - 200
2026-06-04 20:49:25.757 +05:30 [INF] Sending HTTP request GET https://graph.microsoft.com/v1.0/applications/426fdc27-92f9-4ff5-a261-5140585db6db?*
2026-06-04 20:49:25.764 +05:30 [INF] Received HTTP response headers after 118.9617ms - 200
2026-06-04 20:49:25.777 +05:30 [INF] End processing HTTP request after 304.5465ms - 200
2026-06-04 20:49:25.795 +05:30 [INF] Start processing HTTP request GET https://graph.microsoft.com/v1.0/applications/457436a9-f6b9-491a-b540-34243534784f?*
2026-06-04 20:49:25.816 +05:30 [INF] End processing HTTP request after 266.8895ms - 200
2026-06-04 20:49:25.853 +05:30 [INF] Sending HTTP request GET https://graph.microsoft.com/v1.0/applications/457436a9-f6b9-491a-b540-34243534784f?*
2026-06-04 20:49:25.892 +05:30 [INF] Start processing HTTP request GET https://graph.microsoft.com/v1.0/applications/49e2112b-0e2d-4381-b22e-38ca924f0134?*
2026-06-04 20:49:25.910 +05:30 [INF] Sending HTTP request GET https://graph.microsoft.com/v1.0/applications/49e2112b-0e2d-4381-b22e-38ca924f0134?*
2026-06-04 20:49:25.916 +05:30 [INF] Received HTTP response headers after 195.7913ms - 200
2026-06-04 20:49:25.930 +05:30 [INF] Start processing HTTP request GET https://graph.microsoft.com/v1.0/applications/49e94653-ce8e-473e-9ac7-8da94b59064b?*
2026-06-04 20:49:25.955 +05:30 [INF] End processing HTTP request after 305.7957ms - 200
2026-06-04 20:49:25.976 +05:30 [INF] Sending HTTP request GET https://graph.microsoft.com/v1.0/applications/49e94653-ce8e-473e-9ac7-8da94b59064b?*
2026-06-04 20:49:25.983 +05:30 [INF] Received HTTP response headers after 189.4055ms - 200
2026-06-04 20:49:26.016 +05:30 [INF] Start processing HTTP request GET https://graph.microsoft.com/v1.0/applications/4d6e78f8-1d50-4982-ad74-f739af798409?*
2026-06-04 20:49:26.039 +05:30 [INF] End processing HTTP request after 317.8922ms - 200
2026-06-04 20:49:26.059 +05:30 [INF] Sending HTTP request GET https://graph.microsoft.com/v1.0/applications/4d6e78f8-1d50-4982-ad74-f739af798409?*
2026-06-04 20:49:26.074 +05:30 [INF] Received HTTP response headers after 183.1561ms - 200
2026-06-04 20:49:26.099 +05:30 [INF] Start processing HTTP request GET https://graph.microsoft.com/v1.0/applications/515206c9-45b1-47c8-990d-9eb4c90f1bc9?*
2026-06-04 20:49:26.117 +05:30 [INF] Received HTTP response headers after 188.6159ms - 200
2026-06-04 20:49:26.119 +05:30 [INF] End processing HTTP request after 323.9518ms - 200
2026-06-04 20:49:26.137 +05:30 [INF] Sending HTTP request GET https://graph.microsoft.com/v1.0/applications/515206c9-45b1-47c8-990d-9eb4c90f1bc9?*
2026-06-04 20:49:26.158 +05:30 [INF] End processing HTTP request after 266.1893ms - 200
2026-06-04 20:49:26.187 +05:30 [INF] Received HTTP response headers after 172.2634ms - 200
2026-06-04 20:49:26.204 +05:30 [INF] Start processing HTTP request GET https://graph.microsoft.com/v1.0/applications/604d3cea-cc9f-4cec-9767-7b0268a162a6?*
2026-06-04 20:49:26.265 +05:30 [INF] Sending HTTP request GET https://graph.microsoft.com/v1.0/applications/604d3cea-cc9f-4cec-9767-7b0268a162a6?*
2026-06-04 20:49:26.244 +05:30 [INF] End processing HTTP request after 313.8615ms - 200
2026-06-04 20:49:26.274 +05:30 [INF] Received HTTP response headers after 176.1314ms - 200
2026-06-04 20:49:26.285 +05:30 [INF] Start processing HTTP request GET https://graph.microsoft.com/v1.0/applications/68c03ecd-864b-4489-bde4-23da2d863cc9?*
2026-06-04 20:49:26.325 +05:30 [INF] End processing HTTP request after 308.8708ms - 200
2026-06-04 20:49:26.344 +05:30 [INF] Sending HTTP request GET https://graph.microsoft.com/v1.0/applications/68c03ecd-864b-4489-bde4-23da2d863cc9?*
2026-06-04 20:49:26.386 +05:30 [INF] Start processing HTTP request GET https://graph.microsoft.com/v1.0/applications/742fd072-6b6c-4230-8cf1-6972d7300ad5?*
2026-06-04 20:49:26.403 +05:30 [INF] Sending HTTP request GET https://graph.microsoft.com/v1.0/applications/742fd072-6b6c-4230-8cf1-6972d7300ad5?*
2026-06-04 20:49:26.421 +05:30 [INF] Start processing HTTP request GET https://graph.microsoft.com/v1.0/applications/76127915-56b3-483b-9d5b-c9f79c5637ff?*
2026-06-04 20:49:26.432 +05:30 [INF] Received HTTP response headers after 228.513ms - 200
2026-06-04 20:49:26.440 +05:30 [INF] Sending HTTP request GET https://graph.microsoft.com/v1.0/applications/76127915-56b3-483b-9d5b-c9f79c5637ff?*
2026-06-04 20:49:26.454 +05:30 [INF] Received HTTP response headers after 170.55ms - 200
2026-06-04 20:49:26.460 +05:30 [INF] End processing HTTP request after 361.4789ms - 200
2026-06-04 20:49:26.487 +05:30 [INF] Start processing HTTP request GET https://graph.microsoft.com/v1.0/applications/76521842-1af8-4caf-b658-cc8189f05f86?*
2026-06-04 20:49:26.505 +05:30 [INF] End processing HTTP request after 301.4748ms - 200
2026-06-04 20:49:26.565 +05:30 [INF] Received HTTP response headers after 179.77ms - 200
2026-06-04 20:49:26.542 +05:30 [INF] Sending HTTP request GET https://graph.microsoft.com/v1.0/applications/76521842-1af8-4caf-b658-cc8189f05f86?*
2026-06-04 20:49:26.589 +05:30 [INF] End processing HTTP request after 304.3751ms - 200
2026-06-04 20:49:26.607 +05:30 [INF] Start processing HTTP request GET https://graph.microsoft.com/v1.0/applications/83e59e8b-1583-43c5-aab9-2512ca2aec1d?*
2026-06-04 20:49:26.618 +05:30 [INF] Received HTTP response headers after 197.7254ms - 200
2026-06-04 20:49:26.667 +05:30 [INF] End processing HTTP request after 281.4355ms - 200
2026-06-04 20:49:26.647 +05:30 [INF] Sending HTTP request GET https://graph.microsoft.com/v1.0/applications/83e59e8b-1583-43c5-aab9-2512ca2aec1d?*
2026-06-04 20:49:26.696 +05:30 [INF] Received HTTP response headers after 211.7936ms - 200
2026-06-04 20:49:26.742 +05:30 [INF] Start processing HTTP request GET https://graph.microsoft.com/v1.0/applications/860a6e19-3808-4bd0-81d8-e4ccc8d7d780?*
2026-06-04 20:49:26.763 +05:30 [INF] End processing HTTP request after 342.5065ms - 200
2026-06-04 20:49:26.776 +05:30 [INF] Received HTTP response headers after 169.6082ms - 200
2026-06-04 20:49:26.779 +05:30 [INF] Sending HTTP request GET https://graph.microsoft.com/v1.0/applications/860a6e19-3808-4bd0-81d8-e4ccc8d7d780?*
2026-06-04 20:49:26.818 +05:30 [INF] End processing HTTP request after 330.3834ms - 200
2026-06-04 20:49:26.947 +05:30 [INF] Received HTTP response headers after 206.195ms - 200
2026-06-04 20:49:26.972 +05:30 [INF] End processing HTTP request after 364.9124ms - 200
2026-06-04 20:49:27.019 +05:30 [INF] Received HTTP response headers after 183.8956ms - 200
2026-06-04 20:49:27.050 +05:30 [INF] End processing HTTP request after 307.8268ms - 200
2026-06-04 20:49:27.083 +05:30 [INF] Start processing HTTP request GET https://graph.microsoft.com/v1.0/applications/9c49407c-ffba-46e6-9478-4dc0adb10fb6?*
2026-06-04 20:49:27.106 +05:30 [INF] Sending HTTP request GET https://graph.microsoft.com/v1.0/applications/9c49407c-ffba-46e6-9478-4dc0adb10fb6?*
2026-06-04 20:49:27.125 +05:30 [INF] Start processing HTTP request GET https://graph.microsoft.com/v1.0/applications/b162627b-5d59-45ab-a873-8699ed5c2ad0?*
2026-06-04 20:49:27.145 +05:30 [INF] Sending HTTP request GET https://graph.microsoft.com/v1.0/applications/b162627b-5d59-45ab-a873-8699ed5c2ad0?*
2026-06-04 20:49:27.165 +05:30 [INF] Start processing HTTP request GET https://graph.microsoft.com/v1.0/applications/b26745cd-d8ac-4497-af66-b06ae74a239d?*
2026-06-04 20:49:27.198 +05:30 [INF] Sending HTTP request GET https://graph.microsoft.com/v1.0/applications/b26745cd-d8ac-4497-af66-b06ae74a239d?*
2026-06-04 20:49:27.222 +05:30 [INF] Start processing HTTP request GET https://graph.microsoft.com/v1.0/applications/b78fcfb9-0135-49e3-8a30-3c89f23efd27?*
2026-06-04 20:49:27.242 +05:30 [INF] Sending HTTP request GET https://graph.microsoft.com/v1.0/applications/b78fcfb9-0135-49e3-8a30-3c89f23efd27?*
2026-06-04 20:49:27.265 +05:30 [INF] Start processing HTTP request GET https://graph.microsoft.com/v1.0/applications/bd8e6495-916f-466e-b8ec-6c68b0ca2275?*
2026-06-04 20:49:27.287 +05:30 [INF] Sending HTTP request GET https://graph.microsoft.com/v1.0/applications/bd8e6495-916f-466e-b8ec-6c68b0ca2275?*
2026-06-04 20:49:27.308 +05:30 [INF] Received HTTP response headers after 184.2091ms - 200
2026-06-04 20:49:27.346 +05:30 [INF] Received HTTP response headers after 182.3193ms - 200
2026-06-04 20:49:27.362 +05:30 [INF] Start processing HTTP request GET https://graph.microsoft.com/v1.0/applications/be0929ed-32bf-489d-b7e7-78c410f0eb32?*
2026-06-04 20:49:27.389 +05:30 [INF] End processing HTTP request after 305.5879ms - 200
2026-06-04 20:49:27.392 +05:30 [INF] Received HTTP response headers after 171.9073ms - 200
2026-06-04 20:49:27.408 +05:30 [INF] End processing HTTP request after 282.9686ms - 200
2026-06-04 20:49:27.426 +05:30 [INF] Sending HTTP request GET https://graph.microsoft.com/v1.0/applications/be0929ed-32bf-489d-b7e7-78c410f0eb32?*
2026-06-04 20:49:27.447 +05:30 [INF] Received HTTP response headers after 183.567ms - 200
2026-06-04 20:49:27.466 +05:30 [INF] End processing HTTP request after 301.5169ms - 200
2026-06-04 20:49:27.487 +05:30 [INF] Received HTTP response headers after 127.5512ms - 200
2026-06-04 20:49:27.507 +05:30 [INF] Start processing HTTP request GET https://graph.microsoft.com/v1.0/applications/d8bc9ce0-805e-4f15-abc1-3770664967be?*
2026-06-04 20:49:27.527 +05:30 [INF] End processing HTTP request after 305.8424ms - 200
2026-06-04 20:49:27.568 +05:30 [INF] End processing HTTP request after 302.7558ms - 200
2026-06-04 20:49:27.586 +05:30 [INF] Sending HTTP request GET https://graph.microsoft.com/v1.0/applications/d8bc9ce0-805e-4f15-abc1-3770664967be?*
2026-06-04 20:49:27.648 +05:30 [INF] Start processing HTTP request GET https://graph.microsoft.com/v1.0/applications/e6effa40-f02d-43b5-b176-f05c2bd6f9d8?*
2026-06-04 20:49:27.667 +05:30 [INF] Sending HTTP request GET https://graph.microsoft.com/v1.0/applications/e6effa40-f02d-43b5-b176-f05c2bd6f9d8?*
2026-06-04 20:49:27.684 +05:30 [INF] Received HTTP response headers after 177.9653ms - 200
2026-06-04 20:49:27.686 +05:30 [INF] Start processing HTTP request GET https://graph.microsoft.com/v1.0/applications/e9dd9e09-6245-4451-bbfc-9271397838bd?*
2026-06-04 20:49:27.705 +05:30 [INF] End processing HTTP request after 343.0108ms - 200
2026-06-04 20:49:27.723 +05:30 [INF] Sending HTTP request GET https://graph.microsoft.com/v1.0/applications/e9dd9e09-6245-4451-bbfc-9271397838bd?*
2026-06-04 20:49:27.762 +05:30 [INF] Start processing HTTP request GET https://graph.microsoft.com/v1.0/applications/ec3e1482-03bc-4b54-bbb2-0098dca6c3d2?*
2026-06-04 20:49:27.779 +05:30 [INF] Sending HTTP request GET https://graph.microsoft.com/v1.0/applications/ec3e1482-03bc-4b54-bbb2-0098dca6c3d2?*
2026-06-04 20:49:27.797 +05:30 [INF] Start processing HTTP request GET https://graph.microsoft.com/v1.0/applications/ecf48238-8fe6-442d-ab11-447b07afd79e?*
2026-06-04 20:49:27.814 +05:30 [INF] Sending HTTP request GET https://graph.microsoft.com/v1.0/applications/ecf48238-8fe6-442d-ab11-447b07afd79e?*
2026-06-04 20:49:27.823 +05:30 [INF] Received HTTP response headers after 175.887ms - 200
2026-06-04 20:49:27.833 +05:30 [INF] Start processing HTTP request GET https://graph.microsoft.com/v1.0/applications/ed787c25-faab-4a75-ba66-d96ad1c32f33?*
2026-06-04 20:49:27.852 +05:30 [INF] End processing HTTP request after 345.5772ms - 200
2026-06-04 20:49:27.862 +05:30 [INF] Received HTTP response headers after 176.7015ms - 200
2026-06-04 20:49:27.870 +05:30 [INF] Sending HTTP request GET https://graph.microsoft.com/v1.0/applications/ed787c25-faab-4a75-ba66-d96ad1c32f33?*
2026-06-04 20:49:27.885 +05:30 [INF] Received HTTP response headers after 124.1167ms - 200
2026-06-04 20:49:27.908 +05:30 [INF] End processing HTTP request after 260.0652ms - 200
2026-06-04 20:49:27.928 +05:30 [INF] Start processing HTTP request GET https://graph.microsoft.com/v1.0/applications/f27d50af-8e5d-493b-8503-6cc072e85ee6?*
2026-06-04 20:49:27.946 +05:30 [INF] End processing HTTP request after 260.2024ms - 200
2026-06-04 20:49:27.968 +05:30 [INF] Received HTTP response headers after 171.6389ms - 200
2026-06-04 20:49:27.984 +05:30 [INF] Sending HTTP request GET https://graph.microsoft.com/v1.0/applications/f27d50af-8e5d-493b-8503-6cc072e85ee6?*
2026-06-04 20:49:28.016 +05:30 [INF] Received HTTP response headers after 183.6712ms - 200
2026-06-04 20:49:28.023 +05:30 [INF] End processing HTTP request after 260.8481ms - 200
2026-06-04 20:49:28.041 +05:30 [INF] Start processing HTTP request GET https://graph.microsoft.com/v1.0/applications/f488bdea-975e-4c19-952b-ba57e2cd2b30?*
2026-06-04 20:49:28.060 +05:30 [INF] End processing HTTP request after 263.2207ms - 200
2026-06-04 20:49:28.097 +05:30 [INF] Sending HTTP request GET https://graph.microsoft.com/v1.0/applications/f488bdea-975e-4c19-952b-ba57e2cd2b30?*
2026-06-04 20:49:28.106 +05:30 [INF] Received HTTP response headers after 180.4449ms - 200
2026-06-04 20:49:28.135 +05:30 [INF] Start processing HTTP request GET https://graph.microsoft.com/v1.0/applications/fc6adfe3-0b18-45e2-9299-2b37b672df0e?*
2026-06-04 20:49:28.154 +05:30 [INF] End processing HTTP request after 320.9099ms - 200
2026-06-04 20:49:28.173 +05:30 [INF] Received HTTP response headers after 132.8656ms - 200
2026-06-04 20:49:28.173 +05:30 [INF] Sending HTTP request GET https://graph.microsoft.com/v1.0/applications/fc6adfe3-0b18-45e2-9299-2b37b672df0e?*
2026-06-04 20:49:28.215 +05:30 [INF] End processing HTTP request after 287.2255ms - 200
2026-06-04 20:49:28.312 +05:30 [INF] Received HTTP response headers after 176.959ms - 200
2026-06-04 20:49:28.332 +05:30 [INF] End processing HTTP request after 291.4149ms - 200
2026-06-04 20:49:28.414 +05:30 [INF] Received HTTP response headers after 182.3282ms - 200
2026-06-04 20:49:28.435 +05:30 [INF] End processing HTTP request after 299.5136ms - 200
2026-06-04 20:49:28.456 +05:30 [INF] [Governance] Fetching groups from Graph...
2026-06-04 20:49:28.473 +05:30 [INF] Start processing HTTP request GET https://graph.microsoft.com/v1.0/groups?*
2026-06-04 20:49:28.490 +05:30 [INF] Sending HTTP request GET https://graph.microsoft.com/v1.0/groups?*
2026-06-04 20:49:28.703 +05:30 [INF] Received HTTP response headers after 191.3829ms - 200
2026-06-04 20:49:28.726 +05:30 [INF] End processing HTTP request after 252.899ms - 200
2026-06-04 20:49:29.285 +05:30 [INF] Start processing HTTP request POST https://graph.microsoft.com/v1.0/$batch
2026-06-04 20:49:29.319 +05:30 [INF] Sending HTTP request POST https://graph.microsoft.com/v1.0/$batch
2026-06-04 20:49:29.337 +05:30 [INF] Start processing HTTP request POST https://graph.microsoft.com/v1.0/$batch
2026-06-04 20:49:29.353 +05:30 [INF] Sending HTTP request POST https://graph.microsoft.com/v1.0/$batch
2026-06-04 20:49:29.468 +05:30 [INF] Received HTTP response headers after 133.1526ms - 200
2026-06-04 20:49:29.478 +05:30 [INF] Received HTTP response headers after 106.6189ms - 200
2026-06-04 20:49:29.491 +05:30 [INF] End processing HTTP request after 206.089ms - 200
2026-06-04 20:49:29.511 +05:30 [INF] End processing HTTP request after 174.6853ms - 200
2026-06-04 20:49:29.916 +05:30 [WRN] Failed to batch-fetch owners counts for groups
System.Text.Json.JsonException: The JSON value could not be converted to System.String. Path: $.responses[0].body | LineNumber: 0 | BytePositionInLine: 144.
 ---> System.InvalidOperationException: Cannot get the value of a token type 'StartObject' as a string.
   at System.Text.Json.ThrowHelper.ThrowInvalidOperationException_ExpectedString(JsonTokenType tokenType)
   at System.Text.Json.Utf8JsonReader.GetString()
   at System.Text.Json.Serialization.Metadata.JsonPropertyInfo`1.ReadJsonAndSetMember(Object obj, ReadStack& state, Utf8JsonReader& reader)
   at System.Text.Json.Serialization.Converters.ObjectDefaultConverter`1.OnTryRead(Utf8JsonReader& reader, Type typeToConvert, JsonSerializerOptions options, ReadStack& state, T& value)
   at System.Text.Json.Serialization.JsonCollectionConverter`2.OnTryRead(Utf8JsonReader& reader, Type typeToConvert, JsonSerializerOptions options, ReadStack& state, TCollection& value)
   at System.Text.Json.Serialization.JsonConverter`1.TryRead(Utf8JsonReader& reader, Type typeToConvert, JsonSerializerOptions options, ReadStack& state, T& value, Boolean& isPopulatedValue)
   at System.Text.Json.Serialization.Metadata.JsonPropertyInfo`1.ReadJsonAndSetMember(Object obj, ReadStack& state, Utf8JsonReader& reader)
   at System.Text.Json.Serialization.Converters.ObjectDefaultConverter`1.OnTryRead(Utf8JsonReader& reader, Type typeToConvert, JsonSerializerOptions options, ReadStack& state, T& value)
   at System.Text.Json.Serialization.JsonConverter`1.ReadCore(Utf8JsonReader& reader, T& value, JsonSerializerOptions options, ReadStack& state)
   --- End of inner exception stack trace ---
   at System.Text.Json.ThrowHelper.ReThrowWithPath(ReadStack& state, Utf8JsonReader& reader, Exception ex)
   at System.Text.Json.Serialization.JsonConverter`1.ReadCore(Utf8JsonReader& reader, T& value, JsonSerializerOptions options, ReadStack& state)
   at System.Text.Json.Serialization.Metadata.JsonTypeInfo`1.ContinueDeserialize[TReadBufferState,TStream](TReadBufferState& bufferState, JsonReaderState& jsonReaderState, ReadStack& readStack, T& value)
   at System.Text.Json.Serialization.Metadata.JsonTypeInfo`1.DeserializeAsync[TReadBufferState,TStream](TStream utf8Json, TReadBufferState bufferState, CancellationToken cancellationToken)
   at System.Net.Http.Json.HttpContentJsonExtensions.ReadFromJsonAsyncCore[T](HttpContent content, JsonSerializerOptions options, CancellationToken cancellationToken)
   at SIGMA.Infrastructure.Graph.GraphClientService.BatchGetNavigationCountAsync(List`1 entityIds, String navigation, CancellationToken ct) in D:\SIGMA Project\SIGMA-Beta\SIGMA\src\SIGMA.Infrastructure\Graph\GraphClientService.cs:line 614
2026-06-04 20:49:30.298 +05:30 [WRN] Failed to batch-fetch members counts for groups
System.Text.Json.JsonException: The JSON value could not be converted to System.String. Path: $.responses[0].body | LineNumber: 0 | BytePositionInLine: 144.
 ---> System.InvalidOperationException: Cannot get the value of a token type 'StartObject' as a string.
   at System.Text.Json.ThrowHelper.ThrowInvalidOperationException_ExpectedString(JsonTokenType tokenType)
   at System.Text.Json.Utf8JsonReader.GetString()
   at System.Text.Json.Serialization.Metadata.JsonPropertyInfo`1.ReadJsonAndSetMember(Object obj, ReadStack& state, Utf8JsonReader& reader)
   at System.Text.Json.Serialization.Converters.ObjectDefaultConverter`1.OnTryRead(Utf8JsonReader& reader, Type typeToConvert, JsonSerializerOptions options, ReadStack& state, T& value)
   at System.Text.Json.Serialization.JsonCollectionConverter`2.OnTryRead(Utf8JsonReader& reader, Type typeToConvert, JsonSerializerOptions options, ReadStack& state, TCollection& value)
   at System.Text.Json.Serialization.JsonConverter`1.TryRead(Utf8JsonReader& reader, Type typeToConvert, JsonSerializerOptions options, ReadStack& state, T& value, Boolean& isPopulatedValue)
   at System.Text.Json.Serialization.Metadata.JsonPropertyInfo`1.ReadJsonAndSetMember(Object obj, ReadStack& state, Utf8JsonReader& reader)
   at System.Text.Json.Serialization.Converters.ObjectDefaultConverter`1.OnTryRead(Utf8JsonReader& reader, Type typeToConvert, JsonSerializerOptions options, ReadStack& state, T& value)
   at System.Text.Json.Serialization.JsonConverter`1.ReadCore(Utf8JsonReader& reader, T& value, JsonSerializerOptions options, ReadStack& state)
   --- End of inner exception stack trace ---
   at System.Text.Json.ThrowHelper.ReThrowWithPath(ReadStack& state, Utf8JsonReader& reader, Exception ex)
   at System.Text.Json.Serialization.JsonConverter`1.ReadCore(Utf8JsonReader& reader, T& value, JsonSerializerOptions options, ReadStack& state)
   at System.Text.Json.Serialization.Metadata.JsonTypeInfo`1.ContinueDeserialize[TReadBufferState,TStream](TReadBufferState& bufferState, JsonReaderState& jsonReaderState, ReadStack& readStack, T& value)
   at System.Text.Json.Serialization.Metadata.JsonTypeInfo`1.DeserializeAsync[TReadBufferState,TStream](TStream utf8Json, TReadBufferState bufferState, CancellationToken cancellationToken)
   at System.Net.Http.Json.HttpContentJsonExtensions.ReadFromJsonAsyncCore[T](HttpContent content, JsonSerializerOptions options, CancellationToken cancellationToken)
   at SIGMA.Infrastructure.Graph.GraphClientService.BatchGetNavigationCountAsync(List`1 entityIds, String navigation, CancellationToken ct) in D:\SIGMA Project\SIGMA-Beta\SIGMA\src\SIGMA.Infrastructure\Graph\GraphClientService.cs:line 614
2026-06-04 20:49:30.334 +05:30 [INF] [Governance] Groups result: IsSuccess=true, Count=19
2026-06-04 20:49:30.346 +05:30 [INF] [Governance] Found stale empty group: DnsAdmins (created 650 days ago)
2026-06-04 20:49:30.358 +05:30 [INF] [Governance] Found stale empty group: SeniorAdminTrail (created 645 days ago)
2026-06-04 20:49:30.367 +05:30 [INF] [Governance] Found stale empty group: ADSyncAdmins (created 650 days ago)
2026-06-04 20:49:30.379 +05:30 [INF] [Governance] Found stale empty group: MS_SuperStars (created 652 days ago)
2026-06-04 20:49:30.391 +05:30 [INF] [Governance] Found stale empty group: TestDemo (created 103 days ago)
2026-06-04 20:49:30.401 +05:30 [INF] [Governance] Found stale empty group: TrailMS365 (created 652 days ago)
2026-06-04 20:49:30.414 +05:30 [INF] [Governance] Found stale empty group: UserAdmin (created 640 days ago)
2026-06-04 20:49:30.428 +05:30 [INF] [Governance] Found stale empty group: TestGroup1 (created 640 days ago)
2026-06-04 20:49:30.442 +05:30 [INF] [Governance] Found stale empty group: DemoGroup (created 631 days ago)
2026-06-04 20:49:30.453 +05:30 [INF] [Governance] Found stale empty group: JuniorAdmins (created 644 days ago)
2026-06-04 20:49:30.466 +05:30 [INF] [Governance] Found stale empty group: Retail Trail (created 643 days ago)
2026-06-04 20:49:30.478 +05:30 [INF] [Governance] Found stale empty group: ADSyncBrowse (created 650 days ago)
2026-06-04 20:49:30.491 +05:30 [INF] [Governance] Found stale empty group: HelpDeskAdmin (created 640 days ago)
2026-06-04 20:49:30.503 +05:30 [INF] [Governance] Found stale empty group: SalesAndMarketingTrail (created 644 days ago)
2026-06-04 20:49:30.517 +05:30 [INF] [Governance] Found stale empty group: DnsUpdateProxy (created 650 days ago)
2026-06-04 20:49:30.531 +05:30 [INF] [Governance] Found stale empty group: ADSyncPasswordSet (created 650 days ago)
2026-06-04 20:49:30.544 +05:30 [INF] [Governance] Found stale empty group: ADSyncOperators (created 650 days ago)
2026-06-04 20:49:30.558 +05:30 [INF] [Governance] Found stale empty group: TestGroup2 (created 640 days ago)
2026-06-04 20:49:30.568 +05:30 [INF] [Governance] Fetching users from Graph...
2026-06-04 20:49:30.583 +05:30 [INF] Start processing HTTP request GET https://graph.microsoft.com/v1.0/users?*
2026-06-04 20:49:30.603 +05:30 [INF] Sending HTTP request GET https://graph.microsoft.com/v1.0/users?*
2026-06-04 20:49:30.831 +05:30 [INF] Received HTTP response headers after 204.096ms - 200
2026-06-04 20:49:30.859 +05:30 [INF] End processing HTTP request after 276.4628ms - 200
2026-06-04 20:49:30.892 +05:30 [INF] [Governance] Users result: IsSuccess=true, Count=23
2026-06-04 20:49:30.933 +05:30 [INF] [Governance] Final findings count: 108 (Critical=65, Warning=25, Info=18)
2026-06-04 20:49:31.086 +05:30 [WRN] Slow request: GET /api/v1/governance/findings responded 200 in 7344ms
2026-06-04 20:49:34.655 +05:30 [INF] IDX10242: Security token: '[PII of type 'Microsoft.IdentityModel.JsonWebTokens.JsonWebToken' is hidden. For more details, see https://aka.ms/IdentityModel/PII.]' has a valid signature.
2026-06-04 20:49:34.669 +05:30 [INF] IDX10239: Lifetime of the token is valid.
2026-06-04 20:49:34.679 +05:30 [INF] IDX10234: Audience Validated.Audience: 'api://f0ee212a-b836-4f5c-aafe-bee4b0ebfcfb'
2026-06-04 20:49:34.694 +05:30 [INF] IDX10245: Creating claims identity from the validated token: '[PII of type 'Microsoft.IdentityModel.JsonWebTokens.JsonWebToken' is hidden. For more details, see https://aka.ms/IdentityModel/PII.]'.
2026-06-04 20:49:34.711 +05:30 [INF] [Governance] Fetching applications from Graph...
2026-06-04 20:49:34.724 +05:30 [INF] Start processing HTTP request GET https://graph.microsoft.com/v1.0/applications?*
2026-06-04 20:49:34.745 +05:30 [INF] Sending HTTP request GET https://graph.microsoft.com/v1.0/applications?*
2026-06-04 20:49:35.050 +05:30 [INF] Received HTTP response headers after 281.6127ms - 200
2026-06-04 20:49:35.076 +05:30 [INF] End processing HTTP request after 352.0837ms - 200
2026-06-04 20:49:35.107 +05:30 [INF] Start processing HTTP request POST https://graph.microsoft.com/v1.0/$batch
2026-06-04 20:49:35.126 +05:30 [INF] Sending HTTP request POST https://graph.microsoft.com/v1.0/$batch
2026-06-04 20:49:35.260 +05:30 [INF] Received HTTP response headers after 113.4067ms - 200
2026-06-04 20:49:35.296 +05:30 [INF] End processing HTTP request after 189.7451ms - 200
2026-06-04 20:49:36.077 +05:30 [WRN] Failed to batch-fetch owner counts for applications
System.Text.Json.JsonException: The JSON value could not be converted to System.String. Path: $.responses[0].body | LineNumber: 0 | BytePositionInLine: 144.
 ---> System.InvalidOperationException: Cannot get the value of a token type 'StartObject' as a string.
   at System.Text.Json.ThrowHelper.ThrowInvalidOperationException_ExpectedString(JsonTokenType tokenType)
   at System.Text.Json.Utf8JsonReader.GetString()
   at System.Text.Json.Serialization.Metadata.JsonPropertyInfo`1.ReadJsonAndSetMember(Object obj, ReadStack& state, Utf8JsonReader& reader)
   at System.Text.Json.Serialization.Converters.ObjectDefaultConverter`1.OnTryRead(Utf8JsonReader& reader, Type typeToConvert, JsonSerializerOptions options, ReadStack& state, T& value)
   at System.Text.Json.Serialization.JsonCollectionConverter`2.OnTryRead(Utf8JsonReader& reader, Type typeToConvert, JsonSerializerOptions options, ReadStack& state, TCollection& value)
   at System.Text.Json.Serialization.JsonConverter`1.TryRead(Utf8JsonReader& reader, Type typeToConvert, JsonSerializerOptions options, ReadStack& state, T& value, Boolean& isPopulatedValue)
   at System.Text.Json.Serialization.Metadata.JsonPropertyInfo`1.ReadJsonAndSetMember(Object obj, ReadStack& state, Utf8JsonReader& reader)
   at System.Text.Json.Serialization.Converters.ObjectDefaultConverter`1.OnTryRead(Utf8JsonReader& reader, Type typeToConvert, JsonSerializerOptions options, ReadStack& state, T& value)
   at System.Text.Json.Serialization.JsonConverter`1.ReadCore(Utf8JsonReader& reader, T& value, JsonSerializerOptions options, ReadStack& state)
   --- End of inner exception stack trace ---
   at System.Text.Json.ThrowHelper.ReThrowWithPath(ReadStack& state, Utf8JsonReader& reader, Exception ex)
   at System.Text.Json.Serialization.JsonConverter`1.ReadCore(Utf8JsonReader& reader, T& value, JsonSerializerOptions options, ReadStack& state)
   at System.Text.Json.Serialization.Metadata.JsonTypeInfo`1.ContinueDeserialize[TReadBufferState,TStream](TReadBufferState& bufferState, JsonReaderState& jsonReaderState, ReadStack& readStack, T& value)
   at System.Text.Json.Serialization.Metadata.JsonTypeInfo`1.DeserializeAsync[TReadBufferState,TStream](TStream utf8Json, TReadBufferState bufferState, CancellationToken cancellationToken)
   at System.Net.Http.Json.HttpContentJsonExtensions.ReadFromJsonAsyncCore[T](HttpContent content, JsonSerializerOptions options, CancellationToken cancellationToken)
   at SIGMA.Infrastructure.Graph.GraphClientService.BatchGetApplicationOwnerCountsAsync(List`1 appIds, CancellationToken ct) in D:\SIGMA Project\SIGMA-Beta\SIGMA\src\SIGMA.Infrastructure\Graph\GraphClientService.cs:line 549
2026-06-04 20:49:36.119 +05:30 [INF] Start processing HTTP request POST https://graph.microsoft.com/v1.0/$batch
2026-06-04 20:49:36.139 +05:30 [INF] Sending HTTP request POST https://graph.microsoft.com/v1.0/$batch
2026-06-04 20:49:36.264 +05:30 [INF] Received HTTP response headers after 105.8853ms - 200
2026-06-04 20:49:36.289 +05:30 [INF] End processing HTTP request after 169.8228ms - 200
2026-06-04 20:49:36.481 +05:30 [WRN] Failed to batch-fetch owner counts for applications
System.Text.Json.JsonException: The JSON value could not be converted to System.String. Path: $.responses[0].body | LineNumber: 0 | BytePositionInLine: 144.
 ---> System.InvalidOperationException: Cannot get the value of a token type 'StartObject' as a string.
   at System.Text.Json.ThrowHelper.ThrowInvalidOperationException_ExpectedString(JsonTokenType tokenType)
   at System.Text.Json.Utf8JsonReader.GetString()
   at System.Text.Json.Serialization.Metadata.JsonPropertyInfo`1.ReadJsonAndSetMember(Object obj, ReadStack& state, Utf8JsonReader& reader)
   at System.Text.Json.Serialization.Converters.ObjectDefaultConverter`1.OnTryRead(Utf8JsonReader& reader, Type typeToConvert, JsonSerializerOptions options, ReadStack& state, T& value)
   at System.Text.Json.Serialization.JsonCollectionConverter`2.OnTryRead(Utf8JsonReader& reader, Type typeToConvert, JsonSerializerOptions options, ReadStack& state, TCollection& value)
   at System.Text.Json.Serialization.JsonConverter`1.TryRead(Utf8JsonReader& reader, Type typeToConvert, JsonSerializerOptions options, ReadStack& state, T& value, Boolean& isPopulatedValue)
   at System.Text.Json.Serialization.Metadata.JsonPropertyInfo`1.ReadJsonAndSetMember(Object obj, ReadStack& state, Utf8JsonReader& reader)
   at System.Text.Json.Serialization.Converters.ObjectDefaultConverter`1.OnTryRead(Utf8JsonReader& reader, Type typeToConvert, JsonSerializerOptions options, ReadStack& state, T& value)
   at System.Text.Json.Serialization.JsonConverter`1.ReadCore(Utf8JsonReader& reader, T& value, JsonSerializerOptions options, ReadStack& state)
   --- End of inner exception stack trace ---
   at System.Text.Json.ThrowHelper.ReThrowWithPath(ReadStack& state, Utf8JsonReader& reader, Exception ex)
   at System.Text.Json.Serialization.JsonConverter`1.ReadCore(Utf8JsonReader& reader, T& value, JsonSerializerOptions options, ReadStack& state)
   at System.Text.Json.Serialization.Metadata.JsonTypeInfo`1.ContinueDeserialize[TReadBufferState,TStream](TReadBufferState& bufferState, JsonReaderState& jsonReaderState, ReadStack& readStack, T& value)
   at System.Text.Json.Serialization.Metadata.JsonTypeInfo`1.DeserializeAsync[TReadBufferState,TStream](TStream utf8Json, TReadBufferState bufferState, CancellationToken cancellationToken)
   at System.Net.Http.Json.HttpContentJsonExtensions.ReadFromJsonAsyncCore[T](HttpContent content, JsonSerializerOptions options, CancellationToken cancellationToken)
   at SIGMA.Infrastructure.Graph.GraphClientService.BatchGetApplicationOwnerCountsAsync(List`1 appIds, CancellationToken ct) in D:\SIGMA Project\SIGMA-Beta\SIGMA\src\SIGMA.Infrastructure\Graph\GraphClientService.cs:line 549
2026-06-04 20:49:36.519 +05:30 [INF] [Governance] Applications result: IsSuccess=true, Error=null
2026-06-04 20:49:36.530 +05:30 [INF] [Governance] Processing 35 applications...
2026-06-04 20:49:36.543 +05:30 [INF] Start processing HTTP request GET https://graph.microsoft.com/v1.0/applications/0bbdd90f-39c8-4fa3-9b4b-1b2df842c658?*
2026-06-04 20:49:36.564 +05:30 [INF] Sending HTTP request GET https://graph.microsoft.com/v1.0/applications/0bbdd90f-39c8-4fa3-9b4b-1b2df842c658?*
2026-06-04 20:49:36.586 +05:30 [INF] Start processing HTTP request GET https://graph.microsoft.com/v1.0/applications/16390064-665b-46a7-bf00-af9438733c68?*
2026-06-04 20:49:36.607 +05:30 [INF] Sending HTTP request GET https://graph.microsoft.com/v1.0/applications/16390064-665b-46a7-bf00-af9438733c68?*
2026-06-04 20:49:36.631 +05:30 [INF] Start processing HTTP request GET https://graph.microsoft.com/v1.0/applications/168fff38-fb94-4f20-a935-4a12865d277e?*
2026-06-04 20:49:36.654 +05:30 [INF] Sending HTTP request GET https://graph.microsoft.com/v1.0/applications/168fff38-fb94-4f20-a935-4a12865d277e?*
2026-06-04 20:49:36.678 +05:30 [INF] Start processing HTTP request GET https://graph.microsoft.com/v1.0/applications/18683323-1182-42dc-83a1-1679ef2d8ccb?*
2026-06-04 20:49:36.703 +05:30 [INF] Sending HTTP request GET https://graph.microsoft.com/v1.0/applications/18683323-1182-42dc-83a1-1679ef2d8ccb?*
2026-06-04 20:49:36.726 +05:30 [INF] Start processing HTTP request GET https://graph.microsoft.com/v1.0/applications/1dc3420c-79ee-42ad-821e-832881d1359b?*
2026-06-04 20:49:36.759 +05:30 [INF] Sending HTTP request GET https://graph.microsoft.com/v1.0/applications/1dc3420c-79ee-42ad-821e-832881d1359b?*
2026-06-04 20:49:36.774 +05:30 [INF] Received HTTP response headers after 188.9995ms - 200
2026-06-04 20:49:36.813 +05:30 [INF] End processing HTTP request after 270.3787ms - 200
2026-06-04 20:49:36.789 +05:30 [INF] Start processing HTTP request GET https://graph.microsoft.com/v1.0/applications/211fcada-7373-4adb-91cc-0b7fca809a3c?*
2026-06-04 20:49:36.821 +05:30 [INF] Received HTTP response headers after 190.7546ms - 200
2026-06-04 20:49:36.856 +05:30 [INF] Sending HTTP request GET https://graph.microsoft.com/v1.0/applications/211fcada-7373-4adb-91cc-0b7fca809a3c?*
2026-06-04 20:49:36.871 +05:30 [INF] Received HTTP response headers after 194.353ms - 200
2026-06-04 20:49:36.937 +05:30 [INF] End processing HTTP request after 306.4573ms - 200
2026-06-04 20:49:36.899 +05:30 [INF] Received HTTP response headers after 173.5325ms - 200
2026-06-04 20:49:36.904 +05:30 [INF] Start processing HTTP request GET https://graph.microsoft.com/v1.0/applications/41357df4-0eb4-4cad-830f-c67c331165af?*
2026-06-04 20:49:36.880 +05:30 [INF] End processing HTTP request after 294.1908ms - 200
2026-06-04 20:49:36.965 +05:30 [INF] Received HTTP response headers after 177.3064ms - 200
2026-06-04 20:49:36.986 +05:30 [INF] End processing HTTP request after 308.796ms - 200
2026-06-04 20:49:37.005 +05:30 [INF] Sending HTTP request GET https://graph.microsoft.com/v1.0/applications/41357df4-0eb4-4cad-830f-c67c331165af?*
2026-06-04 20:49:37.017 +05:30 [INF] Received HTTP response headers after 114.8666ms - 200
2026-06-04 20:49:37.054 +05:30 [INF] End processing HTTP request after 328.2502ms - 200
2026-06-04 20:49:37.100 +05:30 [INF] Start processing HTTP request GET https://graph.microsoft.com/v1.0/applications/426fdc27-92f9-4ff5-a261-5140585db6db?*
2026-06-04 20:49:37.121 +05:30 [INF] End processing HTTP request after 332.9245ms - 200
2026-06-04 20:49:37.165 +05:30 [INF] Sending HTTP request GET https://graph.microsoft.com/v1.0/applications/426fdc27-92f9-4ff5-a261-5140585db6db?*
2026-06-04 20:49:37.208 +05:30 [INF] Start processing HTTP request GET https://graph.microsoft.com/v1.0/applications/457436a9-f6b9-491a-b540-34243534784f?*
2026-06-04 20:49:37.233 +05:30 [INF] Sending HTTP request GET https://graph.microsoft.com/v1.0/applications/457436a9-f6b9-491a-b540-34243534784f?*
2026-06-04 20:49:37.255 +05:30 [INF] Start processing HTTP request GET https://graph.microsoft.com/v1.0/applications/49e2112b-0e2d-4381-b22e-38ca924f0134?*
2026-06-04 20:49:37.268 +05:30 [INF] Received HTTP response headers after 169.2842ms - 200
2026-06-04 20:49:37.276 +05:30 [INF] Sending HTTP request GET https://graph.microsoft.com/v1.0/applications/49e2112b-0e2d-4381-b22e-38ca924f0134?*
2026-06-04 20:49:37.305 +05:30 [INF] End processing HTTP request after 401.8466ms - 200
2026-06-04 20:49:37.337 +05:30 [INF] Start processing HTTP request GET https://graph.microsoft.com/v1.0/applications/49e94653-ce8e-473e-9ac7-8da94b59064b?*
2026-06-04 20:49:37.380 +05:30 [INF] Sending HTTP request GET https://graph.microsoft.com/v1.0/applications/49e94653-ce8e-473e-9ac7-8da94b59064b?*
2026-06-04 20:49:37.401 +05:30 [INF] Start processing HTTP request GET https://graph.microsoft.com/v1.0/applications/4d6e78f8-1d50-4982-ad74-f739af798409?*
2026-06-04 20:49:37.420 +05:30 [INF] Sending HTTP request GET https://graph.microsoft.com/v1.0/applications/4d6e78f8-1d50-4982-ad74-f739af798409?*
2026-06-04 20:49:37.430 +05:30 [INF] Received HTTP response headers after 221.9766ms - 200
2026-06-04 20:49:37.439 +05:30 [INF] Received HTTP response headers after 184.5654ms - 200
2026-06-04 20:49:37.441 +05:30 [INF] Start processing HTTP request GET https://graph.microsoft.com/v1.0/applications/515206c9-45b1-47c8-990d-9eb4c90f1bc9?*
2026-06-04 20:49:37.512 +05:30 [INF] Sending HTTP request GET https://graph.microsoft.com/v1.0/applications/515206c9-45b1-47c8-990d-9eb4c90f1bc9?*
2026-06-04 20:49:37.470 +05:30 [INF] End processing HTTP request after 370.7417ms - 200
2026-06-04 20:49:37.491 +05:30 [INF] End processing HTTP request after 282.4664ms - 200
2026-06-04 20:49:37.457 +05:30 [INF] Received HTTP response headers after 120.7393ms - 200
2026-06-04 20:49:37.535 +05:30 [INF] Start processing HTTP request GET https://graph.microsoft.com/v1.0/applications/604d3cea-cc9f-4cec-9767-7b0268a162a6?*
2026-06-04 20:49:37.565 +05:30 [INF] Received HTTP response headers after 124.9774ms - 200
2026-06-04 20:49:37.587 +05:30 [INF] Received HTTP response headers after 187.1449ms - 200
2026-06-04 20:49:37.608 +05:30 [INF] End processing HTTP request after 353.2303ms - 200
2026-06-04 20:49:37.630 +05:30 [INF] Sending HTTP request GET https://graph.microsoft.com/v1.0/applications/604d3cea-cc9f-4cec-9767-7b0268a162a6?*
2026-06-04 20:49:37.653 +05:30 [INF] End processing HTTP request after 252.3384ms - 200
2026-06-04 20:49:37.675 +05:30 [INF] End processing HTTP request after 338.0305ms - 200
2026-06-04 20:49:37.720 +05:30 [INF] Start processing HTTP request GET https://graph.microsoft.com/v1.0/applications/68c03ecd-864b-4489-bde4-23da2d863cc9?*
2026-06-04 20:49:37.738 +05:30 [INF] Received HTTP response headers after 204.799ms - 200
2026-06-04 20:49:37.786 +05:30 [INF] Sending HTTP request GET https://graph.microsoft.com/v1.0/applications/68c03ecd-864b-4489-bde4-23da2d863cc9?*
2026-06-04 20:49:37.808 +05:30 [INF] End processing HTTP request after 366.9252ms - 200
2026-06-04 20:49:37.831 +05:30 [INF] Start processing HTTP request GET https://graph.microsoft.com/v1.0/applications/742fd072-6b6c-4230-8cf1-6972d7300ad5?*
2026-06-04 20:49:37.875 +05:30 [INF] Sending HTTP request GET https://graph.microsoft.com/v1.0/applications/742fd072-6b6c-4230-8cf1-6972d7300ad5?*
2026-06-04 20:49:37.899 +05:30 [INF] Start processing HTTP request GET https://graph.microsoft.com/v1.0/applications/76127915-56b3-483b-9d5b-c9f79c5637ff?*
2026-06-04 20:49:37.921 +05:30 [INF] Sending HTTP request GET https://graph.microsoft.com/v1.0/applications/76127915-56b3-483b-9d5b-c9f79c5637ff?*
2026-06-04 20:49:37.950 +05:30 [INF] Start processing HTTP request GET https://graph.microsoft.com/v1.0/applications/76521842-1af8-4caf-b658-cc8189f05f86?*
2026-06-04 20:49:37.973 +05:30 [INF] Sending HTTP request GET https://graph.microsoft.com/v1.0/applications/76521842-1af8-4caf-b658-cc8189f05f86?*
2026-06-04 20:49:38.001 +05:30 [INF] Start processing HTTP request GET https://graph.microsoft.com/v1.0/applications/83e59e8b-1583-43c5-aab9-2512ca2aec1d?*
2026-06-04 20:49:38.037 +05:30 [INF] Sending HTTP request GET https://graph.microsoft.com/v1.0/applications/83e59e8b-1583-43c5-aab9-2512ca2aec1d?*
2026-06-04 20:49:38.062 +05:30 [INF] Start processing HTTP request GET https://graph.microsoft.com/v1.0/applications/860a6e19-3808-4bd0-81d8-e4ccc8d7d780?*
2026-06-04 20:49:38.083 +05:30 [INF] Sending HTTP request GET https://graph.microsoft.com/v1.0/applications/860a6e19-3808-4bd0-81d8-e4ccc8d7d780?*
2026-06-04 20:49:38.246 +05:30 [INF] Received HTTP response headers after 527.4416ms - 200
2026-06-04 20:49:38.247 +05:30 [INF] Received HTTP response headers after 349.9239ms - 200
2026-06-04 20:49:38.252 +05:30 [INF] Received HTTP response headers after 422.8114ms - 200
2026-06-04 20:49:38.348 +05:30 [INF] End processing HTTP request after 628.4771ms - 200
2026-06-04 20:49:38.303 +05:30 [INF] End processing HTTP request after 767.8741ms - 200
2026-06-04 20:49:38.324 +05:30 [INF] End processing HTTP request after 493.128ms - 200
2026-06-04 20:49:38.252 +05:30 [INF] Received HTTP response headers after 303.2629ms - 200
2026-06-04 20:49:38.373 +05:30 [INF] Received HTTP response headers after 374.0253ms - 200
2026-06-04 20:49:38.407 +05:30 [INF] Received HTTP response headers after 348.4485ms - 200
2026-06-04 20:49:38.490 +05:30 [INF] End processing HTTP request after 590.943ms - 200
2026-06-04 20:49:38.553 +05:30 [INF] End processing HTTP request after 603.3582ms - 200
2026-06-04 20:49:38.561 +05:30 [INF] Received HTTP response headers after 453.5457ms - 200
2026-06-04 20:49:38.595 +05:30 [INF] End processing HTTP request after 594.6633ms - 200
2026-06-04 20:49:38.689 +05:30 [INF] End processing HTTP request after 627.6845ms - 200
2026-06-04 20:49:38.748 +05:30 [INF] Start processing HTTP request GET https://graph.microsoft.com/v1.0/applications/9c49407c-ffba-46e6-9478-4dc0adb10fb6?*
2026-06-04 20:49:38.769 +05:30 [INF] Sending HTTP request GET https://graph.microsoft.com/v1.0/applications/9c49407c-ffba-46e6-9478-4dc0adb10fb6?*
2026-06-04 20:49:38.790 +05:30 [INF] Start processing HTTP request GET https://graph.microsoft.com/v1.0/applications/b162627b-5d59-45ab-a873-8699ed5c2ad0?*
2026-06-04 20:49:38.811 +05:30 [INF] Sending HTTP request GET https://graph.microsoft.com/v1.0/applications/b162627b-5d59-45ab-a873-8699ed5c2ad0?*
2026-06-04 20:49:38.835 +05:30 [INF] Start processing HTTP request GET https://graph.microsoft.com/v1.0/applications/b26745cd-d8ac-4497-af66-b06ae74a239d?*
2026-06-04 20:49:38.856 +05:30 [INF] Sending HTTP request GET https://graph.microsoft.com/v1.0/applications/b26745cd-d8ac-4497-af66-b06ae74a239d?*
2026-06-04 20:49:38.882 +05:30 [INF] Start processing HTTP request GET https://graph.microsoft.com/v1.0/applications/b78fcfb9-0135-49e3-8a30-3c89f23efd27?*
2026-06-04 20:49:38.906 +05:30 [INF] Sending HTTP request GET https://graph.microsoft.com/v1.0/applications/b78fcfb9-0135-49e3-8a30-3c89f23efd27?*
2026-06-04 20:49:38.937 +05:30 [INF] Start processing HTTP request GET https://graph.microsoft.com/v1.0/applications/bd8e6495-916f-466e-b8ec-6c68b0ca2275?*
2026-06-04 20:49:38.962 +05:30 [INF] Sending HTTP request GET https://graph.microsoft.com/v1.0/applications/bd8e6495-916f-466e-b8ec-6c68b0ca2275?*
2026-06-04 20:49:38.968 +05:30 [INF] Received HTTP response headers after 178.6529ms - 200
2026-06-04 20:49:38.985 +05:30 [INF] Start processing HTTP request GET https://graph.microsoft.com/v1.0/applications/be0929ed-32bf-489d-b7e7-78c410f0eb32?*
2026-06-04 20:49:39.002 +05:30 [INF] Received HTTP response headers after 167.934ms - 200
2026-06-04 20:49:39.005 +05:30 [INF] End processing HTTP request after 257.1285ms - 200
2026-06-04 20:49:39.029 +05:30 [INF] Sending HTTP request GET https://graph.microsoft.com/v1.0/applications/be0929ed-32bf-489d-b7e7-78c410f0eb32?*
2026-06-04 20:49:39.055 +05:30 [INF] End processing HTTP request after 264.9919ms - 200
2026-06-04 20:49:39.105 +05:30 [INF] Received HTTP response headers after 224.3233ms - 200
2026-06-04 20:49:39.112 +05:30 [INF] Received HTTP response headers after 176.3351ms - 200
2026-06-04 20:49:39.212 +05:30 [INF] End processing HTTP request after 330.1797ms - 200
2026-06-04 20:49:39.187 +05:30 [INF] End processing HTTP request after 352.6254ms - 200
2026-06-04 20:49:39.135 +05:30 [INF] Start processing HTTP request GET https://graph.microsoft.com/v1.0/applications/d8bc9ce0-805e-4f15-abc1-3770664967be?*
2026-06-04 20:49:39.279 +05:30 [INF] Sending HTTP request GET https://graph.microsoft.com/v1.0/applications/d8bc9ce0-805e-4f15-abc1-3770664967be?*
2026-06-04 20:49:39.256 +05:30 [INF] Received HTTP response headers after 121.9385ms - 200
2026-06-04 20:49:39.212 +05:30 [INF] Received HTTP response headers after 228.5184ms - 200
2026-06-04 20:49:39.302 +05:30 [INF] Start processing HTTP request GET https://graph.microsoft.com/v1.0/applications/e6effa40-f02d-43b5-b176-f05c2bd6f9d8?*
2026-06-04 20:49:39.323 +05:30 [INF] End processing HTTP request after 338.7094ms - 200
2026-06-04 20:49:39.351 +05:30 [INF] End processing HTTP request after 413.7166ms - 200
2026-06-04 20:49:39.373 +05:30 [INF] Sending HTTP request GET https://graph.microsoft.com/v1.0/applications/e6effa40-f02d-43b5-b176-f05c2bd6f9d8?*
2026-06-04 20:49:39.466 +05:30 [INF] Start processing HTTP request GET https://graph.microsoft.com/v1.0/applications/e9dd9e09-6245-4451-bbfc-9271397838bd?*
2026-06-04 20:49:39.466 +05:30 [INF] Received HTTP response headers after 164.6901ms - 200
2026-06-04 20:49:39.487 +05:30 [INF] Sending HTTP request GET https://graph.microsoft.com/v1.0/applications/e9dd9e09-6245-4451-bbfc-9271397838bd?*
2026-06-04 20:49:39.519 +05:30 [INF] End processing HTTP request after 383.6725ms - 200
2026-06-04 20:49:39.539 +05:30 [INF] Start processing HTTP request GET https://graph.microsoft.com/v1.0/applications/ec3e1482-03bc-4b54-bbb2-0098dca6c3d2?*
2026-06-04 20:49:39.587 +05:30 [INF] Sending HTTP request GET https://graph.microsoft.com/v1.0/applications/ec3e1482-03bc-4b54-bbb2-0098dca6c3d2?*
2026-06-04 20:49:39.625 +05:30 [INF] Start processing HTTP request GET https://graph.microsoft.com/v1.0/applications/ecf48238-8fe6-442d-ab11-447b07afd79e?*
2026-06-04 20:49:39.649 +05:30 [INF] Sending HTTP request GET https://graph.microsoft.com/v1.0/applications/ecf48238-8fe6-442d-ab11-447b07afd79e?*
2026-06-04 20:49:39.673 +05:30 [INF] Start processing HTTP request GET https://graph.microsoft.com/v1.0/applications/ed787c25-faab-4a75-ba66-d96ad1c32f33?*
2026-06-04 20:49:39.709 +05:30 [INF] Sending HTTP request GET https://graph.microsoft.com/v1.0/applications/ed787c25-faab-4a75-ba66-d96ad1c32f33?*
2026-06-04 20:49:39.717 +05:30 [INF] Received HTTP response headers after 178.9066ms - 200
2026-06-04 20:49:39.764 +05:30 [INF] Start processing HTTP request GET https://graph.microsoft.com/v1.0/applications/f27d50af-8e5d-493b-8503-6cc072e85ee6?*
2026-06-04 20:49:39.798 +05:30 [INF] Received HTTP response headers after 125.4564ms - 200
2026-06-04 20:49:39.799 +05:30 [INF] Received HTTP response headers after 176.7613ms - 200
2026-06-04 20:49:39.818 +05:30 [INF] End processing HTTP request after 352.0053ms - 200
2026-06-04 20:49:39.850 +05:30 [INF] Sending HTTP request GET https://graph.microsoft.com/v1.0/applications/f27d50af-8e5d-493b-8503-6cc072e85ee6?*
2026-06-04 20:49:39.879 +05:30 [INF] Received HTTP response headers after 124.7123ms - 200
2026-06-04 20:49:39.889 +05:30 [INF] End processing HTTP request after 263.4479ms - 200
2026-06-04 20:49:39.927 +05:30 [INF] End processing HTTP request after 387.6675ms - 200
2026-06-04 20:49:39.999 +05:30 [INF] Start processing HTTP request GET https://graph.microsoft.com/v1.0/applications/f488bdea-975e-4c19-952b-ba57e2cd2b30?*
2026-06-04 20:49:40.025 +05:30 [INF] End processing HTTP request after 351.3973ms - 200
2026-06-04 20:49:40.118 +05:30 [INF] Received HTTP response headers after 120.5001ms - 200
2026-06-04 20:49:40.120 +05:30 [INF] Sending HTTP request GET https://graph.microsoft.com/v1.0/applications/f488bdea-975e-4c19-952b-ba57e2cd2b30?*
2026-06-04 20:49:40.172 +05:30 [INF] End processing HTTP request after 407.8256ms - 200
2026-06-04 20:49:40.196 +05:30 [INF] Start processing HTTP request GET https://graph.microsoft.com/v1.0/applications/fc6adfe3-0b18-45e2-9299-2b37b672df0e?*
2026-06-04 20:49:40.241 +05:30 [INF] Sending HTTP request GET https://graph.microsoft.com/v1.0/applications/fc6adfe3-0b18-45e2-9299-2b37b672df0e?*
2026-06-04 20:49:40.390 +05:30 [INF] Received HTTP response headers after 195.5991ms - 200
2026-06-04 20:49:40.412 +05:30 [INF] Received HTTP response headers after 947.6974ms - 200
2026-06-04 20:49:40.416 +05:30 [INF] End processing HTTP request after 417.2422ms - 200
2026-06-04 20:49:40.441 +05:30 [INF] End processing HTTP request after 1138.6076ms - 200
2026-06-04 20:49:40.452 +05:30 [INF] Received HTTP response headers after 182.8492ms - 200
2026-06-04 20:49:40.520 +05:30 [INF] End processing HTTP request after 323.9036ms - 200
2026-06-04 20:49:40.544 +05:30 [INF] [Governance] Fetching groups from Graph...
2026-06-04 20:49:40.554 +05:30 [INF] Start processing HTTP request GET https://graph.microsoft.com/v1.0/groups?*
2026-06-04 20:49:40.579 +05:30 [INF] Sending HTTP request GET https://graph.microsoft.com/v1.0/groups?*
2026-06-04 20:49:40.736 +05:30 [INF] Received HTTP response headers after 136.6186ms - 200
2026-06-04 20:49:40.780 +05:30 [INF] End processing HTTP request after 226.127ms - 200
2026-06-04 20:49:40.815 +05:30 [INF] Start processing HTTP request POST https://graph.microsoft.com/v1.0/$batch
2026-06-04 20:49:40.848 +05:30 [INF] Sending HTTP request POST https://graph.microsoft.com/v1.0/$batch
2026-06-04 20:49:40.869 +05:30 [INF] Start processing HTTP request POST https://graph.microsoft.com/v1.0/$batch
2026-06-04 20:49:40.896 +05:30 [INF] Sending HTTP request POST https://graph.microsoft.com/v1.0/$batch
2026-06-04 20:49:40.973 +05:30 [INF] Received HTTP response headers after 105.3416ms - 200
2026-06-04 20:49:41.002 +05:30 [INF] End processing HTTP request after 186.7955ms - 200
2026-06-04 20:49:41.215 +05:30 [INF] Received HTTP response headers after 294.7524ms - 200
2026-06-04 20:49:41.215 +05:30 [WRN] Failed to batch-fetch members counts for groups
System.Text.Json.JsonException: The JSON value could not be converted to System.String. Path: $.responses[0].body | LineNumber: 0 | BytePositionInLine: 145.
 ---> System.InvalidOperationException: Cannot get the value of a token type 'StartObject' as a string.
   at System.Text.Json.ThrowHelper.ThrowInvalidOperationException_ExpectedString(JsonTokenType tokenType)
   at System.Text.Json.Utf8JsonReader.GetString()
   at System.Text.Json.Serialization.Metadata.JsonPropertyInfo`1.ReadJsonAndSetMember(Object obj, ReadStack& state, Utf8JsonReader& reader)
   at System.Text.Json.Serialization.Converters.ObjectDefaultConverter`1.OnTryRead(Utf8JsonReader& reader, Type typeToConvert, JsonSerializerOptions options, ReadStack& state, T& value)
   at System.Text.Json.Serialization.JsonCollectionConverter`2.OnTryRead(Utf8JsonReader& reader, Type typeToConvert, JsonSerializerOptions options, ReadStack& state, TCollection& value)
   at System.Text.Json.Serialization.JsonConverter`1.TryRead(Utf8JsonReader& reader, Type typeToConvert, JsonSerializerOptions options, ReadStack& state, T& value, Boolean& isPopulatedValue)
   at System.Text.Json.Serialization.Metadata.JsonPropertyInfo`1.ReadJsonAndSetMember(Object obj, ReadStack& state, Utf8JsonReader& reader)
   at System.Text.Json.Serialization.Converters.ObjectDefaultConverter`1.OnTryRead(Utf8JsonReader& reader, Type typeToConvert, JsonSerializerOptions options, ReadStack& state, T& value)
   at System.Text.Json.Serialization.JsonConverter`1.ReadCore(Utf8JsonReader& reader, T& value, JsonSerializerOptions options, ReadStack& state)
   --- End of inner exception stack trace ---
   at System.Text.Json.ThrowHelper.ReThrowWithPath(ReadStack& state, Utf8JsonReader& reader, Exception ex)
   at System.Text.Json.Serialization.JsonConverter`1.ReadCore(Utf8JsonReader& reader, T& value, JsonSerializerOptions options, ReadStack& state)
   at System.Text.Json.Serialization.Metadata.JsonTypeInfo`1.DeserializeAsync[TReadBufferState,TStream](TStream utf8Json, TReadBufferState bufferState, CancellationToken cancellationToken)
   at System.Net.Http.Json.HttpContentJsonExtensions.ReadFromJsonAsyncCore[T](HttpContent content, JsonSerializerOptions options, CancellationToken cancellationToken)
   at SIGMA.Infrastructure.Graph.GraphClientService.BatchGetNavigationCountAsync(List`1 entityIds, String navigation, CancellationToken ct) in D:\SIGMA Project\SIGMA-Beta\SIGMA\src\SIGMA.Infrastructure\Graph\GraphClientService.cs:line 614
2026-06-04 20:49:41.248 +05:30 [INF] End processing HTTP request after 379.4341ms - 200
2026-06-04 20:49:42.061 +05:30 [WRN] Failed to batch-fetch owners counts for groups
System.Text.Json.JsonException: The JSON value could not be converted to System.String. Path: $.responses[0].body | LineNumber: 0 | BytePositionInLine: 144.
 ---> System.InvalidOperationException: Cannot get the value of a token type 'StartObject' as a string.
   at System.Text.Json.ThrowHelper.ThrowInvalidOperationException_ExpectedString(JsonTokenType tokenType)
   at System.Text.Json.Utf8JsonReader.GetString()
   at System.Text.Json.Serialization.Metadata.JsonPropertyInfo`1.ReadJsonAndSetMember(Object obj, ReadStack& state, Utf8JsonReader& reader)
   at System.Text.Json.Serialization.Converters.ObjectDefaultConverter`1.OnTryRead(Utf8JsonReader& reader, Type typeToConvert, JsonSerializerOptions options, ReadStack& state, T& value)
   at System.Text.Json.Serialization.JsonCollectionConverter`2.OnTryRead(Utf8JsonReader& reader, Type typeToConvert, JsonSerializerOptions options, ReadStack& state, TCollection& value)
   at System.Text.Json.Serialization.JsonConverter`1.TryRead(Utf8JsonReader& reader, Type typeToConvert, JsonSerializerOptions options, ReadStack& state, T& value, Boolean& isPopulatedValue)
   at System.Text.Json.Serialization.Metadata.JsonPropertyInfo`1.ReadJsonAndSetMember(Object obj, ReadStack& state, Utf8JsonReader& reader)
   at System.Text.Json.Serialization.Converters.ObjectDefaultConverter`1.OnTryRead(Utf8JsonReader& reader, Type typeToConvert, JsonSerializerOptions options, ReadStack& state, T& value)
   at System.Text.Json.Serialization.JsonConverter`1.ReadCore(Utf8JsonReader& reader, T& value, JsonSerializerOptions options, ReadStack& state)
   --- End of inner exception stack trace ---
   at System.Text.Json.ThrowHelper.ReThrowWithPath(ReadStack& state, Utf8JsonReader& reader, Exception ex)
   at System.Text.Json.Serialization.JsonConverter`1.ReadCore(Utf8JsonReader& reader, T& value, JsonSerializerOptions options, ReadStack& state)
   at System.Text.Json.Serialization.Metadata.JsonTypeInfo`1.DeserializeAsync[TReadBufferState,TStream](TStream utf8Json, TReadBufferState bufferState, CancellationToken cancellationToken)
   at System.Net.Http.Json.HttpContentJsonExtensions.ReadFromJsonAsyncCore[T](HttpContent content, JsonSerializerOptions options, CancellationToken cancellationToken)
   at SIGMA.Infrastructure.Graph.GraphClientService.BatchGetNavigationCountAsync(List`1 entityIds, String navigation, CancellationToken ct) in D:\SIGMA Project\SIGMA-Beta\SIGMA\src\SIGMA.Infrastructure\Graph\GraphClientService.cs:line 614
2026-06-04 20:49:42.118 +05:30 [INF] [Governance] Groups result: IsSuccess=true, Count=19
2026-06-04 20:49:42.151 +05:30 [INF] [Governance] Found stale empty group: DnsAdmins (created 650 days ago)
2026-06-04 20:49:42.181 +05:30 [INF] [Governance] Found stale empty group: SeniorAdminTrail (created 645 days ago)
2026-06-04 20:49:42.247 +05:30 [INF] [Governance] Found stale empty group: ADSyncAdmins (created 650 days ago)
2026-06-04 20:49:42.396 +05:30 [INF] [Governance] Found stale empty group: MS_SuperStars (created 652 days ago)
2026-06-04 20:49:42.446 +05:30 [INF] [Governance] Found stale empty group: TestDemo (created 103 days ago)
2026-06-04 20:49:42.477 +05:30 [INF] [Governance] Found stale empty group: TrailMS365 (created 652 days ago)
2026-06-04 20:49:42.500 +05:30 [INF] [Governance] Found stale empty group: UserAdmin (created 640 days ago)
2026-06-04 20:49:42.543 +05:30 [INF] [Governance] Found stale empty group: TestGroup1 (created 640 days ago)
2026-06-04 20:49:42.610 +05:30 [INF] [Governance] Found stale empty group: DemoGroup (created 631 days ago)
2026-06-04 20:49:42.665 +05:30 [INF] [Governance] Found stale empty group: JuniorAdmins (created 644 days ago)
2026-06-04 20:49:42.700 +05:30 [INF] [Governance] Found stale empty group: Retail Trail (created 643 days ago)
2026-06-04 20:49:42.732 +05:30 [INF] [Governance] Found stale empty group: ADSyncBrowse (created 650 days ago)
2026-06-04 20:49:42.768 +05:30 [INF] [Governance] Found stale empty group: HelpDeskAdmin (created 640 days ago)
2026-06-04 20:49:42.809 +05:30 [INF] [Governance] Found stale empty group: SalesAndMarketingTrail (created 644 days ago)
2026-06-04 20:49:42.834 +05:30 [INF] [Governance] Found stale empty group: DnsUpdateProxy (created 650 days ago)
2026-06-04 20:49:42.861 +05:30 [INF] [Governance] Found stale empty group: ADSyncPasswordSet (created 650 days ago)
2026-06-04 20:49:42.898 +05:30 [INF] [Governance] Found stale empty group: ADSyncOperators (created 650 days ago)
2026-06-04 20:49:42.943 +05:30 [INF] [Governance] Found stale empty group: TestGroup2 (created 640 days ago)
2026-06-04 20:49:42.963 +05:30 [INF] [Governance] Fetching users from Graph...
2026-06-04 20:49:42.984 +05:30 [INF] Start processing HTTP request GET https://graph.microsoft.com/v1.0/users?*
2026-06-04 20:49:43.015 +05:30 [INF] Sending HTTP request GET https://graph.microsoft.com/v1.0/users?*
2026-06-04 20:49:43.194 +05:30 [INF] Received HTTP response headers after 145.1751ms - 200
2026-06-04 20:49:43.227 +05:30 [INF] End processing HTTP request after 243.62ms - 200
2026-06-04 20:49:43.261 +05:30 [INF] [Governance] Users result: IsSuccess=true, Count=23
2026-06-04 20:49:43.279 +05:30 [INF] [Governance] Final findings count: 108 (Critical=65, Warning=25, Info=18)
2026-06-04 20:49:43.309 +05:30 [WRN] Slow request: GET /api/v1/governance/findings responded 200 in 8655ms
2026-06-04 20:49:43.445 +05:30 [INF] IDX10242: Security token: '[PII of type 'Microsoft.IdentityModel.JsonWebTokens.JsonWebToken' is hidden. For more details, see https://aka.ms/IdentityModel/PII.]' has a valid signature.
2026-06-04 20:49:43.473 +05:30 [INF] IDX10239: Lifetime of the token is valid.
2026-06-04 20:49:43.488 +05:30 [INF] IDX10234: Audience Validated.Audience: 'api://f0ee212a-b836-4f5c-aafe-bee4b0ebfcfb'
2026-06-04 20:49:43.498 +05:30 [INF] IDX10245: Creating claims identity from the validated token: '[PII of type 'Microsoft.IdentityModel.JsonWebTokens.JsonWebToken' is hidden. For more details, see https://aka.ms/IdentityModel/PII.]'.
2026-06-04 20:49:43.514 +05:30 [INF] [Governance] Returning cached response with 108 findings
2026-06-04 20:49:43.545 +05:30 [INF] Request: GET /api/v1/governance/findings responded 200 in 100ms
2026-06-04 21:04:27.420 +05:30 [WRN] Overriding address(es) 'http://0.0.0.0:5107'. Binding to endpoints defined via IConfiguration and/or UseKestrel() instead.
2026-06-04 21:04:27.623 +05:30 [INF] Now listening on: http://0.0.0.0:5107
2026-06-04 21:04:27.836 +05:30 [INF] Application started. Press Ctrl+C to shut down.
2026-06-04 21:04:27.843 +05:30 [INF] Hosting environment: Development
2026-06-04 21:04:27.846 +05:30 [INF] Content root path: D:\SIGMA Project\SIGMA-Beta\SIGMA\src\SIGMA.Api
2026-06-04 21:05:41.217 +05:30 [INF] Request: GET /swagger/index.html responded 200 in 422ms
2026-06-04 21:05:41.256 +05:30 [WRN] Unable to configure Browser Link script injection on the response. This may have been caused by the response's Content-Encoding: '["br"]'. Consider disabling response compression.
2026-06-04 21:05:41.279 +05:30 [WRN] Unable to configure browser refresh script injection on the response. This may have been caused by the response's Content-Encoding: '["br"]'. Consider disabling response compression.
2026-06-04 21:05:41.387 +05:30 [INF] Request: GET /swagger/swagger-ui.css responded 304 in 29ms
2026-06-04 21:05:41.387 +05:30 [INF] Request: GET /swagger/index.css responded 304 in 29ms
2026-06-04 21:05:41.490 +05:30 [INF] Request: GET /swagger/swagger-ui-standalone-preset.js responded 304 in 76ms
2026-06-04 21:05:41.496 +05:30 [INF] Request: GET /swagger/swagger-ui-bundle.js responded 304 in 92ms
2026-06-04 21:05:41.504 +05:30 [INF] Request: GET /swagger/index.js responded 304 in 0ms
2026-06-04 21:05:42.847 +05:30 [INF] Request: GET /swagger/favicon-32x32.png responded 304 in 0ms
2026-06-04 21:05:44.672 +05:30 [WRN] Slow request: GET /openapi/v1.json responded 200 in 2349ms
2026-06-04 21:06:04.440 +05:30 [INF] Microsoft.IdentityModel Version: 8.18.0.0. Date 06/04/2026 15:36:04. PII logging is OFF. See https://aka.ms/IdentityModel/PII for details. 
IDX10242: Security token: '[PII of type 'Microsoft.IdentityModel.JsonWebTokens.JsonWebToken' is hidden. For more details, see https://aka.ms/IdentityModel/PII.]' has a valid signature.
2026-06-04 21:06:04.441 +05:30 [INF] Microsoft.IdentityModel Version: 8.18.0.0. Date 06/04/2026 15:36:04. PII logging is OFF. See https://aka.ms/IdentityModel/PII for details. 
IDX10242: Security token: '[PII of type 'Microsoft.IdentityModel.JsonWebTokens.JsonWebToken' is hidden. For more details, see https://aka.ms/IdentityModel/PII.]' has a valid signature.
2026-06-04 21:06:04.545 +05:30 [INF] IDX10239: Lifetime of the token is valid.
2026-06-04 21:06:04.545 +05:30 [INF] IDX10239: Lifetime of the token is valid.
2026-06-04 21:06:04.590 +05:30 [INF] IDX10234: Audience Validated.Audience: 'api://f0ee212a-b836-4f5c-aafe-bee4b0ebfcfb'
2026-06-04 21:06:04.590 +05:30 [INF] IDX10234: Audience Validated.Audience: 'api://f0ee212a-b836-4f5c-aafe-bee4b0ebfcfb'
2026-06-04 21:06:05.668 +05:30 [INF] IDX10245: Creating claims identity from the validated token: '[PII of type 'Microsoft.IdentityModel.JsonWebTokens.JsonWebToken' is hidden. For more details, see https://aka.ms/IdentityModel/PII.]'.
2026-06-04 21:06:05.668 +05:30 [INF] IDX10245: Creating claims identity from the validated token: '[PII of type 'Microsoft.IdentityModel.JsonWebTokens.JsonWebToken' is hidden. For more details, see https://aka.ms/IdentityModel/PII.]'.
2026-06-04 21:06:06.515 +05:30 [WRN] Slow request: GET /hubs/sigma responded 101 in 4111ms
2026-06-04 21:06:09.576 +05:30 [WRN] Slow request: GET /api/v1/entra/tenant responded 500 in 7647ms
2026-06-04 21:06:19.183 +05:30 [INF] IDX10242: Security token: '[PII of type 'Microsoft.IdentityModel.JsonWebTokens.JsonWebToken' is hidden. For more details, see https://aka.ms/IdentityModel/PII.]' has a valid signature.
2026-06-04 21:06:19.196 +05:30 [INF] IDX10239: Lifetime of the token is valid.
2026-06-04 21:06:19.207 +05:30 [INF] IDX10234: Audience Validated.Audience: 'api://f0ee212a-b836-4f5c-aafe-bee4b0ebfcfb'
2026-06-04 21:06:19.230 +05:30 [INF] IDX10245: Creating claims identity from the validated token: '[PII of type 'Microsoft.IdentityModel.JsonWebTokens.JsonWebToken' is hidden. For more details, see https://aka.ms/IdentityModel/PII.]'.
2026-06-04 21:06:19.886 +05:30 [INF] IDX10242: Security token: '[PII of type 'Microsoft.IdentityModel.JsonWebTokens.JsonWebToken' is hidden. For more details, see https://aka.ms/IdentityModel/PII.]' has a valid signature.
2026-06-04 21:06:19.964 +05:30 [INF] IDX10239: Lifetime of the token is valid.
2026-06-04 21:06:20.004 +05:30 [INF] IDX10234: Audience Validated.Audience: 'api://f0ee212a-b836-4f5c-aafe-bee4b0ebfcfb'
2026-06-04 21:06:20.038 +05:30 [INF] IDX10245: Creating claims identity from the validated token: '[PII of type 'Microsoft.IdentityModel.JsonWebTokens.JsonWebToken' is hidden. For more details, see https://aka.ms/IdentityModel/PII.]'.
2026-06-04 21:06:22.331 +05:30 [INF] Start processing HTTP request GET https://graph.microsoft.com/v1.0/organization
2026-06-04 21:06:22.346 +05:30 [INF] Sending HTTP request GET https://graph.microsoft.com/v1.0/organization
2026-06-04 21:06:23.008 +05:30 [INF] Received HTTP response headers after 636.3266ms - 200
2026-06-04 21:06:23.035 +05:30 [INF] End processing HTTP request after 708.2537ms - 200
2026-06-04 21:06:23.369 +05:30 [INF] Start processing HTTP request GET https://graph.microsoft.com/v1.0/users?*
2026-06-04 21:06:23.385 +05:30 [INF] Sending HTTP request GET https://graph.microsoft.com/v1.0/users?*
2026-06-04 21:06:23.405 +05:30 [INF] Start processing HTTP request GET https://graph.microsoft.com/v1.0/groups?*
2026-06-04 21:06:23.423 +05:30 [INF] Sending HTTP request GET https://graph.microsoft.com/v1.0/groups?*
2026-06-04 21:06:23.444 +05:30 [INF] Start processing HTTP request GET https://graph.microsoft.com/v1.0/applications?*
2026-06-04 21:06:23.462 +05:30 [INF] Sending HTTP request GET https://graph.microsoft.com/v1.0/applications?*
2026-06-04 21:06:23.480 +05:30 [INF] Start processing HTTP request GET https://graph.microsoft.com/v1.0/servicePrincipals?*
2026-06-04 21:06:23.498 +05:30 [INF] Sending HTTP request GET https://graph.microsoft.com/v1.0/servicePrincipals?*
2026-06-04 21:06:23.516 +05:30 [INF] Start processing HTTP request GET https://graph.microsoft.com/v1.0/devices?*
2026-06-04 21:06:23.533 +05:30 [INF] Sending HTTP request GET https://graph.microsoft.com/v1.0/devices?*
2026-06-04 21:06:23.544 +05:30 [INF] Received HTTP response headers after 142.3351ms - 200
2026-06-04 21:06:23.723 +05:30 [INF] Start processing HTTP request GET https://graph.microsoft.com/v1.0/subscribedSkus
2026-06-04 21:06:23.748 +05:30 [INF] End processing HTTP request after 380.0154ms - 200
2026-06-04 21:06:23.765 +05:30 [INF] Sending HTTP request GET https://graph.microsoft.com/v1.0/subscribedSkus
2026-06-04 21:06:24.025 +05:30 [INF] Received HTTP response headers after 582.3142ms - 200
2026-06-04 21:06:24.034 +05:30 [INF] Received HTTP response headers after 553.9293ms - 200
2026-06-04 21:06:24.046 +05:30 [INF] End processing HTTP request after 641.2282ms - 200
2026-06-04 21:06:24.072 +05:30 [INF] Received HTTP response headers after 230.5912ms - 200
2026-06-04 21:06:24.077 +05:30 [INF] End processing HTTP request after 632.8867ms - 200
2026-06-04 21:06:24.096 +05:30 [INF] Received HTTP response headers after 373.489ms - 200
2026-06-04 21:06:24.107 +05:30 [INF] Received HTTP response headers after 592.1544ms - 200
2026-06-04 21:06:24.130 +05:30 [INF] End processing HTTP request after 406.6763ms - 200
2026-06-04 21:06:24.172 +05:30 [INF] End processing HTTP request after 656.3485ms - 200
2026-06-04 21:06:24.194 +05:30 [INF] End processing HTTP request after 713.7736ms - 200
2026-06-04 21:06:24.300 +05:30 [WRN] Slow request: GET /api/v1/entra/tenant responded 200 in 5118ms
2026-06-04 21:06:32.664 +05:30 [INF] IDX10242: Security token: '[PII of type 'Microsoft.IdentityModel.JsonWebTokens.JsonWebToken' is hidden. For more details, see https://aka.ms/IdentityModel/PII.]' has a valid signature.
2026-06-04 21:06:32.709 +05:30 [INF] IDX10239: Lifetime of the token is valid.
2026-06-04 21:06:32.728 +05:30 [INF] IDX10234: Audience Validated.Audience: 'api://f0ee212a-b836-4f5c-aafe-bee4b0ebfcfb'
2026-06-04 21:06:32.748 +05:30 [INF] IDX10245: Creating claims identity from the validated token: '[PII of type 'Microsoft.IdentityModel.JsonWebTokens.JsonWebToken' is hidden. For more details, see https://aka.ms/IdentityModel/PII.]'.
2026-06-04 21:06:33.082 +05:30 [INF] Start processing HTTP request GET https://graph.microsoft.com/v1.0/users?*
2026-06-04 21:06:33.113 +05:30 [INF] Sending HTTP request GET https://graph.microsoft.com/v1.0/users?*
2026-06-04 21:06:33.363 +05:30 [INF] Received HTTP response headers after 205.3785ms - 200
2026-06-04 21:06:33.383 +05:30 [INF] End processing HTTP request after 300.8677ms - 200
2026-06-04 21:06:34.179 +05:30 [INF] Request: GET /api/v1/entra/users responded 200 in 1515ms
2026-06-04 21:06:57.207 +05:30 [INF] IDX10242: Security token: '[PII of type 'Microsoft.IdentityModel.JsonWebTokens.JsonWebToken' is hidden. For more details, see https://aka.ms/IdentityModel/PII.]' has a valid signature.
2026-06-04 21:06:57.226 +05:30 [INF] IDX10239: Lifetime of the token is valid.
2026-06-04 21:06:57.244 +05:30 [INF] IDX10234: Audience Validated.Audience: 'api://f0ee212a-b836-4f5c-aafe-bee4b0ebfcfb'
2026-06-04 21:06:57.292 +05:30 [INF] IDX10245: Creating claims identity from the validated token: '[PII of type 'Microsoft.IdentityModel.JsonWebTokens.JsonWebToken' is hidden. For more details, see https://aka.ms/IdentityModel/PII.]'.
2026-06-04 21:06:57.390 +05:30 [INF] Start processing HTTP request GET https://graph.microsoft.com/v1.0/groups?*
2026-06-04 21:06:57.408 +05:30 [INF] Sending HTTP request GET https://graph.microsoft.com/v1.0/groups?*
2026-06-04 21:06:57.635 +05:30 [INF] Received HTTP response headers after 207.4196ms - 200
2026-06-04 21:06:57.661 +05:30 [INF] End processing HTTP request after 271.05ms - 200
2026-06-04 21:06:58.273 +05:30 [INF] Start processing HTTP request POST https://graph.microsoft.com/v1.0/$batch
2026-06-04 21:06:58.417 +05:30 [INF] Sending HTTP request POST https://graph.microsoft.com/v1.0/$batch
2026-06-04 21:06:58.542 +05:30 [INF] Start processing HTTP request POST https://graph.microsoft.com/v1.0/$batch
2026-06-04 21:06:58.617 +05:30 [INF] Sending HTTP request POST https://graph.microsoft.com/v1.0/$batch
2026-06-04 21:06:58.651 +05:30 [INF] Received HTTP response headers after 114.0279ms - 200
2026-06-04 21:06:58.698 +05:30 [INF] End processing HTTP request after 425.1543ms - 200
2026-06-04 21:06:58.790 +05:30 [INF] Received HTTP response headers after 134.2869ms - 200
2026-06-04 21:06:58.856 +05:30 [INF] End processing HTTP request after 313.6007ms - 200
2026-06-04 21:06:59.398 +05:30 [WRN] Slow request: GET /api/v1/entra/groups responded 200 in 2191ms
2026-06-04 21:07:19.358 +05:30 [INF] IDX10242: Security token: '[PII of type 'Microsoft.IdentityModel.JsonWebTokens.JsonWebToken' is hidden. For more details, see https://aka.ms/IdentityModel/PII.]' has a valid signature.
2026-06-04 21:07:19.368 +05:30 [INF] IDX10242: Security token: '[PII of type 'Microsoft.IdentityModel.JsonWebTokens.JsonWebToken' is hidden. For more details, see https://aka.ms/IdentityModel/PII.]' has a valid signature.
2026-06-04 21:07:19.373 +05:30 [INF] IDX10239: Lifetime of the token is valid.
2026-06-04 21:07:19.389 +05:30 [INF] IDX10239: Lifetime of the token is valid.
2026-06-04 21:07:19.417 +05:30 [INF] IDX10234: Audience Validated.Audience: 'api://f0ee212a-b836-4f5c-aafe-bee4b0ebfcfb'
2026-06-04 21:07:19.426 +05:30 [INF] IDX10234: Audience Validated.Audience: 'api://f0ee212a-b836-4f5c-aafe-bee4b0ebfcfb'
2026-06-04 21:07:19.441 +05:30 [INF] IDX10245: Creating claims identity from the validated token: '[PII of type 'Microsoft.IdentityModel.JsonWebTokens.JsonWebToken' is hidden. For more details, see https://aka.ms/IdentityModel/PII.]'.
2026-06-04 21:07:19.457 +05:30 [INF] IDX10245: Creating claims identity from the validated token: '[PII of type 'Microsoft.IdentityModel.JsonWebTokens.JsonWebToken' is hidden. For more details, see https://aka.ms/IdentityModel/PII.]'.
2026-06-04 21:07:19.525 +05:30 [INF] Start processing HTTP request GET https://graph.microsoft.com/v1.0/servicePrincipals?*
2026-06-04 21:07:19.555 +05:30 [INF] Sending HTTP request GET https://graph.microsoft.com/v1.0/servicePrincipals?*
2026-06-04 21:07:19.540 +05:30 [INF] Start processing HTTP request GET https://graph.microsoft.com/v1.0/servicePrincipals?*
2026-06-04 21:07:19.635 +05:30 [INF] Sending HTTP request GET https://graph.microsoft.com/v1.0/servicePrincipals?*
2026-06-04 21:07:19.669 +05:30 [INF] Start processing HTTP request GET https://graph.microsoft.com/v1.0/auditLogs/signIns?*
2026-06-04 21:07:19.705 +05:30 [INF] Sending HTTP request GET https://graph.microsoft.com/v1.0/auditLogs/signIns?*
2026-06-04 21:07:19.803 +05:30 [INF] Received HTTP response headers after 214.3101ms - 200
2026-06-04 21:07:19.835 +05:30 [INF] Received HTTP response headers after 176.6469ms - 200
2026-06-04 21:07:19.908 +05:30 [INF] End processing HTTP request after 382.3438ms - 200
2026-06-04 21:07:19.940 +05:30 [INF] End processing HTTP request after 399.752ms - 200
2026-06-04 21:07:20.044 +05:30 [INF] Start processing HTTP request POST https://graph.microsoft.com/v1.0/$batch
2026-06-04 21:07:20.068 +05:30 [INF] Sending HTTP request POST https://graph.microsoft.com/v1.0/$batch
2026-06-04 21:07:20.045 +05:30 [INF] Start processing HTTP request POST https://graph.microsoft.com/v1.0/$batch
2026-06-04 21:07:20.121 +05:30 [INF] Sending HTTP request POST https://graph.microsoft.com/v1.0/$batch
2026-06-04 21:07:20.220 +05:30 [INF] Received HTTP response headers after 121.2458ms - 200
2026-06-04 21:07:20.256 +05:30 [INF] Received HTTP response headers after 110.8424ms - 200
2026-06-04 21:07:20.300 +05:30 [INF] End processing HTTP request after 255.7813ms - 200
2026-06-04 21:07:20.333 +05:30 [INF] End processing HTTP request after 287.2323ms - 200
2026-06-04 21:07:20.355 +05:30 [INF] Start processing HTTP request POST https://graph.microsoft.com/v1.0/$batch
2026-06-04 21:07:20.383 +05:30 [INF] Start processing HTTP request POST https://graph.microsoft.com/v1.0/$batch
2026-06-04 21:07:20.401 +05:30 [INF] Sending HTTP request POST https://graph.microsoft.com/v1.0/$batch
2026-06-04 21:07:20.422 +05:30 [INF] Sending HTTP request POST https://graph.microsoft.com/v1.0/$batch
2026-06-04 21:07:20.546 +05:30 [INF] Received HTTP response headers after 106.0602ms - 200
2026-06-04 21:07:20.565 +05:30 [INF] Received HTTP response headers after 105.7772ms - 200
2026-06-04 21:07:20.611 +05:30 [INF] End processing HTTP request after 228.4385ms - 200
2026-06-04 21:07:20.586 +05:30 [INF] End processing HTTP request after 231.4112ms - 200
2026-06-04 21:07:20.717 +05:30 [INF] Received HTTP response headers after 974.9487ms - 403
2026-06-04 21:07:20.755 +05:30 [INF] End processing HTTP request after 1086.1003ms - 403
2026-06-04 21:07:20.850 +05:30 [INF] Request: GET /api/v1/entra/service-principals/dashboard responded 200 in 1482ms
2026-06-04 21:07:20.912 +05:30 [INF] Request: GET /api/v1/entra/service-principals responded 200 in 1554ms
2026-06-04 21:07:33.068 +05:30 [INF] IDX10242: Security token: '[PII of type 'Microsoft.IdentityModel.JsonWebTokens.JsonWebToken' is hidden. For more details, see https://aka.ms/IdentityModel/PII.]' has a valid signature.
2026-06-04 21:07:33.095 +05:30 [INF] IDX10239: Lifetime of the token is valid.
2026-06-04 21:07:33.116 +05:30 [INF] IDX10234: Audience Validated.Audience: 'api://f0ee212a-b836-4f5c-aafe-bee4b0ebfcfb'
2026-06-04 21:07:33.186 +05:30 [INF] IDX10245: Creating claims identity from the validated token: '[PII of type 'Microsoft.IdentityModel.JsonWebTokens.JsonWebToken' is hidden. For more details, see https://aka.ms/IdentityModel/PII.]'.
2026-06-04 21:07:33.284 +05:30 [INF] Start processing HTTP request GET https://graph.microsoft.com/v1.0/applications?*
2026-06-04 21:07:33.315 +05:30 [INF] Sending HTTP request GET https://graph.microsoft.com/v1.0/applications?*
2026-06-04 21:07:33.563 +05:30 [INF] Received HTTP response headers after 228.1823ms - 200
2026-06-04 21:07:33.615 +05:30 [INF] End processing HTTP request after 331.2563ms - 200
2026-06-04 21:07:33.799 +05:30 [INF] Start processing HTTP request POST https://graph.microsoft.com/v1.0/$batch
2026-06-04 21:07:33.831 +05:30 [INF] Sending HTTP request POST https://graph.microsoft.com/v1.0/$batch
2026-06-04 21:07:33.975 +05:30 [INF] Received HTTP response headers after 111.6173ms - 200
2026-06-04 21:07:34.015 +05:30 [INF] End processing HTTP request after 215.743ms - 200
2026-06-04 21:07:34.261 +05:30 [INF] Start processing HTTP request POST https://graph.microsoft.com/v1.0/$batch
2026-06-04 21:07:34.285 +05:30 [INF] Sending HTTP request POST https://graph.microsoft.com/v1.0/$batch
2026-06-04 21:07:34.442 +05:30 [INF] Received HTTP response headers after 111.0902ms - 200
2026-06-04 21:07:34.468 +05:30 [INF] End processing HTTP request after 207.1149ms - 200
2026-06-04 21:07:35.298 +05:30 [WRN] Slow request: GET /api/v1/entra/applications responded 200 in 2230ms
2026-06-04 21:07:41.530 +05:30 [INF] IDX10242: Security token: '[PII of type 'Microsoft.IdentityModel.JsonWebTokens.JsonWebToken' is hidden. For more details, see https://aka.ms/IdentityModel/PII.]' has a valid signature.
2026-06-04 21:07:41.603 +05:30 [INF] IDX10239: Lifetime of the token is valid.
2026-06-04 21:07:41.618 +05:30 [INF] IDX10234: Audience Validated.Audience: 'api://f0ee212a-b836-4f5c-aafe-bee4b0ebfcfb'
2026-06-04 21:07:41.631 +05:30 [INF] IDX10245: Creating claims identity from the validated token: '[PII of type 'Microsoft.IdentityModel.JsonWebTokens.JsonWebToken' is hidden. For more details, see https://aka.ms/IdentityModel/PII.]'.
2026-06-04 21:07:41.718 +05:30 [INF] [Governance] Fetching applications from Graph...
2026-06-04 21:07:41.730 +05:30 [INF] Start processing HTTP request GET https://graph.microsoft.com/v1.0/applications?*
2026-06-04 21:07:41.747 +05:30 [INF] Sending HTTP request GET https://graph.microsoft.com/v1.0/applications?*
2026-06-04 21:07:42.150 +05:30 [INF] Received HTTP response headers after 382.1769ms - 200
2026-06-04 21:07:42.182 +05:30 [INF] End processing HTTP request after 452.5661ms - 200
2026-06-04 21:07:42.215 +05:30 [INF] Start processing HTTP request POST https://graph.microsoft.com/v1.0/$batch
2026-06-04 21:07:42.235 +05:30 [INF] Sending HTTP request POST https://graph.microsoft.com/v1.0/$batch
2026-06-04 21:07:42.367 +05:30 [INF] Received HTTP response headers after 106.5281ms - 200
2026-06-04 21:07:42.397 +05:30 [INF] End processing HTTP request after 181.2774ms - 200
2026-06-04 21:07:43.059 +05:30 [INF] Start processing HTTP request POST https://graph.microsoft.com/v1.0/$batch
2026-06-04 21:07:43.077 +05:30 [INF] Sending HTTP request POST https://graph.microsoft.com/v1.0/$batch
2026-06-04 21:07:43.202 +05:30 [INF] Received HTTP response headers after 108.0594ms - 200
2026-06-04 21:07:43.235 +05:30 [INF] End processing HTTP request after 175.902ms - 200
2026-06-04 21:07:43.282 +05:30 [INF] [Governance] Applications result: IsSuccess=true, Error=null
2026-06-04 21:07:43.297 +05:30 [INF] [Governance] Processing 35 applications...
2026-06-04 21:07:43.321 +05:30 [INF] Start processing HTTP request GET https://graph.microsoft.com/v1.0/applications/0bbdd90f-39c8-4fa3-9b4b-1b2df842c658?*
2026-06-04 21:07:43.340 +05:30 [INF] Sending HTTP request GET https://graph.microsoft.com/v1.0/applications/0bbdd90f-39c8-4fa3-9b4b-1b2df842c658?*
2026-06-04 21:07:43.362 +05:30 [INF] Start processing HTTP request GET https://graph.microsoft.com/v1.0/applications/16390064-665b-46a7-bf00-af9438733c68?*
2026-06-04 21:07:43.382 +05:30 [INF] Sending HTTP request GET https://graph.microsoft.com/v1.0/applications/16390064-665b-46a7-bf00-af9438733c68?*
2026-06-04 21:07:43.406 +05:30 [INF] Start processing HTTP request GET https://graph.microsoft.com/v1.0/applications/168fff38-fb94-4f20-a935-4a12865d277e?*
2026-06-04 21:07:43.426 +05:30 [INF] Sending HTTP request GET https://graph.microsoft.com/v1.0/applications/168fff38-fb94-4f20-a935-4a12865d277e?*
2026-06-04 21:07:43.448 +05:30 [INF] Start processing HTTP request GET https://graph.microsoft.com/v1.0/applications/18683323-1182-42dc-83a1-1679ef2d8ccb?*
2026-06-04 21:07:43.468 +05:30 [INF] Sending HTTP request GET https://graph.microsoft.com/v1.0/applications/18683323-1182-42dc-83a1-1679ef2d8ccb?*
2026-06-04 21:07:43.490 +05:30 [INF] Start processing HTTP request GET https://graph.microsoft.com/v1.0/applications/1dc3420c-79ee-42ad-821e-832881d1359b?*
2026-06-04 21:07:43.511 +05:30 [INF] Sending HTTP request GET https://graph.microsoft.com/v1.0/applications/1dc3420c-79ee-42ad-821e-832881d1359b?*
2026-06-04 21:07:43.530 +05:30 [INF] Received HTTP response headers after 172.671ms - 200
2026-06-04 21:07:43.535 +05:30 [INF] Start processing HTTP request GET https://graph.microsoft.com/v1.0/applications/211fcada-7373-4adb-91cc-0b7fca809a3c?*
2026-06-04 21:07:43.583 +05:30 [INF] Sending HTTP request GET https://graph.microsoft.com/v1.0/applications/211fcada-7373-4adb-91cc-0b7fca809a3c?*
2026-06-04 21:07:43.580 +05:30 [INF] Received HTTP response headers after 175.8425ms - 200
2026-06-04 21:07:43.564 +05:30 [INF] End processing HTTP request after 243.1447ms - 200
2026-06-04 21:07:44.106 +05:30 [INF] Received HTTP response headers after 658.9554ms - 200
2026-06-04 21:07:44.115 +05:30 [INF] Start processing HTTP request GET https://graph.microsoft.com/v1.0/applications/41357df4-0eb4-4cad-830f-c67c331165af?*
2026-06-04 21:07:44.134 +05:30 [INF] End processing HTTP request after 772.5067ms - 200
2026-06-04 21:07:44.177 +05:30 [INF] End processing HTTP request after 770.4386ms - 200
2026-06-04 21:07:44.195 +05:30 [INF] Sending HTTP request GET https://graph.microsoft.com/v1.0/applications/41357df4-0eb4-4cad-830f-c67c331165af?*
2026-06-04 21:07:44.252 +05:30 [INF] Start processing HTTP request GET https://graph.microsoft.com/v1.0/applications/426fdc27-92f9-4ff5-a261-5140585db6db?*
2026-06-04 21:07:44.272 +05:30 [INF] Sending HTTP request GET https://graph.microsoft.com/v1.0/applications/426fdc27-92f9-4ff5-a261-5140585db6db?*
2026-06-04 21:07:44.277 +05:30 [INF] Received HTTP response headers after 790.5809ms - 200
2026-06-04 21:07:44.291 +05:30 [INF] Start processing HTTP request GET https://graph.microsoft.com/v1.0/applications/457436a9-f6b9-491a-b540-34243534784f?*
2026-06-04 21:07:44.310 +05:30 [INF] End processing HTTP request after 862.1091ms - 200
2026-06-04 21:07:44.329 +05:30 [INF] Sending HTTP request GET https://graph.microsoft.com/v1.0/applications/457436a9-f6b9-491a-b540-34243534784f?*
2026-06-04 21:07:44.340 +05:30 [INF] Received HTTP response headers after 806.2101ms - 200
2026-06-04 21:07:44.341 +05:30 [INF] Received HTTP response headers after 226.1031ms - 200
2026-06-04 21:07:44.360 +05:30 [INF] Received HTTP response headers after 109.2641ms - 200
2026-06-04 21:07:44.373 +05:30 [INF] Start processing HTTP request GET https://graph.microsoft.com/v1.0/applications/49e2112b-0e2d-4381-b22e-38ca924f0134?*
2026-06-04 21:07:44.391 +05:30 [INF] End processing HTTP request after 900.9602ms - 200
2026-06-04 21:07:44.401 +05:30 [INF] Received HTTP response headers after 110.9981ms - 200
2026-06-04 21:07:44.410 +05:30 [INF] End processing HTTP request after 874.9149ms - 200
2026-06-04 21:07:44.430 +05:30 [INF] End processing HTTP request after 315.07ms - 200
2026-06-04 21:07:44.448 +05:30 [INF] Sending HTTP request GET https://graph.microsoft.com/v1.0/applications/49e2112b-0e2d-4381-b22e-38ca924f0134?*
2026-06-04 21:07:44.489 +05:30 [INF] End processing HTTP request after 236.6538ms - 200
2026-06-04 21:07:44.546 +05:30 [INF] Received HTTP response headers after 174.492ms - 200
2026-06-04 21:07:44.548 +05:30 [INF] Start processing HTTP request GET https://graph.microsoft.com/v1.0/applications/49e94653-ce8e-473e-9ac7-8da94b59064b?*
2026-06-04 21:07:44.588 +05:30 [INF] End processing HTTP request after 296.7703ms - 200
2026-06-04 21:07:44.604 +05:30 [INF] Sending HTTP request GET https://graph.microsoft.com/v1.0/applications/49e94653-ce8e-473e-9ac7-8da94b59064b?*
2026-06-04 21:07:44.642 +05:30 [INF] Start processing HTTP request GET https://graph.microsoft.com/v1.0/applications/4d6e78f8-1d50-4982-ad74-f739af798409?*
2026-06-04 21:07:44.659 +05:30 [INF] Sending HTTP request GET https://graph.microsoft.com/v1.0/applications/4d6e78f8-1d50-4982-ad74-f739af798409?*
2026-06-04 21:07:44.680 +05:30 [INF] Start processing HTTP request GET https://graph.microsoft.com/v1.0/applications/515206c9-45b1-47c8-990d-9eb4c90f1bc9?*
2026-06-04 21:07:44.698 +05:30 [INF] Sending HTTP request GET https://graph.microsoft.com/v1.0/applications/515206c9-45b1-47c8-990d-9eb4c90f1bc9?*
2026-06-04 21:07:44.730 +05:30 [INF] Received HTTP response headers after 183.4761ms - 200
2026-06-04 21:07:44.787 +05:30 [INF] Received HTTP response headers after 108.7097ms - 200
2026-06-04 21:07:44.829 +05:30 [INF] Received HTTP response headers after 187.5863ms - 200
2026-06-04 21:07:45.330 +05:30 [INF] Start processing HTTP request GET https://graph.microsoft.com/v1.0/applications/604d3cea-cc9f-4cec-9767-7b0268a162a6?*
2026-06-04 21:07:45.349 +05:30 [INF] End processing HTTP request after 976.8859ms - 200
2026-06-04 21:07:45.374 +05:30 [INF] End processing HTTP request after 732.0942ms - 200
2026-06-04 21:07:45.395 +05:30 [INF] End processing HTTP request after 847.3088ms - 200
2026-06-04 21:07:45.412 +05:30 [INF] Sending HTTP request GET https://graph.microsoft.com/v1.0/applications/604d3cea-cc9f-4cec-9767-7b0268a162a6?*
2026-06-04 21:07:45.497 +05:30 [INF] Start processing HTTP request GET https://graph.microsoft.com/v1.0/applications/68c03ecd-864b-4489-bde4-23da2d863cc9?*
2026-06-04 21:07:45.522 +05:30 [INF] Sending HTTP request GET https://graph.microsoft.com/v1.0/applications/68c03ecd-864b-4489-bde4-23da2d863cc9?*
2026-06-04 21:07:45.544 +05:30 [INF] Start processing HTTP request GET https://graph.microsoft.com/v1.0/applications/742fd072-6b6c-4230-8cf1-6972d7300ad5?*
2026-06-04 21:07:45.563 +05:30 [INF] Sending HTTP request GET https://graph.microsoft.com/v1.0/applications/742fd072-6b6c-4230-8cf1-6972d7300ad5?*
2026-06-04 21:07:45.625 +05:30 [INF] Start processing HTTP request GET https://graph.microsoft.com/v1.0/applications/76127915-56b3-483b-9d5b-c9f79c5637ff?*
2026-06-04 21:07:45.633 +05:30 [INF] Received HTTP response headers after 303.4184ms - 200
2026-06-04 21:07:45.646 +05:30 [INF] Sending HTTP request GET https://graph.microsoft.com/v1.0/applications/76127915-56b3-483b-9d5b-c9f79c5637ff?*
2026-06-04 21:07:45.665 +05:30 [INF] End processing HTTP request after 985.2519ms - 200
2026-06-04 21:07:45.679 +05:30 [INF] Received HTTP response headers after 182.9007ms - 200
2026-06-04 21:07:45.683 +05:30 [INF] Start processing HTTP request GET https://graph.microsoft.com/v1.0/applications/76521842-1af8-4caf-b658-cc8189f05f86?*
2026-06-04 21:07:45.722 +05:30 [INF] End processing HTTP request after 391.5971ms - 200
2026-06-04 21:07:45.738 +05:30 [INF] Received HTTP response headers after 194.6078ms - 200
2026-06-04 21:07:45.740 +05:30 [INF] Sending HTTP request GET https://graph.microsoft.com/v1.0/applications/76521842-1af8-4caf-b658-cc8189f05f86?*
2026-06-04 21:07:45.749 +05:30 [INF] Received HTTP response headers after 125.0692ms - 200
2026-06-04 21:07:45.781 +05:30 [INF] End processing HTTP request after 283.825ms - 200
2026-06-04 21:07:45.799 +05:30 [INF] Start processing HTTP request GET https://graph.microsoft.com/v1.0/applications/83e59e8b-1583-43c5-aab9-2512ca2aec1d?*
2026-06-04 21:07:45.821 +05:30 [INF] End processing HTTP request after 276.811ms - 200
2026-06-04 21:07:45.865 +05:30 [INF] Sending HTTP request GET https://graph.microsoft.com/v1.0/applications/83e59e8b-1583-43c5-aab9-2512ca2aec1d?*
2026-06-04 21:07:45.873 +05:30 [INF] Received HTTP response headers after 190.6938ms - 200
2026-06-04 21:07:45.905 +05:30 [INF] Start processing HTTP request GET https://graph.microsoft.com/v1.0/applications/860a6e19-3808-4bd0-81d8-e4ccc8d7d780?*
2026-06-04 21:07:45.925 +05:30 [INF] End processing HTTP request after 300.6283ms - 200
2026-06-04 21:07:45.944 +05:30 [INF] Sending HTTP request GET https://graph.microsoft.com/v1.0/applications/860a6e19-3808-4bd0-81d8-e4ccc8d7d780?*
2026-06-04 21:07:45.994 +05:30 [INF] Received HTTP response headers after 195.8997ms - 200
2026-06-04 21:07:46.016 +05:30 [INF] End processing HTTP request after 333.3411ms - 200
2026-06-04 21:07:46.082 +05:30 [INF] Received HTTP response headers after 177.7763ms - 200
2026-06-04 21:07:46.094 +05:30 [INF] Received HTTP response headers after 112.5613ms - 200
2026-06-04 21:07:46.104 +05:30 [INF] End processing HTTP request after 304.898ms - 200
2026-06-04 21:07:46.123 +05:30 [INF] End processing HTTP request after 217.4305ms - 200
2026-06-04 21:07:46.165 +05:30 [INF] Start processing HTTP request GET https://graph.microsoft.com/v1.0/applications/9c49407c-ffba-46e6-9478-4dc0adb10fb6?*
2026-06-04 21:07:46.182 +05:30 [INF] Sending HTTP request GET https://graph.microsoft.com/v1.0/applications/9c49407c-ffba-46e6-9478-4dc0adb10fb6?*
2026-06-04 21:07:46.202 +05:30 [INF] Start processing HTTP request GET https://graph.microsoft.com/v1.0/applications/b162627b-5d59-45ab-a873-8699ed5c2ad0?*
2026-06-04 21:07:46.222 +05:30 [INF] Sending HTTP request GET https://graph.microsoft.com/v1.0/applications/b162627b-5d59-45ab-a873-8699ed5c2ad0?*
2026-06-04 21:07:46.246 +05:30 [INF] Start processing HTTP request GET https://graph.microsoft.com/v1.0/applications/b26745cd-d8ac-4497-af66-b06ae74a239d?*
2026-06-04 21:07:46.264 +05:30 [INF] Sending HTTP request GET https://graph.microsoft.com/v1.0/applications/b26745cd-d8ac-4497-af66-b06ae74a239d?*
2026-06-04 21:07:46.286 +05:30 [INF] Start processing HTTP request GET https://graph.microsoft.com/v1.0/applications/b78fcfb9-0135-49e3-8a30-3c89f23efd27?*
2026-06-04 21:07:46.303 +05:30 [INF] Sending HTTP request GET https://graph.microsoft.com/v1.0/applications/b78fcfb9-0135-49e3-8a30-3c89f23efd27?*
2026-06-04 21:07:46.321 +05:30 [INF] Start processing HTTP request GET https://graph.microsoft.com/v1.0/applications/bd8e6495-916f-466e-b8ec-6c68b0ca2275?*
2026-06-04 21:07:46.338 +05:30 [INF] Sending HTTP request GET https://graph.microsoft.com/v1.0/applications/bd8e6495-916f-466e-b8ec-6c68b0ca2275?*
2026-06-04 21:07:46.358 +05:30 [INF] Start processing HTTP request GET https://graph.microsoft.com/v1.0/applications/be0929ed-32bf-489d-b7e7-78c410f0eb32?*
2026-06-04 21:07:46.374 +05:30 [INF] Received HTTP response headers after 173.8315ms - 200
2026-06-04 21:07:46.377 +05:30 [INF] Sending HTTP request GET https://graph.microsoft.com/v1.0/applications/be0929ed-32bf-489d-b7e7-78c410f0eb32?*
2026-06-04 21:07:46.397 +05:30 [INF] End processing HTTP request after 232.0948ms - 200
2026-06-04 21:07:46.419 +05:30 [INF] Received HTTP response headers after 134.197ms - 200
2026-06-04 21:07:46.420 +05:30 [INF] Start processing HTTP request GET https://graph.microsoft.com/v1.0/applications/d8bc9ce0-805e-4f15-abc1-3770664967be?*
2026-06-04 21:07:46.485 +05:30 [INF] Sending HTTP request GET https://graph.microsoft.com/v1.0/applications/d8bc9ce0-805e-4f15-abc1-3770664967be?*
2026-06-04 21:07:46.461 +05:30 [INF] End processing HTTP request after 215.0051ms - 200
2026-06-04 21:07:46.477 +05:30 [INF] Received HTTP response headers after 119.2476ms - 200
2026-06-04 21:07:46.425 +05:30 [INF] Received HTTP response headers after 180.216ms - 200
2026-06-04 21:07:46.510 +05:30 [INF] Start processing HTTP request GET https://graph.microsoft.com/v1.0/applications/e6effa40-f02d-43b5-b176-f05c2bd6f9d8?*
2026-06-04 21:07:46.514 +05:30 [INF] Received HTTP response headers after 194.2429ms - 200
2026-06-04 21:07:46.555 +05:30 [INF] End processing HTTP request after 234.0232ms - 200
2026-06-04 21:07:46.574 +05:30 [INF] End processing HTTP request after 371.9412ms - 200
2026-06-04 21:07:46.592 +05:30 [INF] Sending HTTP request GET https://graph.microsoft.com/v1.0/applications/e6effa40-f02d-43b5-b176-f05c2bd6f9d8?*
2026-06-04 21:07:46.596 +05:30 [INF] Received HTTP response headers after 176.5985ms - 200
2026-06-04 21:07:46.612 +05:30 [INF] End processing HTTP request after 325.9518ms - 200
2026-06-04 21:07:46.669 +05:30 [INF] Start processing HTTP request GET https://graph.microsoft.com/v1.0/applications/e9dd9e09-6245-4451-bbfc-9271397838bd?*
2026-06-04 21:07:46.733 +05:30 [INF] Sending HTTP request GET https://graph.microsoft.com/v1.0/applications/e9dd9e09-6245-4451-bbfc-9271397838bd?*
2026-06-04 21:07:46.704 +05:30 [INF] Received HTTP response headers after 194.6731ms - 200
2026-06-04 21:07:46.694 +05:30 [INF] End processing HTTP request after 335.6631ms - 200
2026-06-04 21:07:46.752 +05:30 [INF] Start processing HTTP request GET https://graph.microsoft.com/v1.0/applications/ec3e1482-03bc-4b54-bbb2-0098dca6c3d2?*
2026-06-04 21:07:46.770 +05:30 [INF] End processing HTTP request after 349.6824ms - 200
2026-06-04 21:07:46.806 +05:30 [INF] Sending HTTP request GET https://graph.microsoft.com/v1.0/applications/ec3e1482-03bc-4b54-bbb2-0098dca6c3d2?*
2026-06-04 21:07:46.854 +05:30 [INF] Start processing HTTP request GET https://graph.microsoft.com/v1.0/applications/ecf48238-8fe6-442d-ab11-447b07afd79e?*
2026-06-04 21:07:46.874 +05:30 [INF] Sending HTTP request GET https://graph.microsoft.com/v1.0/applications/ecf48238-8fe6-442d-ab11-447b07afd79e?*
2026-06-04 21:07:46.888 +05:30 [INF] Received HTTP response headers after 219.6246ms - 200
2026-06-04 21:07:46.893 +05:30 [INF] Start processing HTTP request GET https://graph.microsoft.com/v1.0/applications/ed787c25-faab-4a75-ba66-d96ad1c32f33?*
2026-06-04 21:07:46.912 +05:30 [INF] End processing HTTP request after 402.5732ms - 200
2026-06-04 21:07:46.931 +05:30 [INF] Sending HTTP request GET https://graph.microsoft.com/v1.0/applications/ed787c25-faab-4a75-ba66-d96ad1c32f33?*
2026-06-04 21:07:46.970 +05:30 [INF] Start processing HTTP request GET https://graph.microsoft.com/v1.0/applications/f27d50af-8e5d-493b-8503-6cc072e85ee6?*
2026-06-04 21:07:46.989 +05:30 [INF] Received HTTP response headers after 238.1629ms - 200
2026-06-04 21:07:46.991 +05:30 [INF] Sending HTTP request GET https://graph.microsoft.com/v1.0/applications/f27d50af-8e5d-493b-8503-6cc072e85ee6?*
2026-06-04 21:07:47.011 +05:30 [INF] End processing HTTP request after 341.9169ms - 200
2026-06-04 21:07:47.014 +05:30 [INF] Received HTTP response headers after 121.9055ms - 200
2026-06-04 21:07:47.029 +05:30 [INF] Start processing HTTP request GET https://graph.microsoft.com/v1.0/applications/f488bdea-975e-4c19-952b-ba57e2cd2b30?*
2026-06-04 21:07:47.030 +05:30 [INF] Received HTTP response headers after 176.8824ms - 200
2026-06-04 21:07:47.079 +05:30 [INF] End processing HTTP request after 224.8164ms - 200
2026-06-04 21:07:47.097 +05:30 [INF] Sending HTTP request GET https://graph.microsoft.com/v1.0/applications/f488bdea-975e-4c19-952b-ba57e2cd2b30?*
2026-06-04 21:07:47.121 +05:30 [INF] End processing HTTP request after 368.8179ms - 200
2026-06-04 21:07:47.152 +05:30 [INF] Received HTTP response headers after 182.9037ms - 200
2026-06-04 21:07:47.160 +05:30 [INF] Start processing HTTP request GET https://graph.microsoft.com/v1.0/applications/fc6adfe3-0b18-45e2-9299-2b37b672df0e?*
2026-06-04 21:07:47.201 +05:30 [INF] End processing HTTP request after 307.5892ms - 200
2026-06-04 21:07:47.219 +05:30 [INF] Sending HTTP request GET https://graph.microsoft.com/v1.0/applications/fc6adfe3-0b18-45e2-9299-2b37b672df0e?*
2026-06-04 21:07:47.236 +05:30 [INF] Received HTTP response headers after 208.2502ms - 200
2026-06-04 21:07:47.277 +05:30 [INF] End processing HTTP request after 307.5675ms - 200
2026-06-04 21:07:47.349 +05:30 [INF] Received HTTP response headers after 190.2187ms - 200
2026-06-04 21:07:47.369 +05:30 [INF] End processing HTTP request after 340.5247ms - 200
2026-06-04 21:07:47.439 +05:30 [INF] Received HTTP response headers after 180.0127ms - 200
2026-06-04 21:07:47.459 +05:30 [INF] End processing HTTP request after 299.1267ms - 200
2026-06-04 21:07:47.480 +05:30 [INF] [Governance] Fetching groups from Graph...
2026-06-04 21:07:47.492 +05:30 [INF] Start processing HTTP request GET https://graph.microsoft.com/v1.0/groups?*
2026-06-04 21:07:47.509 +05:30 [INF] Sending HTTP request GET https://graph.microsoft.com/v1.0/groups?*
2026-06-04 21:07:47.759 +05:30 [INF] Received HTTP response headers after 231.987ms - 200
2026-06-04 21:07:47.779 +05:30 [INF] End processing HTTP request after 286.8507ms - 200
2026-06-04 21:07:47.808 +05:30 [INF] Start processing HTTP request POST https://graph.microsoft.com/v1.0/$batch
2026-06-04 21:07:47.828 +05:30 [INF] Sending HTTP request POST https://graph.microsoft.com/v1.0/$batch
2026-06-04 21:07:47.847 +05:30 [INF] Start processing HTTP request POST https://graph.microsoft.com/v1.0/$batch
2026-06-04 21:07:47.865 +05:30 [INF] Sending HTTP request POST https://graph.microsoft.com/v1.0/$batch
2026-06-04 21:07:47.958 +05:30 [INF] Received HTTP response headers after 112.3783ms - 200
2026-06-04 21:07:47.980 +05:30 [INF] End processing HTTP request after 171.5254ms - 200
2026-06-04 21:07:47.989 +05:30 [INF] Received HTTP response headers after 108.1486ms - 200
2026-06-04 21:07:48.038 +05:30 [INF] End processing HTTP request after 191.3158ms - 200
2026-06-04 21:07:48.282 +05:30 [INF] [Governance] Groups result: IsSuccess=true, Count=19
2026-06-04 21:07:48.293 +05:30 [INF] [Governance] Found stale empty group: DnsAdmins (created 650 days ago)
2026-06-04 21:07:48.305 +05:30 [INF] [Governance] Found stale empty group: SeniorAdminTrail (created 645 days ago)
2026-06-04 21:07:48.317 +05:30 [INF] [Governance] Found stale empty group: ADSyncAdmins (created 650 days ago)
2026-06-04 21:07:48.328 +05:30 [INF] [Governance] Found stale empty group: MS_SuperStars (created 652 days ago)
2026-06-04 21:07:48.339 +05:30 [INF] [Governance] Found stale empty group: TestDemo (created 103 days ago)
2026-06-04 21:07:48.354 +05:30 [INF] [Governance] Found stale empty group: TrailMS365 (created 652 days ago)
2026-06-04 21:07:48.371 +05:30 [INF] [Governance] Found stale empty group: UserAdmin (created 640 days ago)
2026-06-04 21:07:48.384 +05:30 [INF] [Governance] Found stale empty group: TestGroup1 (created 640 days ago)
2026-06-04 21:07:48.394 +05:30 [INF] [Governance] Found stale empty group: DemoGroup (created 631 days ago)
2026-06-04 21:07:48.406 +05:30 [INF] [Governance] Found stale empty group: JuniorAdmins (created 644 days ago)
2026-06-04 21:07:48.418 +05:30 [INF] [Governance] Found stale empty group: Retail Trail (created 643 days ago)
2026-06-04 21:07:48.430 +05:30 [INF] [Governance] Found stale empty group: ADSyncBrowse (created 650 days ago)
2026-06-04 21:07:48.442 +05:30 [INF] [Governance] Found stale empty group: HelpDeskAdmin (created 640 days ago)
2026-06-04 21:07:48.454 +05:30 [INF] [Governance] Found stale empty group: SalesAndMarketingTrail (created 644 days ago)
2026-06-04 21:07:48.469 +05:30 [INF] [Governance] Found stale empty group: DnsUpdateProxy (created 650 days ago)
2026-06-04 21:07:48.481 +05:30 [INF] [Governance] Found stale empty group: ADSyncPasswordSet (created 650 days ago)
2026-06-04 21:07:48.492 +05:30 [INF] [Governance] Found stale empty group: ADSyncOperators (created 650 days ago)
2026-06-04 21:07:48.504 +05:30 [INF] [Governance] Found stale empty group: TestGroup2 (created 640 days ago)
2026-06-04 21:07:48.515 +05:30 [INF] [Governance] Fetching users from Graph...
2026-06-04 21:07:48.526 +05:30 [INF] Start processing HTTP request GET https://graph.microsoft.com/v1.0/users?*
2026-06-04 21:07:48.542 +05:30 [INF] Sending HTTP request GET https://graph.microsoft.com/v1.0/users?*
2026-06-04 21:07:48.771 +05:30 [INF] Received HTTP response headers after 212.107ms - 200
2026-06-04 21:07:48.791 +05:30 [INF] End processing HTTP request after 265.1264ms - 200
2026-06-04 21:07:48.816 +05:30 [INF] [Governance] Users result: IsSuccess=true, Count=23
2026-06-04 21:07:48.844 +05:30 [INF] [Governance] Final findings count: 108 (Critical=65, Warning=25, Info=18)
2026-06-04 21:07:49.122 +05:30 [WRN] Slow request: GET /api/v1/governance/findings responded 200 in 7592ms
2026-06-04 21:07:55.122 +05:30 [INF] IDX10242: Security token: '[PII of type 'Microsoft.IdentityModel.JsonWebTokens.JsonWebToken' is hidden. For more details, see https://aka.ms/IdentityModel/PII.]' has a valid signature.
2026-06-04 21:07:55.140 +05:30 [INF] IDX10239: Lifetime of the token is valid.
2026-06-04 21:07:55.158 +05:30 [INF] IDX10234: Audience Validated.Audience: 'api://f0ee212a-b836-4f5c-aafe-bee4b0ebfcfb'
2026-06-04 21:07:55.175 +05:30 [INF] IDX10245: Creating claims identity from the validated token: '[PII of type 'Microsoft.IdentityModel.JsonWebTokens.JsonWebToken' is hidden. For more details, see https://aka.ms/IdentityModel/PII.]'.
2026-06-04 21:07:55.188 +05:30 [INF] [Governance] Fetching applications from Graph...
2026-06-04 21:07:55.209 +05:30 [INF] Start processing HTTP request GET https://graph.microsoft.com/v1.0/applications?*
2026-06-04 21:07:55.231 +05:30 [INF] Sending HTTP request GET https://graph.microsoft.com/v1.0/applications?*
2026-06-04 21:07:55.522 +05:30 [INF] Received HTTP response headers after 270.8431ms - 200
2026-06-04 21:07:55.548 +05:30 [INF] End processing HTTP request after 338.2524ms - 200
2026-06-04 21:07:55.582 +05:30 [INF] Start processing HTTP request POST https://graph.microsoft.com/v1.0/$batch
2026-06-04 21:07:55.608 +05:30 [INF] Sending HTTP request POST https://graph.microsoft.com/v1.0/$batch
2026-06-04 21:07:55.740 +05:30 [INF] Received HTTP response headers after 109.5629ms - 200
2026-06-04 21:07:55.768 +05:30 [INF] End processing HTTP request after 185.6351ms - 200
2026-06-04 21:07:55.825 +05:30 [INF] Start processing HTTP request POST https://graph.microsoft.com/v1.0/$batch
2026-06-04 21:07:55.846 +05:30 [INF] Sending HTTP request POST https://graph.microsoft.com/v1.0/$batch
2026-06-04 21:07:55.979 +05:30 [INF] Received HTTP response headers after 114.4664ms - 200
2026-06-04 21:07:56.007 +05:30 [INF] End processing HTTP request after 182.5909ms - 200
2026-06-04 21:07:56.631 +05:30 [INF] [Governance] Applications result: IsSuccess=true, Error=null
2026-06-04 21:07:56.646 +05:30 [INF] [Governance] Processing 35 applications...
2026-06-04 21:07:56.661 +05:30 [INF] Start processing HTTP request GET https://graph.microsoft.com/v1.0/applications/0bbdd90f-39c8-4fa3-9b4b-1b2df842c658?*
2026-06-04 21:07:56.682 +05:30 [INF] Sending HTTP request GET https://graph.microsoft.com/v1.0/applications/0bbdd90f-39c8-4fa3-9b4b-1b2df842c658?*
2026-06-04 21:07:56.708 +05:30 [INF] Start processing HTTP request GET https://graph.microsoft.com/v1.0/applications/16390064-665b-46a7-bf00-af9438733c68?*
2026-06-04 21:07:56.739 +05:30 [INF] Sending HTTP request GET https://graph.microsoft.com/v1.0/applications/16390064-665b-46a7-bf00-af9438733c68?*
2026-06-04 21:07:56.763 +05:30 [INF] Start processing HTTP request GET https://graph.microsoft.com/v1.0/applications/168fff38-fb94-4f20-a935-4a12865d277e?*
2026-06-04 21:07:56.788 +05:30 [INF] Sending HTTP request GET https://graph.microsoft.com/v1.0/applications/168fff38-fb94-4f20-a935-4a12865d277e?*
2026-06-04 21:07:56.810 +05:30 [INF] Start processing HTTP request GET https://graph.microsoft.com/v1.0/applications/18683323-1182-42dc-83a1-1679ef2d8ccb?*
2026-06-04 21:07:56.831 +05:30 [INF] Sending HTTP request GET https://graph.microsoft.com/v1.0/applications/18683323-1182-42dc-83a1-1679ef2d8ccb?*
2026-06-04 21:07:56.862 +05:30 [INF] Start processing HTTP request GET https://graph.microsoft.com/v1.0/applications/1dc3420c-79ee-42ad-821e-832881d1359b?*
2026-06-04 21:07:56.888 +05:30 [INF] Sending HTTP request GET https://graph.microsoft.com/v1.0/applications/1dc3420c-79ee-42ad-821e-832881d1359b?*
2026-06-04 21:07:56.895 +05:30 [INF] Received HTTP response headers after 188.4251ms - 200
2026-06-04 21:07:56.911 +05:30 [INF] Start processing HTTP request GET https://graph.microsoft.com/v1.0/applications/211fcada-7373-4adb-91cc-0b7fca809a3c?*
2026-06-04 21:07:56.932 +05:30 [INF] End processing HTTP request after 271.8002ms - 200
2026-06-04 21:07:56.939 +05:30 [INF] Received HTTP response headers after 176.3639ms - 200
2026-06-04 21:07:56.956 +05:30 [INF] Sending HTTP request GET https://graph.microsoft.com/v1.0/applications/211fcada-7373-4adb-91cc-0b7fca809a3c?*
2026-06-04 21:07:57.011 +05:30 [INF] End processing HTTP request after 303.5703ms - 200
2026-06-04 21:07:57.013 +05:30 [INF] Received HTTP response headers after 202.9773ms - 200
2026-06-04 21:07:57.041 +05:30 [INF] Start processing HTTP request GET https://graph.microsoft.com/v1.0/applications/41357df4-0eb4-4cad-830f-c67c331165af?*
2026-06-04 21:07:57.058 +05:30 [INF] Received HTTP response headers after 197.3181ms - 200
2026-06-04 21:07:57.089 +05:30 [INF] End processing HTTP request after 325.7103ms - 200
2026-06-04 21:07:57.104 +05:30 [INF] Received HTTP response headers after 194.2417ms - 200
2026-06-04 21:07:57.111 +05:30 [INF] Sending HTTP request GET https://graph.microsoft.com/v1.0/applications/41357df4-0eb4-4cad-830f-c67c331165af?*
2026-06-04 21:07:57.135 +05:30 [INF] End processing HTTP request after 324.5791ms - 200
2026-06-04 21:07:57.160 +05:30 [INF] Received HTTP response headers after 120.8956ms - 200
2026-06-04 21:07:57.181 +05:30 [INF] End processing HTTP request after 319.3736ms - 200
2026-06-04 21:07:57.212 +05:30 [INF] Start processing HTTP request GET https://graph.microsoft.com/v1.0/applications/426fdc27-92f9-4ff5-a261-5140585db6db?*
2026-06-04 21:07:57.259 +05:30 [INF] End processing HTTP request after 348.8495ms - 200
2026-06-04 21:07:57.305 +05:30 [INF] Sending HTTP request GET https://graph.microsoft.com/v1.0/applications/426fdc27-92f9-4ff5-a261-5140585db6db?*
2026-06-04 21:07:57.352 +05:30 [INF] Start processing HTTP request GET https://graph.microsoft.com/v1.0/applications/457436a9-f6b9-491a-b540-34243534784f?*
2026-06-04 21:07:57.376 +05:30 [INF] Sending HTTP request GET https://graph.microsoft.com/v1.0/applications/457436a9-f6b9-491a-b540-34243534784f?*
2026-06-04 21:07:57.377 +05:30 [INF] Received HTTP response headers after 165.4771ms - 200
2026-06-04 21:07:57.398 +05:30 [INF] Start processing HTTP request GET https://graph.microsoft.com/v1.0/applications/49e2112b-0e2d-4381-b22e-38ca924f0134?*
2026-06-04 21:07:57.423 +05:30 [INF] End processing HTTP request after 382.6026ms - 200
2026-06-04 21:07:57.443 +05:30 [INF] Sending HTTP request GET https://graph.microsoft.com/v1.0/applications/49e2112b-0e2d-4381-b22e-38ca924f0134?*
2026-06-04 21:07:57.491 +05:30 [INF] Start processing HTTP request GET https://graph.microsoft.com/v1.0/applications/49e94653-ce8e-473e-9ac7-8da94b59064b?*
2026-06-04 21:07:57.515 +05:30 [INF] Sending HTTP request GET https://graph.microsoft.com/v1.0/applications/49e94653-ce8e-473e-9ac7-8da94b59064b?*
2026-06-04 21:07:57.548 +05:30 [INF] Start processing HTTP request GET https://graph.microsoft.com/v1.0/applications/4d6e78f8-1d50-4982-ad74-f739af798409?*
2026-06-04 21:07:57.551 +05:30 [INF] Received HTTP response headers after 199.6849ms - 200
2026-06-04 21:07:57.573 +05:30 [INF] Sending HTTP request GET https://graph.microsoft.com/v1.0/applications/4d6e78f8-1d50-4982-ad74-f739af798409?*
2026-06-04 21:07:57.588 +05:30 [INF] Received HTTP response headers after 191.0621ms - 200
2026-06-04 21:07:57.597 +05:30 [INF] End processing HTTP request after 384.5435ms - 200
2026-06-04 21:07:57.620 +05:30 [INF] Start processing HTTP request GET https://graph.microsoft.com/v1.0/applications/515206c9-45b1-47c8-990d-9eb4c90f1bc9?*
2026-06-04 21:07:57.643 +05:30 [INF] End processing HTTP request after 291.1467ms - 200
2026-06-04 21:07:57.687 +05:30 [INF] Received HTTP response headers after 198.0629ms - 200
2026-06-04 21:07:57.690 +05:30 [INF] Sending HTTP request GET https://graph.microsoft.com/v1.0/applications/515206c9-45b1-47c8-990d-9eb4c90f1bc9?*
2026-06-04 21:07:57.740 +05:30 [INF] Received HTTP response headers after 121.5003ms - 200
2026-06-04 21:07:57.740 +05:30 [INF] End processing HTTP request after 342.2189ms - 200
2026-06-04 21:07:57.743 +05:30 [INF] Received HTTP response headers after 196.2558ms - 200
2026-06-04 21:07:57.762 +05:30 [INF] Start processing HTTP request GET https://graph.microsoft.com/v1.0/applications/604d3cea-cc9f-4cec-9767-7b0268a162a6?*
2026-06-04 21:07:57.787 +05:30 [INF] End processing HTTP request after 239.8136ms - 200
2026-06-04 21:07:57.844 +05:30 [INF] End processing HTTP request after 353.4145ms - 200
2026-06-04 21:07:57.867 +05:30 [INF] Sending HTTP request GET https://graph.microsoft.com/v1.0/applications/604d3cea-cc9f-4cec-9767-7b0268a162a6?*
2026-06-04 21:07:57.938 +05:30 [INF] Received HTTP response headers after 176.211ms - 200
2026-06-04 21:07:57.940 +05:30 [INF] Start processing HTTP request GET https://graph.microsoft.com/v1.0/applications/68c03ecd-864b-4489-bde4-23da2d863cc9?*
2026-06-04 21:07:57.984 +05:30 [INF] Sending HTTP request GET https://graph.microsoft.com/v1.0/applications/68c03ecd-864b-4489-bde4-23da2d863cc9?*
2026-06-04 21:07:57.962 +05:30 [INF] End processing HTTP request after 341.8651ms - 200
2026-06-04 21:07:58.061 +05:30 [INF] Start processing HTTP request GET https://graph.microsoft.com/v1.0/applications/742fd072-6b6c-4230-8cf1-6972d7300ad5?*
2026-06-04 21:07:58.109 +05:30 [INF] Sending HTTP request GET https://graph.microsoft.com/v1.0/applications/742fd072-6b6c-4230-8cf1-6972d7300ad5?*
2026-06-04 21:07:58.117 +05:30 [INF] Received HTTP response headers after 178.7048ms - 200
2026-06-04 21:07:58.130 +05:30 [INF] Start processing HTTP request GET https://graph.microsoft.com/v1.0/applications/76127915-56b3-483b-9d5b-c9f79c5637ff?*
2026-06-04 21:07:58.184 +05:30 [INF] Sending HTTP request GET https://graph.microsoft.com/v1.0/applications/76127915-56b3-483b-9d5b-c9f79c5637ff?*
2026-06-04 21:07:58.162 +05:30 [INF] End processing HTTP request after 400.0796ms - 200
2026-06-04 21:07:58.211 +05:30 [INF] Start processing HTTP request GET https://graph.microsoft.com/v1.0/applications/76521842-1af8-4caf-b658-cc8189f05f86?*
2026-06-04 21:07:58.247 +05:30 [INF] Received HTTP response headers after 185.8544ms - 200
2026-06-04 21:07:58.257 +05:30 [INF] Sending HTTP request GET https://graph.microsoft.com/v1.0/applications/76521842-1af8-4caf-b658-cc8189f05f86?*
2026-06-04 21:07:58.279 +05:30 [INF] End processing HTTP request after 338.998ms - 200
2026-06-04 21:07:58.303 +05:30 [INF] Start processing HTTP request GET https://graph.microsoft.com/v1.0/applications/83e59e8b-1583-43c5-aab9-2512ca2aec1d?*
2026-06-04 21:07:58.305 +05:30 [INF] Received HTTP response headers after 176.1414ms - 200
2026-06-04 21:07:58.345 +05:30 [INF] Sending HTTP request GET https://graph.microsoft.com/v1.0/applications/83e59e8b-1583-43c5-aab9-2512ca2aec1d?*
2026-06-04 21:07:58.372 +05:30 [INF] End processing HTTP request after 310.0999ms - 200
2026-06-04 21:07:58.393 +05:30 [INF] Start processing HTTP request GET https://graph.microsoft.com/v1.0/applications/860a6e19-3808-4bd0-81d8-e4ccc8d7d780?*
2026-06-04 21:07:58.397 +05:30 [INF] Received HTTP response headers after 186.44ms - 200
2026-06-04 21:07:58.440 +05:30 [INF] Sending HTTP request GET https://graph.microsoft.com/v1.0/applications/860a6e19-3808-4bd0-81d8-e4ccc8d7d780?*
2026-06-04 21:07:58.461 +05:30 [INF] End processing HTTP request after 331.273ms - 200
2026-06-04 21:07:58.477 +05:30 [INF] Received HTTP response headers after 175.5039ms - 200
2026-06-04 21:07:58.529 +05:30 [INF] End processing HTTP request after 318.4455ms - 200
2026-06-04 21:07:58.572 +05:30 [INF] Received HTTP response headers after 179.4467ms - 200
2026-06-04 21:07:58.594 +05:30 [INF] End processing HTTP request after 291.2189ms - 200
2026-06-04 21:07:58.672 +05:30 [INF] Received HTTP response headers after 189.9966ms - 200
2026-06-04 21:07:58.696 +05:30 [INF] End processing HTTP request after 302.7545ms - 200
2026-06-04 21:07:58.725 +05:30 [INF] Start processing HTTP request GET https://graph.microsoft.com/v1.0/applications/9c49407c-ffba-46e6-9478-4dc0adb10fb6?*
2026-06-04 21:07:58.784 +05:30 [INF] Sending HTTP request GET https://graph.microsoft.com/v1.0/applications/9c49407c-ffba-46e6-9478-4dc0adb10fb6?*
2026-06-04 21:07:58.806 +05:30 [INF] Start processing HTTP request GET https://graph.microsoft.com/v1.0/applications/b162627b-5d59-45ab-a873-8699ed5c2ad0?*
2026-06-04 21:07:58.827 +05:30 [INF] Sending HTTP request GET https://graph.microsoft.com/v1.0/applications/b162627b-5d59-45ab-a873-8699ed5c2ad0?*
2026-06-04 21:07:58.852 +05:30 [INF] Start processing HTTP request GET https://graph.microsoft.com/v1.0/applications/b26745cd-d8ac-4497-af66-b06ae74a239d?*
2026-06-04 21:07:58.874 +05:30 [INF] Sending HTTP request GET https://graph.microsoft.com/v1.0/applications/b26745cd-d8ac-4497-af66-b06ae74a239d?*
2026-06-04 21:07:58.895 +05:30 [INF] Start processing HTTP request GET https://graph.microsoft.com/v1.0/applications/b78fcfb9-0135-49e3-8a30-3c89f23efd27?*
2026-06-04 21:07:58.920 +05:30 [INF] Sending HTTP request GET https://graph.microsoft.com/v1.0/applications/b78fcfb9-0135-49e3-8a30-3c89f23efd27?*
2026-06-04 21:07:58.944 +05:30 [INF] Start processing HTTP request GET https://graph.microsoft.com/v1.0/applications/bd8e6495-916f-466e-b8ec-6c68b0ca2275?*
2026-06-04 21:07:58.976 +05:30 [INF] Sending HTTP request GET https://graph.microsoft.com/v1.0/applications/bd8e6495-916f-466e-b8ec-6c68b0ca2275?*
2026-06-04 21:07:58.999 +05:30 [INF] Received HTTP response headers after 192.8916ms - 200
2026-06-04 21:07:59.008 +05:30 [INF] Start processing HTTP request GET https://graph.microsoft.com/v1.0/applications/be0929ed-32bf-489d-b7e7-78c410f0eb32?*
2026-06-04 21:07:59.036 +05:30 [INF] End processing HTTP request after 311.3229ms - 200
2026-06-04 21:07:59.057 +05:30 [INF] Sending HTTP request GET https://graph.microsoft.com/v1.0/applications/be0929ed-32bf-489d-b7e7-78c410f0eb32?*
2026-06-04 21:07:59.108 +05:30 [INF] Start processing HTTP request GET https://graph.microsoft.com/v1.0/applications/d8bc9ce0-805e-4f15-abc1-3770664967be?*
2026-06-04 21:07:59.132 +05:30 [INF] Sending HTTP request GET https://graph.microsoft.com/v1.0/applications/d8bc9ce0-805e-4f15-abc1-3770664967be?*
2026-06-04 21:07:59.121 +05:30 [INF] Received HTTP response headers after 177.9658ms - 200
2026-06-04 21:07:59.121 +05:30 [INF] Received HTTP response headers after 226.0302ms - 200
2026-06-04 21:07:59.121 +05:30 [INF] Received HTTP response headers after 270.1237ms - 200
2026-06-04 21:07:59.156 +05:30 [INF] Start processing HTTP request GET https://graph.microsoft.com/v1.0/applications/e6effa40-f02d-43b5-b176-f05c2bd6f9d8?*
2026-06-04 21:07:59.179 +05:30 [INF] End processing HTTP request after 283.4367ms - 200
2026-06-04 21:07:59.193 +05:30 [INF] Received HTTP response headers after 185.6396ms - 200
2026-06-04 21:07:59.204 +05:30 [INF] End processing HTTP request after 352.5509ms - 200
2026-06-04 21:07:59.226 +05:30 [INF] End processing HTTP request after 419.8154ms - 200
2026-06-04 21:07:59.248 +05:30 [INF] Sending HTTP request GET https://graph.microsoft.com/v1.0/applications/e6effa40-f02d-43b5-b176-f05c2bd6f9d8?*
2026-06-04 21:07:59.293 +05:30 [INF] Received HTTP response headers after 185.6165ms - 200
2026-06-04 21:07:59.308 +05:30 [INF] End processing HTTP request after 363.9024ms - 200
2026-06-04 21:07:59.335 +05:30 [INF] Received HTTP response headers after 180.1446ms - 200
2026-06-04 21:07:59.381 +05:30 [INF] Start processing HTTP request GET https://graph.microsoft.com/v1.0/applications/e9dd9e09-6245-4451-bbfc-9271397838bd?*
2026-06-04 21:07:59.405 +05:30 [INF] End processing HTTP request after 397.148ms - 200
2026-06-04 21:07:59.456 +05:30 [INF] End processing HTTP request after 348.182ms - 200
2026-06-04 21:07:59.476 +05:30 [INF] Sending HTTP request GET https://graph.microsoft.com/v1.0/applications/e9dd9e09-6245-4451-bbfc-9271397838bd?*
2026-06-04 21:07:59.561 +05:30 [INF] Start processing HTTP request GET https://graph.microsoft.com/v1.0/applications/ec3e1482-03bc-4b54-bbb2-0098dca6c3d2?*
2026-06-04 21:07:59.567 +05:30 [INF] Received HTTP response headers after 188.7532ms - 200
2026-06-04 21:07:59.614 +05:30 [INF] End processing HTTP request after 457.9186ms - 200
2026-06-04 21:07:59.589 +05:30 [INF] Sending HTTP request GET https://graph.microsoft.com/v1.0/applications/ec3e1482-03bc-4b54-bbb2-0098dca6c3d2?*
2026-06-04 21:07:59.660 +05:30 [INF] Start processing HTTP request GET https://graph.microsoft.com/v1.0/applications/ecf48238-8fe6-442d-ab11-447b07afd79e?*
2026-06-04 21:07:59.669 +05:30 [INF] Received HTTP response headers after 108.9372ms - 200
2026-06-04 21:07:59.686 +05:30 [INF] Sending HTTP request GET https://graph.microsoft.com/v1.0/applications/ecf48238-8fe6-442d-ab11-447b07afd79e?*
2026-06-04 21:07:59.709 +05:30 [INF] End processing HTTP request after 327.5663ms - 200
2026-06-04 21:07:59.731 +05:30 [INF] Start processing HTTP request GET https://graph.microsoft.com/v1.0/applications/ed787c25-faab-4a75-ba66-d96ad1c32f33?*
2026-06-04 21:07:59.776 +05:30 [INF] Sending HTTP request GET https://graph.microsoft.com/v1.0/applications/ed787c25-faab-4a75-ba66-d96ad1c32f33?*
2026-06-04 21:07:59.799 +05:30 [INF] Start processing HTTP request GET https://graph.microsoft.com/v1.0/applications/f27d50af-8e5d-493b-8503-6cc072e85ee6?*
2026-06-04 21:07:59.820 +05:30 [INF] Sending HTTP request GET https://graph.microsoft.com/v1.0/applications/f27d50af-8e5d-493b-8503-6cc072e85ee6?*
2026-06-04 21:07:59.840 +05:30 [INF] Start processing HTTP request GET https://graph.microsoft.com/v1.0/applications/f488bdea-975e-4c19-952b-ba57e2cd2b30?*
2026-06-04 21:07:59.847 +05:30 [INF] Received HTTP response headers after 188.5884ms - 200
2026-06-04 21:07:59.866 +05:30 [INF] Sending HTTP request GET https://graph.microsoft.com/v1.0/applications/f488bdea-975e-4c19-952b-ba57e2cd2b30?*
2026-06-04 21:07:59.892 +05:30 [INF] End processing HTTP request after 331.4414ms - 200
2026-06-04 21:07:59.916 +05:30 [INF] Start processing HTTP request GET https://graph.microsoft.com/v1.0/applications/fc6adfe3-0b18-45e2-9299-2b37b672df0e?*
2026-06-04 21:07:59.922 +05:30 [INF] Received HTTP response headers after 194.0967ms - 200
2026-06-04 21:07:59.961 +05:30 [INF] Sending HTTP request GET https://graph.microsoft.com/v1.0/applications/fc6adfe3-0b18-45e2-9299-2b37b672df0e?*
2026-06-04 21:07:59.973 +05:30 [INF] Received HTTP response headers after 175.3112ms - 200
2026-06-04 21:07:59.987 +05:30 [INF] End processing HTTP request after 326.9409ms - 200
2026-06-04 21:08:00.024 +05:30 [INF] Received HTTP response headers after 184.7334ms - 200
2026-06-04 21:08:00.037 +05:30 [INF] End processing HTTP request after 306.2307ms - 200
2026-06-04 21:08:00.092 +05:30 [INF] End processing HTTP request after 293.2519ms - 200
2026-06-04 21:08:00.117 +05:30 [INF] Received HTTP response headers after 202.6563ms - 200
2026-06-04 21:08:00.170 +05:30 [INF] End processing HTTP request after 330.1526ms - 200
2026-06-04 21:08:00.210 +05:30 [INF] Received HTTP response headers after 202.3703ms - 200
2026-06-04 21:08:00.238 +05:30 [INF] End processing HTTP request after 321.8752ms - 200
2026-06-04 21:08:00.260 +05:30 [INF] [Governance] Fetching groups from Graph...
2026-06-04 21:08:00.275 +05:30 [INF] Start processing HTTP request GET https://graph.microsoft.com/v1.0/groups?*
2026-06-04 21:08:00.299 +05:30 [INF] Sending HTTP request GET https://graph.microsoft.com/v1.0/groups?*
2026-06-04 21:08:00.574 +05:30 [INF] Received HTTP response headers after 251.1662ms - 200
2026-06-04 21:08:00.601 +05:30 [INF] End processing HTTP request after 326.0068ms - 200
2026-06-04 21:08:00.625 +05:30 [INF] Start processing HTTP request POST https://graph.microsoft.com/v1.0/$batch
2026-06-04 21:08:00.649 +05:30 [INF] Sending HTTP request POST https://graph.microsoft.com/v1.0/$batch
2026-06-04 21:08:00.673 +05:30 [INF] Start processing HTTP request POST https://graph.microsoft.com/v1.0/$batch
2026-06-04 21:08:00.693 +05:30 [INF] Sending HTTP request POST https://graph.microsoft.com/v1.0/$batch
2026-06-04 21:08:00.774 +05:30 [INF] Received HTTP response headers after 102.097ms - 200
2026-06-04 21:08:00.802 +05:30 [INF] End processing HTTP request after 176.9505ms - 200
2026-06-04 21:08:00.827 +05:30 [INF] Received HTTP response headers after 110.298ms - 200
2026-06-04 21:08:00.858 +05:30 [INF] End processing HTTP request after 185.2469ms - 200
2026-06-04 21:08:00.913 +05:30 [INF] [Governance] Groups result: IsSuccess=true, Count=19
2026-06-04 21:08:00.926 +05:30 [INF] [Governance] Found stale empty group: DnsAdmins (created 650 days ago)
2026-06-04 21:08:00.941 +05:30 [INF] [Governance] Found stale empty group: SeniorAdminTrail (created 645 days ago)
2026-06-04 21:08:00.956 +05:30 [INF] [Governance] Found stale empty group: ADSyncAdmins (created 650 days ago)
2026-06-04 21:08:00.970 +05:30 [INF] [Governance] Found stale empty group: MS_SuperStars (created 652 days ago)
2026-06-04 21:08:00.985 +05:30 [INF] [Governance] Found stale empty group: TestDemo (created 103 days ago)
2026-06-04 21:08:00.997 +05:30 [INF] [Governance] Found stale empty group: TrailMS365 (created 652 days ago)
2026-06-04 21:08:01.009 +05:30 [INF] [Governance] Found stale empty group: UserAdmin (created 640 days ago)
2026-06-04 21:08:01.025 +05:30 [INF] [Governance] Found stale empty group: TestGroup1 (created 640 days ago)
2026-06-04 21:08:01.041 +05:30 [INF] [Governance] Found stale empty group: DemoGroup (created 631 days ago)
2026-06-04 21:08:01.056 +05:30 [INF] [Governance] Found stale empty group: JuniorAdmins (created 644 days ago)
2026-06-04 21:08:01.071 +05:30 [INF] [Governance] Found stale empty group: Retail Trail (created 643 days ago)
2026-06-04 21:08:01.085 +05:30 [INF] [Governance] Found stale empty group: ADSyncBrowse (created 650 days ago)
2026-06-04 21:08:01.099 +05:30 [INF] [Governance] Found stale empty group: HelpDeskAdmin (created 640 days ago)
2026-06-04 21:08:01.114 +05:30 [INF] [Governance] Found stale empty group: SalesAndMarketingTrail (created 644 days ago)
2026-06-04 21:08:01.126 +05:30 [INF] [Governance] Found stale empty group: DnsUpdateProxy (created 650 days ago)
2026-06-04 21:08:01.141 +05:30 [INF] [Governance] Found stale empty group: ADSyncPasswordSet (created 650 days ago)
2026-06-04 21:08:01.156 +05:30 [INF] [Governance] Found stale empty group: ADSyncOperators (created 650 days ago)
2026-06-04 21:08:01.171 +05:30 [INF] [Governance] Found stale empty group: TestGroup2 (created 640 days ago)
2026-06-04 21:08:01.186 +05:30 [INF] [Governance] Fetching users from Graph...
2026-06-04 21:08:01.199 +05:30 [INF] Start processing HTTP request GET https://graph.microsoft.com/v1.0/users?*
2026-06-04 21:08:01.221 +05:30 [INF] Sending HTTP request GET https://graph.microsoft.com/v1.0/users?*
2026-06-04 21:08:01.399 +05:30 [INF] Received HTTP response headers after 157.1566ms - 200
2026-06-04 21:08:01.433 +05:30 [INF] End processing HTTP request after 233.7872ms - 200
2026-06-04 21:08:01.458 +05:30 [INF] [Governance] Users result: IsSuccess=true, Count=23
2026-06-04 21:08:01.473 +05:30 [INF] [Governance] Final findings count: 108 (Critical=65, Warning=25, Info=18)
2026-06-04 21:08:01.495 +05:30 [WRN] Slow request: GET /api/v1/governance/findings responded 200 in 6373ms
2026-06-04 21:08:01.586 +05:30 [INF] IDX10242: Security token: '[PII of type 'Microsoft.IdentityModel.JsonWebTokens.JsonWebToken' is hidden. For more details, see https://aka.ms/IdentityModel/PII.]' has a valid signature.
2026-06-04 21:08:01.601 +05:30 [INF] IDX10239: Lifetime of the token is valid.
2026-06-04 21:08:01.614 +05:30 [INF] IDX10234: Audience Validated.Audience: 'api://f0ee212a-b836-4f5c-aafe-bee4b0ebfcfb'
2026-06-04 21:08:01.624 +05:30 [INF] IDX10245: Creating claims identity from the validated token: '[PII of type 'Microsoft.IdentityModel.JsonWebTokens.JsonWebToken' is hidden. For more details, see https://aka.ms/IdentityModel/PII.]'.
2026-06-04 21:08:01.647 +05:30 [INF] [Governance] Returning cached response with 108 findings
2026-06-04 21:08:01.665 +05:30 [INF] Request: GET /api/v1/governance/findings responded 200 in 78ms
2026-06-04 21:17:17.102 +05:30 [WRN] Overriding address(es) 'http://0.0.0.0:5107'. Binding to endpoints defined via IConfiguration and/or UseKestrel() instead.
2026-06-04 21:17:17.275 +05:30 [INF] Now listening on: http://0.0.0.0:5107
2026-06-04 21:17:17.413 +05:30 [INF] Application started. Press Ctrl+C to shut down.
2026-06-04 21:17:17.418 +05:30 [INF] Hosting environment: Development
2026-06-04 21:17:17.424 +05:30 [INF] Content root path: D:\SIGMA Project\SIGMA-Beta\SIGMA\src\SIGMA.Api
2026-06-04 21:18:40.500 +05:30 [INF] Microsoft.IdentityModel Version: 8.18.0.0. Date 06/04/2026 15:48:40. PII logging is OFF. See https://aka.ms/IdentityModel/PII for details. 
IDX10242: Security token: '[PII of type 'Microsoft.IdentityModel.JsonWebTokens.JsonWebToken' is hidden. For more details, see https://aka.ms/IdentityModel/PII.]' has a valid signature.
2026-06-04 21:18:40.500 +05:30 [INF] Microsoft.IdentityModel Version: 8.18.0.0. Date 06/04/2026 15:48:40. PII logging is OFF. See https://aka.ms/IdentityModel/PII for details. 
IDX10242: Security token: '[PII of type 'Microsoft.IdentityModel.JsonWebTokens.JsonWebToken' is hidden. For more details, see https://aka.ms/IdentityModel/PII.]' has a valid signature.
2026-06-04 21:18:40.542 +05:30 [INF] IDX10239: Lifetime of the token is valid.
2026-06-04 21:18:40.542 +05:30 [INF] IDX10239: Lifetime of the token is valid.
2026-06-04 21:18:40.565 +05:30 [INF] IDX10234: Audience Validated.Audience: 'api://f0ee212a-b836-4f5c-aafe-bee4b0ebfcfb'
2026-06-04 21:18:40.565 +05:30 [INF] IDX10234: Audience Validated.Audience: 'api://f0ee212a-b836-4f5c-aafe-bee4b0ebfcfb'
2026-06-04 21:18:41.000 +05:30 [INF] IDX10245: Creating claims identity from the validated token: '[PII of type 'Microsoft.IdentityModel.JsonWebTokens.JsonWebToken' is hidden. For more details, see https://aka.ms/IdentityModel/PII.]'.
2026-06-04 21:18:41.041 +05:30 [INF] IDX10245: Creating claims identity from the validated token: '[PII of type 'Microsoft.IdentityModel.JsonWebTokens.JsonWebToken' is hidden. For more details, see https://aka.ms/IdentityModel/PII.]'.
2026-06-04 21:18:45.073 +05:30 [INF] Start processing HTTP request GET https://graph.microsoft.com/v1.0/organization
2026-06-04 21:18:45.110 +05:30 [INF] Sending HTTP request GET https://graph.microsoft.com/v1.0/organization
2026-06-04 21:18:45.490 +05:30 [INF] Received HTTP response headers after 344.5049ms - 200
2026-06-04 21:18:45.520 +05:30 [INF] End processing HTTP request after 454.2603ms - 200
2026-06-04 21:18:45.652 +05:30 [INF] Start processing HTTP request GET https://graph.microsoft.com/v1.0/users?*
2026-06-04 21:18:45.671 +05:30 [INF] Sending HTTP request GET https://graph.microsoft.com/v1.0/users?*
2026-06-04 21:18:45.697 +05:30 [INF] Start processing HTTP request GET https://graph.microsoft.com/v1.0/groups?*
2026-06-04 21:18:45.714 +05:30 [INF] Sending HTTP request GET https://graph.microsoft.com/v1.0/groups?*
2026-06-04 21:18:45.727 +05:30 [INF] Start processing HTTP request GET https://graph.microsoft.com/v1.0/applications?*
2026-06-04 21:18:45.741 +05:30 [INF] Sending HTTP request GET https://graph.microsoft.com/v1.0/applications?*
2026-06-04 21:18:45.776 +05:30 [INF] Start processing HTTP request GET https://graph.microsoft.com/v1.0/servicePrincipals?*
2026-06-04 21:18:45.798 +05:30 [INF] Sending HTTP request GET https://graph.microsoft.com/v1.0/servicePrincipals?*
2026-06-04 21:18:45.815 +05:30 [INF] Start processing HTTP request GET https://graph.microsoft.com/v1.0/devices?*
2026-06-04 21:18:45.835 +05:30 [INF] Sending HTTP request GET https://graph.microsoft.com/v1.0/devices?*
2026-06-04 21:18:45.860 +05:30 [INF] Start processing HTTP request GET https://graph.microsoft.com/v1.0/subscribedSkus
2026-06-04 21:18:45.883 +05:30 [INF] Sending HTTP request GET https://graph.microsoft.com/v1.0/subscribedSkus
2026-06-04 21:18:45.893 +05:30 [INF] Received HTTP response headers after 202.804ms - 200
2026-06-04 21:18:45.934 +05:30 [INF] End processing HTTP request after 282.8436ms - 200
2026-06-04 21:18:46.027 +05:30 [INF] Received HTTP response headers after 299.9472ms - 200
2026-06-04 21:18:46.052 +05:30 [INF] End processing HTTP request after 354.4244ms - 200
2026-06-04 21:18:46.099 +05:30 [INF] Received HTTP response headers after 192.8007ms - 200
2026-06-04 21:18:46.107 +05:30 [INF] Received HTTP response headers after 333.3781ms - 200
2026-06-04 21:18:46.118 +05:30 [INF] End processing HTTP request after 258.5836ms - 200
2026-06-04 21:18:46.153 +05:30 [INF] Received HTTP response headers after 293.7278ms - 200
2026-06-04 21:18:46.154 +05:30 [INF] End processing HTTP request after 426.796ms - 200
2026-06-04 21:18:46.196 +05:30 [INF] End processing HTTP request after 381.7289ms - 200
2026-06-04 21:18:46.818 +05:30 [INF] Received HTTP response headers after 1004.1968ms - 200
2026-06-04 21:18:46.840 +05:30 [INF] End processing HTTP request after 1063.883ms - 200
2026-06-04 21:18:48.121 +05:30 [WRN] Slow request: GET /api/v1/entra/tenant responded 200 in 13618ms
2026-06-04 21:19:01.224 +05:30 [INF] IDX10242: Security token: '[PII of type 'Microsoft.IdentityModel.JsonWebTokens.JsonWebToken' is hidden. For more details, see https://aka.ms/IdentityModel/PII.]' has a valid signature.
2026-06-04 21:19:01.236 +05:30 [INF] IDX10239: Lifetime of the token is valid.
2026-06-04 21:19:01.259 +05:30 [INF] IDX10234: Audience Validated.Audience: 'api://f0ee212a-b836-4f5c-aafe-bee4b0ebfcfb'
2026-06-04 21:19:01.356 +05:30 [INF] IDX10245: Creating claims identity from the validated token: '[PII of type 'Microsoft.IdentityModel.JsonWebTokens.JsonWebToken' is hidden. For more details, see https://aka.ms/IdentityModel/PII.]'.
2026-06-04 21:19:01.468 +05:30 [INF] [Governance] Fetching applications from Graph...
2026-06-04 21:19:01.586 +05:30 [INF] Start processing HTTP request GET https://graph.microsoft.com/v1.0/applications?*
2026-06-04 21:19:01.604 +05:30 [INF] Sending HTTP request GET https://graph.microsoft.com/v1.0/applications?*
2026-06-04 21:19:01.863 +05:30 [INF] Received HTTP response headers after 241.197ms - 200
2026-06-04 21:19:01.882 +05:30 [INF] End processing HTTP request after 297.3319ms - 200
2026-06-04 21:19:02.084 +05:30 [INF] Start processing HTTP request POST https://graph.microsoft.com/v1.0/$batch
2026-06-04 21:19:02.100 +05:30 [INF] Sending HTTP request POST https://graph.microsoft.com/v1.0/$batch
2026-06-04 21:19:02.238 +05:30 [INF] Received HTTP response headers after 118.1106ms - 200
2026-06-04 21:19:02.261 +05:30 [INF] End processing HTTP request after 177.0929ms - 200
2026-06-04 21:19:02.556 +05:30 [INF] Start processing HTTP request POST https://graph.microsoft.com/v1.0/$batch
2026-06-04 21:19:02.574 +05:30 [INF] Sending HTTP request POST https://graph.microsoft.com/v1.0/$batch
2026-06-04 21:19:02.706 +05:30 [INF] Received HTTP response headers after 113.3456ms - 200
2026-06-04 21:19:02.729 +05:30 [INF] End processing HTTP request after 173.151ms - 200
2026-06-04 21:19:02.830 +05:30 [INF] [Governance] Applications result: IsSuccess=true, Error=null
2026-06-04 21:19:02.845 +05:30 [INF] [Governance] Processing 35 applications...
2026-06-04 21:19:02.866 +05:30 [INF] Start processing HTTP request GET https://graph.microsoft.com/v1.0/applications/0bbdd90f-39c8-4fa3-9b4b-1b2df842c658?*
2026-06-04 21:19:02.888 +05:30 [INF] Sending HTTP request GET https://graph.microsoft.com/v1.0/applications/0bbdd90f-39c8-4fa3-9b4b-1b2df842c658?*
2026-06-04 21:19:02.906 +05:30 [INF] Start processing HTTP request GET https://graph.microsoft.com/v1.0/applications/16390064-665b-46a7-bf00-af9438733c68?*
2026-06-04 21:19:02.921 +05:30 [INF] Sending HTTP request GET https://graph.microsoft.com/v1.0/applications/16390064-665b-46a7-bf00-af9438733c68?*
2026-06-04 21:19:02.937 +05:30 [INF] Start processing HTTP request GET https://graph.microsoft.com/v1.0/applications/168fff38-fb94-4f20-a935-4a12865d277e?*
2026-06-04 21:19:02.951 +05:30 [INF] Sending HTTP request GET https://graph.microsoft.com/v1.0/applications/168fff38-fb94-4f20-a935-4a12865d277e?*
2026-06-04 21:19:02.966 +05:30 [INF] Start processing HTTP request GET https://graph.microsoft.com/v1.0/applications/18683323-1182-42dc-83a1-1679ef2d8ccb?*
2026-06-04 21:19:02.980 +05:30 [INF] Sending HTTP request GET https://graph.microsoft.com/v1.0/applications/18683323-1182-42dc-83a1-1679ef2d8ccb?*
2026-06-04 21:19:02.998 +05:30 [INF] Start processing HTTP request GET https://graph.microsoft.com/v1.0/applications/1dc3420c-79ee-42ad-821e-832881d1359b?*
2026-06-04 21:19:03.019 +05:30 [INF] Sending HTTP request GET https://graph.microsoft.com/v1.0/applications/1dc3420c-79ee-42ad-821e-832881d1359b?*
2026-06-04 21:19:03.055 +05:30 [INF] Start processing HTTP request GET https://graph.microsoft.com/v1.0/applications/211fcada-7373-4adb-91cc-0b7fca809a3c?*
2026-06-04 21:19:03.068 +05:30 [INF] Received HTTP response headers after 132.8332ms - 200
2026-06-04 21:19:03.078 +05:30 [INF] Sending HTTP request GET https://graph.microsoft.com/v1.0/applications/211fcada-7373-4adb-91cc-0b7fca809a3c?*
2026-06-04 21:19:03.097 +05:30 [INF] End processing HTTP request after 191.1467ms - 200
2026-06-04 21:19:03.102 +05:30 [INF] Received HTTP response headers after 199.1803ms - 200
2026-06-04 21:19:03.119 +05:30 [INF] Start processing HTTP request GET https://graph.microsoft.com/v1.0/applications/41357df4-0eb4-4cad-830f-c67c331165af?*
2026-06-04 21:19:03.141 +05:30 [INF] Received HTTP response headers after 176.1468ms - 200
2026-06-04 21:19:03.156 +05:30 [INF] End processing HTTP request after 290.0116ms - 200
2026-06-04 21:19:03.171 +05:30 [INF] Sending HTTP request GET https://graph.microsoft.com/v1.0/applications/41357df4-0eb4-4cad-830f-c67c331165af?*
2026-06-04 21:19:03.188 +05:30 [INF] End processing HTTP request after 251.2584ms - 200
2026-06-04 21:19:03.182 +05:30 [INF] Received HTTP response headers after 129.3312ms - 200
2026-06-04 21:19:03.182 +05:30 [INF] Received HTTP response headers after 184.4983ms - 200
2026-06-04 21:19:03.225 +05:30 [INF] Start processing HTTP request GET https://graph.microsoft.com/v1.0/applications/426fdc27-92f9-4ff5-a261-5140585db6db?*
2026-06-04 21:19:03.231 +05:30 [INF] Received HTTP response headers after 115.5119ms - 200
2026-06-04 21:19:03.274 +05:30 [INF] End processing HTTP request after 275.5533ms - 200
2026-06-04 21:19:03.292 +05:30 [INF] End processing HTTP request after 326.0903ms - 200
2026-06-04 21:19:03.308 +05:30 [INF] Sending HTTP request GET https://graph.microsoft.com/v1.0/applications/426fdc27-92f9-4ff5-a261-5140585db6db?*
2026-06-04 21:19:03.327 +05:30 [INF] End processing HTTP request after 272.7414ms - 200
2026-06-04 21:19:03.345 +05:30 [INF] Received HTTP response headers after 121.1827ms - 200
2026-06-04 21:19:03.391 +05:30 [INF] Start processing HTTP request GET https://graph.microsoft.com/v1.0/applications/457436a9-f6b9-491a-b540-34243534784f?*
2026-06-04 21:19:03.452 +05:30 [INF] Sending HTTP request GET https://graph.microsoft.com/v1.0/applications/457436a9-f6b9-491a-b540-34243534784f?*
2026-06-04 21:19:03.429 +05:30 [INF] End processing HTTP request after 309.9033ms - 200
2026-06-04 21:19:03.474 +05:30 [INF] Start processing HTTP request GET https://graph.microsoft.com/v1.0/applications/49e2112b-0e2d-4381-b22e-38ca924f0134?*
2026-06-04 21:19:03.521 +05:30 [INF] Sending HTTP request GET https://graph.microsoft.com/v1.0/applications/49e2112b-0e2d-4381-b22e-38ca924f0134?*
2026-06-04 21:19:03.538 +05:30 [INF] Start processing HTTP request GET https://graph.microsoft.com/v1.0/applications/49e94653-ce8e-473e-9ac7-8da94b59064b?*
2026-06-04 21:19:03.556 +05:30 [INF] Sending HTTP request GET https://graph.microsoft.com/v1.0/applications/49e94653-ce8e-473e-9ac7-8da94b59064b?*
2026-06-04 21:19:03.576 +05:30 [INF] Start processing HTTP request GET https://graph.microsoft.com/v1.0/applications/4d6e78f8-1d50-4982-ad74-f739af798409?*
2026-06-04 21:19:03.589 +05:30 [INF] Received HTTP response headers after 199.0125ms - 200
2026-06-04 21:19:03.594 +05:30 [INF] Sending HTTP request GET https://graph.microsoft.com/v1.0/applications/4d6e78f8-1d50-4982-ad74-f739af798409?*
2026-06-04 21:19:03.615 +05:30 [INF] End processing HTTP request after 390.1858ms - 200
2026-06-04 21:19:03.634 +05:30 [INF] Start processing HTTP request GET https://graph.microsoft.com/v1.0/applications/515206c9-45b1-47c8-990d-9eb4c90f1bc9?*
2026-06-04 21:19:03.652 +05:30 [INF] Received HTTP response headers after 178.7407ms - 200
2026-06-04 21:19:03.670 +05:30 [INF] Sending HTTP request GET https://graph.microsoft.com/v1.0/applications/515206c9-45b1-47c8-990d-9eb4c90f1bc9?*
2026-06-04 21:19:03.706 +05:30 [INF] End processing HTTP request after 314.3259ms - 200
2026-06-04 21:19:03.725 +05:30 [INF] Start processing HTTP request GET https://graph.microsoft.com/v1.0/applications/604d3cea-cc9f-4cec-9767-7b0268a162a6?*
2026-06-04 21:19:03.756 +05:30 [INF] Received HTTP response headers after 181.3661ms - 200
2026-06-04 21:19:03.761 +05:30 [INF] Received HTTP response headers after 129.7196ms - 200
2026-06-04 21:19:03.761 +05:30 [INF] Sending HTTP request GET https://graph.microsoft.com/v1.0/applications/604d3cea-cc9f-4cec-9767-7b0268a162a6?*
2026-06-04 21:19:03.772 +05:30 [INF] Received HTTP response headers after 234.8427ms - 200
2026-06-04 21:19:03.786 +05:30 [INF] End processing HTTP request after 247.8478ms - 200
2026-06-04 21:19:03.807 +05:30 [INF] End processing HTTP request after 230.9495ms - 200
2026-06-04 21:19:03.825 +05:30 [INF] Start processing HTTP request GET https://graph.microsoft.com/v1.0/applications/68c03ecd-864b-4489-bde4-23da2d863cc9?*
2026-06-04 21:19:03.844 +05:30 [INF] End processing HTTP request after 369.651ms - 200
2026-06-04 21:19:03.852 +05:30 [INF] Received HTTP response headers after 127.9489ms - 200
2026-06-04 21:19:03.914 +05:30 [INF] Sending HTTP request GET https://graph.microsoft.com/v1.0/applications/68c03ecd-864b-4489-bde4-23da2d863cc9?*
2026-06-04 21:19:03.959 +05:30 [INF] End processing HTTP request after 324.9084ms - 200
2026-06-04 21:19:03.976 +05:30 [INF] Start processing HTTP request GET https://graph.microsoft.com/v1.0/applications/742fd072-6b6c-4230-8cf1-6972d7300ad5?*
2026-06-04 21:19:04.010 +05:30 [INF] Received HTTP response headers after 185.388ms - 200
2026-06-04 21:19:04.011 +05:30 [INF] Sending HTTP request GET https://graph.microsoft.com/v1.0/applications/742fd072-6b6c-4230-8cf1-6972d7300ad5?*
2026-06-04 21:19:04.028 +05:30 [INF] End processing HTTP request after 302.3167ms - 200
2026-06-04 21:19:04.044 +05:30 [INF] Start processing HTTP request GET https://graph.microsoft.com/v1.0/applications/76127915-56b3-483b-9d5b-c9f79c5637ff?*
2026-06-04 21:19:04.074 +05:30 [INF] Sending HTTP request GET https://graph.microsoft.com/v1.0/applications/76127915-56b3-483b-9d5b-c9f79c5637ff?*
2026-06-04 21:19:04.089 +05:30 [INF] Start processing HTTP request GET https://graph.microsoft.com/v1.0/applications/76521842-1af8-4caf-b658-cc8189f05f86?*
2026-06-04 21:19:04.096 +05:30 [INF] Received HTTP response headers after 120.1307ms - 200
2026-06-04 21:19:04.103 +05:30 [INF] Sending HTTP request GET https://graph.microsoft.com/v1.0/applications/76521842-1af8-4caf-b658-cc8189f05f86?*
2026-06-04 21:19:04.127 +05:30 [INF] End processing HTTP request after 300.9579ms - 200
2026-06-04 21:19:04.152 +05:30 [INF] Start processing HTTP request GET https://graph.microsoft.com/v1.0/applications/83e59e8b-1583-43c5-aab9-2512ca2aec1d?*
2026-06-04 21:19:04.187 +05:30 [INF] Sending HTTP request GET https://graph.microsoft.com/v1.0/applications/83e59e8b-1583-43c5-aab9-2512ca2aec1d?*
2026-06-04 21:19:04.204 +05:30 [INF] Start processing HTTP request GET https://graph.microsoft.com/v1.0/applications/860a6e19-3808-4bd0-81d8-e4ccc8d7d780?*
2026-06-04 21:19:04.221 +05:30 [INF] Sending HTTP request GET https://graph.microsoft.com/v1.0/applications/860a6e19-3808-4bd0-81d8-e4ccc8d7d780?*
2026-06-04 21:19:04.235 +05:30 [INF] Received HTTP response headers after 191.6959ms - 200
2026-06-04 21:19:04.257 +05:30 [INF] End processing HTTP request after 280.2229ms - 200
2026-06-04 21:19:04.288 +05:30 [INF] Received HTTP response headers after 199.286ms - 200
2026-06-04 21:19:04.305 +05:30 [INF] End processing HTTP request after 260.8384ms - 200
2026-06-04 21:19:04.328 +05:30 [INF] Received HTTP response headers after 177.3021ms - 200
2026-06-04 21:19:04.355 +05:30 [INF] End processing HTTP request after 266.3532ms - 200
2026-06-04 21:19:04.361 +05:30 [INF] Received HTTP response headers after 123.7741ms - 200
2026-06-04 21:19:04.388 +05:30 [INF] End processing HTTP request after 183.6348ms - 200
2026-06-04 21:19:04.412 +05:30 [INF] Received HTTP response headers after 208.9218ms - 200
2026-06-04 21:19:04.428 +05:30 [INF] End processing HTTP request after 275.4405ms - 200
2026-06-04 21:19:04.448 +05:30 [INF] Start processing HTTP request GET https://graph.microsoft.com/v1.0/applications/9c49407c-ffba-46e6-9478-4dc0adb10fb6?*
2026-06-04 21:19:04.463 +05:30 [INF] Sending HTTP request GET https://graph.microsoft.com/v1.0/applications/9c49407c-ffba-46e6-9478-4dc0adb10fb6?*
2026-06-04 21:19:04.477 +05:30 [INF] Start processing HTTP request GET https://graph.microsoft.com/v1.0/applications/b162627b-5d59-45ab-a873-8699ed5c2ad0?*
2026-06-04 21:19:04.492 +05:30 [INF] Sending HTTP request GET https://graph.microsoft.com/v1.0/applications/b162627b-5d59-45ab-a873-8699ed5c2ad0?*
2026-06-04 21:19:04.507 +05:30 [INF] Start processing HTTP request GET https://graph.microsoft.com/v1.0/applications/b26745cd-d8ac-4497-af66-b06ae74a239d?*
2026-06-04 21:19:04.521 +05:30 [INF] Sending HTTP request GET https://graph.microsoft.com/v1.0/applications/b26745cd-d8ac-4497-af66-b06ae74a239d?*
2026-06-04 21:19:04.536 +05:30 [INF] Start processing HTTP request GET https://graph.microsoft.com/v1.0/applications/b78fcfb9-0135-49e3-8a30-3c89f23efd27?*
2026-06-04 21:19:04.551 +05:30 [INF] Sending HTTP request GET https://graph.microsoft.com/v1.0/applications/b78fcfb9-0135-49e3-8a30-3c89f23efd27?*
2026-06-04 21:19:04.569 +05:30 [INF] Start processing HTTP request GET https://graph.microsoft.com/v1.0/applications/bd8e6495-916f-466e-b8ec-6c68b0ca2275?*
2026-06-04 21:19:04.585 +05:30 [INF] Sending HTTP request GET https://graph.microsoft.com/v1.0/applications/bd8e6495-916f-466e-b8ec-6c68b0ca2275?*
2026-06-04 21:19:04.604 +05:30 [INF] Start processing HTTP request GET https://graph.microsoft.com/v1.0/applications/be0929ed-32bf-489d-b7e7-78c410f0eb32?*
2026-06-04 21:19:04.621 +05:30 [INF] Sending HTTP request GET https://graph.microsoft.com/v1.0/applications/be0929ed-32bf-489d-b7e7-78c410f0eb32?*
2026-06-04 21:19:04.627 +05:30 [INF] Received HTTP response headers after 120.5333ms - 200
2026-06-04 21:19:04.640 +05:30 [INF] Start processing HTTP request GET https://graph.microsoft.com/v1.0/applications/d8bc9ce0-805e-4f15-abc1-3770664967be?*
2026-06-04 21:19:04.658 +05:30 [INF] End processing HTTP request after 180.6172ms - 200
2026-06-04 21:19:04.673 +05:30 [INF] Received HTTP response headers after 195.9746ms - 200
2026-06-04 21:19:04.675 +05:30 [INF] Sending HTTP request GET https://graph.microsoft.com/v1.0/applications/d8bc9ce0-805e-4f15-abc1-3770664967be?*
2026-06-04 21:19:04.718 +05:30 [INF] Received HTTP response headers after 182.7172ms - 200
2026-06-04 21:19:04.725 +05:30 [INF] End processing HTTP request after 276.6196ms - 200
2026-06-04 21:19:04.728 +05:30 [INF] Received HTTP response headers after 124.8103ms - 200
2026-06-04 21:19:04.740 +05:30 [INF] Received HTTP response headers after 171.1141ms - 200
2026-06-04 21:19:04.743 +05:30 [INF] Start processing HTTP request GET https://graph.microsoft.com/v1.0/applications/e6effa40-f02d-43b5-b176-f05c2bd6f9d8?*
2026-06-04 21:19:04.760 +05:30 [INF] End processing HTTP request after 253.0439ms - 200
2026-06-04 21:19:04.799 +05:30 [INF] End processing HTTP request after 230.039ms - 200
2026-06-04 21:19:04.817 +05:30 [INF] Received HTTP response headers after 178.1273ms - 200
2026-06-04 21:19:04.819 +05:30 [INF] End processing HTTP request after 283.657ms - 200
2026-06-04 21:19:04.838 +05:30 [INF] Sending HTTP request GET https://graph.microsoft.com/v1.0/applications/e6effa40-f02d-43b5-b176-f05c2bd6f9d8?*
2026-06-04 21:19:04.898 +05:30 [INF] End processing HTTP request after 292.7722ms - 200
2026-06-04 21:19:04.933 +05:30 [INF] Received HTTP response headers after 190.6647ms - 200
2026-06-04 21:19:04.954 +05:30 [INF] Start processing HTTP request GET https://graph.microsoft.com/v1.0/applications/e9dd9e09-6245-4451-bbfc-9271397838bd?*
2026-06-04 21:19:04.992 +05:30 [INF] End processing HTTP request after 352.0515ms - 200
2026-06-04 21:19:05.009 +05:30 [INF] Sending HTTP request GET https://graph.microsoft.com/v1.0/applications/e9dd9e09-6245-4451-bbfc-9271397838bd?*
2026-06-04 21:19:05.044 +05:30 [INF] Start processing HTTP request GET https://graph.microsoft.com/v1.0/applications/ec3e1482-03bc-4b54-bbb2-0098dca6c3d2?*
2026-06-04 21:19:05.061 +05:30 [INF] Sending HTTP request GET https://graph.microsoft.com/v1.0/applications/ec3e1482-03bc-4b54-bbb2-0098dca6c3d2?*
2026-06-04 21:19:05.078 +05:30 [INF] Start processing HTTP request GET https://graph.microsoft.com/v1.0/applications/ecf48238-8fe6-442d-ab11-447b07afd79e?*
2026-06-04 21:19:05.095 +05:30 [INF] Sending HTTP request GET https://graph.microsoft.com/v1.0/applications/ecf48238-8fe6-442d-ab11-447b07afd79e?*
2026-06-04 21:19:05.113 +05:30 [INF] Start processing HTTP request GET https://graph.microsoft.com/v1.0/applications/ed787c25-faab-4a75-ba66-d96ad1c32f33?*
2026-06-04 21:19:05.121 +05:30 [INF] Received HTTP response headers after 168.6186ms - 200
2026-06-04 21:19:05.134 +05:30 [INF] Sending HTTP request GET https://graph.microsoft.com/v1.0/applications/ed787c25-faab-4a75-ba66-d96ad1c32f33?*
2026-06-04 21:19:05.160 +05:30 [INF] End processing HTTP request after 416.6128ms - 200
2026-06-04 21:19:05.175 +05:30 [INF] Start processing HTTP request GET https://graph.microsoft.com/v1.0/applications/f27d50af-8e5d-493b-8503-6cc072e85ee6?*
2026-06-04 21:19:05.206 +05:30 [INF] Sending HTTP request GET https://graph.microsoft.com/v1.0/applications/f27d50af-8e5d-493b-8503-6cc072e85ee6?*
2026-06-04 21:19:05.220 +05:30 [INF] Start processing HTTP request GET https://graph.microsoft.com/v1.0/applications/f488bdea-975e-4c19-952b-ba57e2cd2b30?*
2026-06-04 21:19:05.227 +05:30 [INF] Received HTTP response headers after 183.6676ms - 200
2026-06-04 21:19:05.237 +05:30 [INF] Received HTTP response headers after 125.2019ms - 200
2026-06-04 21:19:05.238 +05:30 [INF] Sending HTTP request GET https://graph.microsoft.com/v1.0/applications/f488bdea-975e-4c19-952b-ba57e2cd2b30?*
2026-06-04 21:19:05.252 +05:30 [INF] Received HTTP response headers after 173.8837ms - 200
2026-06-04 21:19:05.258 +05:30 [INF] End processing HTTP request after 303.9923ms - 200
2026-06-04 21:19:05.277 +05:30 [INF] End processing HTTP request after 198.4955ms - 200
2026-06-04 21:19:05.296 +05:30 [INF] Start processing HTTP request GET https://graph.microsoft.com/v1.0/applications/fc6adfe3-0b18-45e2-9299-2b37b672df0e?*
2026-06-04 21:19:05.316 +05:30 [INF] End processing HTTP request after 272.1203ms - 200
2026-06-04 21:19:05.340 +05:30 [INF] Received HTTP response headers after 120.1141ms - 200
2026-06-04 21:19:05.362 +05:30 [INF] Received HTTP response headers after 187.8369ms - 200
2026-06-04 21:19:05.377 +05:30 [INF] Sending HTTP request GET https://graph.microsoft.com/v1.0/applications/fc6adfe3-0b18-45e2-9299-2b37b672df0e?*
2026-06-04 21:19:05.419 +05:30 [INF] End processing HTTP request after 244.0996ms - 200
2026-06-04 21:19:05.436 +05:30 [INF] End processing HTTP request after 323.3545ms - 200
2026-06-04 21:19:05.483 +05:30 [INF] Received HTTP response headers after 188.3251ms - 200
2026-06-04 21:19:05.500 +05:30 [INF] End processing HTTP request after 279.6302ms - 200
2026-06-04 21:19:05.664 +05:30 [INF] Received HTTP response headers after 214.4296ms - 200
2026-06-04 21:19:05.685 +05:30 [INF] End processing HTTP request after 388.9427ms - 200
2026-06-04 21:19:05.708 +05:30 [INF] [Governance] Fetching groups from Graph...
2026-06-04 21:19:05.724 +05:30 [INF] Start processing HTTP request GET https://graph.microsoft.com/v1.0/groups?*
2026-06-04 21:19:05.741 +05:30 [INF] Sending HTTP request GET https://graph.microsoft.com/v1.0/groups?*
2026-06-04 21:19:05.984 +05:30 [INF] Received HTTP response headers after 225.9684ms - 200
2026-06-04 21:19:06.003 +05:30 [INF] End processing HTTP request after 278.6892ms - 200
2026-06-04 21:19:06.054 +05:30 [INF] Start processing HTTP request POST https://graph.microsoft.com/v1.0/$batch
2026-06-04 21:19:06.069 +05:30 [INF] Sending HTTP request POST https://graph.microsoft.com/v1.0/$batch
2026-06-04 21:19:06.085 +05:30 [INF] Start processing HTTP request POST https://graph.microsoft.com/v1.0/$batch
2026-06-04 21:19:06.101 +05:30 [INF] Sending HTTP request POST https://graph.microsoft.com/v1.0/$batch
2026-06-04 21:19:06.194 +05:30 [INF] Received HTTP response headers after 111.0662ms - 200
2026-06-04 21:19:06.215 +05:30 [INF] End processing HTTP request after 161.2722ms - 200
2026-06-04 21:19:06.226 +05:30 [INF] Received HTTP response headers after 110.3684ms - 200
2026-06-04 21:19:06.258 +05:30 [INF] End processing HTTP request after 172.9356ms - 200
2026-06-04 21:19:07.357 +05:30 [INF] [Governance] Groups result: IsSuccess=true, Count=19
2026-06-04 21:19:07.683 +05:30 [INF] [Governance] Found stale empty group: DnsAdmins (created 650 days ago)
2026-06-04 21:19:07.711 +05:30 [INF] [Governance] Found stale empty group: SeniorAdminTrail (created 645 days ago)
2026-06-04 21:19:07.727 +05:30 [INF] [Governance] Found stale empty group: ADSyncAdmins (created 650 days ago)
2026-06-04 21:19:07.738 +05:30 [INF] [Governance] Found stale empty group: MS_SuperStars (created 652 days ago)
2026-06-04 21:19:07.749 +05:30 [INF] [Governance] Found stale empty group: TestDemo (created 103 days ago)
2026-06-04 21:19:07.759 +05:30 [INF] [Governance] Found stale empty group: TrailMS365 (created 652 days ago)
2026-06-04 21:19:07.770 +05:30 [INF] [Governance] Found stale empty group: UserAdmin (created 640 days ago)
2026-06-04 21:19:07.780 +05:30 [INF] [Governance] Found stale empty group: TestGroup1 (created 640 days ago)
2026-06-04 21:19:07.787 +05:30 [INF] [Governance] Found stale empty group: DemoGroup (created 631 days ago)
2026-06-04 21:19:07.797 +05:30 [INF] [Governance] Found stale empty group: JuniorAdmins (created 644 days ago)
2026-06-04 21:19:07.806 +05:30 [INF] [Governance] Found stale empty group: Retail Trail (created 643 days ago)
2026-06-04 21:19:07.818 +05:30 [INF] [Governance] Found stale empty group: ADSyncBrowse (created 650 days ago)
2026-06-04 21:19:07.830 +05:30 [INF] [Governance] Found stale empty group: HelpDeskAdmin (created 640 days ago)
2026-06-04 21:19:07.840 +05:30 [INF] [Governance] Found stale empty group: SalesAndMarketingTrail (created 644 days ago)
2026-06-04 21:19:07.851 +05:30 [INF] [Governance] Found stale empty group: DnsUpdateProxy (created 650 days ago)
2026-06-04 21:19:07.863 +05:30 [INF] [Governance] Found stale empty group: ADSyncPasswordSet (created 650 days ago)
2026-06-04 21:19:07.872 +05:30 [INF] [Governance] Found stale empty group: ADSyncOperators (created 650 days ago)
2026-06-04 21:19:07.883 +05:30 [INF] [Governance] Found stale empty group: TestGroup2 (created 640 days ago)
2026-06-04 21:19:07.897 +05:30 [INF] [Governance] Fetching users from Graph...
2026-06-04 21:19:07.916 +05:30 [INF] Start processing HTTP request GET https://graph.microsoft.com/v1.0/users?*
2026-06-04 21:19:07.934 +05:30 [INF] Sending HTTP request GET https://graph.microsoft.com/v1.0/users?*
2026-06-04 21:19:08.190 +05:30 [INF] Received HTTP response headers after 243.2822ms - 200
2026-06-04 21:19:08.213 +05:30 [INF] End processing HTTP request after 296.9379ms - 200
2026-06-04 21:19:08.378 +05:30 [INF] [Governance] Users result: IsSuccess=true, Count=23
2026-06-04 21:19:08.396 +05:30 [INF] [Governance] Final findings count: 108 (Critical=65, Warning=25, Info=18)
2026-06-04 21:19:08.646 +05:30 [WRN] Slow request: GET /api/v1/governance/findings responded 200 in 7436ms
2026-06-04 21:19:18.915 +05:30 [INF] IDX10242: Security token: '[PII of type 'Microsoft.IdentityModel.JsonWebTokens.JsonWebToken' is hidden. For more details, see https://aka.ms/IdentityModel/PII.]' has a valid signature.
2026-06-04 21:19:18.925 +05:30 [INF] IDX10239: Lifetime of the token is valid.
2026-06-04 21:19:18.933 +05:30 [INF] IDX10234: Audience Validated.Audience: 'api://f0ee212a-b836-4f5c-aafe-bee4b0ebfcfb'
2026-06-04 21:19:18.940 +05:30 [INF] IDX10245: Creating claims identity from the validated token: '[PII of type 'Microsoft.IdentityModel.JsonWebTokens.JsonWebToken' is hidden. For more details, see https://aka.ms/IdentityModel/PII.]'.
2026-06-04 21:19:19.165 +05:30 [INF] Start processing HTTP request GET https://graph.microsoft.com/v1.0/users?*
2026-06-04 21:19:19.178 +05:30 [INF] Sending HTTP request GET https://graph.microsoft.com/v1.0/users?*
2026-06-04 21:19:19.378 +05:30 [INF] Received HTTP response headers after 187.8561ms - 200
2026-06-04 21:19:19.398 +05:30 [INF] End processing HTTP request after 233.2535ms - 200
2026-06-04 21:19:19.442 +05:30 [INF] Request: GET /api/v1/entra/users responded 200 in 527ms
2026-06-04 21:19:22.951 +05:30 [INF] IDX10242: Security token: '[PII of type 'Microsoft.IdentityModel.JsonWebTokens.JsonWebToken' is hidden. For more details, see https://aka.ms/IdentityModel/PII.]' has a valid signature.
2026-06-04 21:19:22.961 +05:30 [INF] IDX10239: Lifetime of the token is valid.
2026-06-04 21:19:22.969 +05:30 [INF] IDX10234: Audience Validated.Audience: 'api://f0ee212a-b836-4f5c-aafe-bee4b0ebfcfb'
2026-06-04 21:19:22.978 +05:30 [INF] IDX10245: Creating claims identity from the validated token: '[PII of type 'Microsoft.IdentityModel.JsonWebTokens.JsonWebToken' is hidden. For more details, see https://aka.ms/IdentityModel/PII.]'.
2026-06-04 21:19:23.062 +05:30 [INF] Start processing HTTP request GET https://graph.microsoft.com/v1.0/groups?*
2026-06-04 21:19:23.077 +05:30 [INF] Sending HTTP request GET https://graph.microsoft.com/v1.0/groups?*
2026-06-04 21:19:23.298 +05:30 [INF] Received HTTP response headers after 204.359ms - 200
2026-06-04 21:19:23.316 +05:30 [INF] End processing HTTP request after 254.2322ms - 200
2026-06-04 21:19:23.337 +05:30 [INF] Start processing HTTP request POST https://graph.microsoft.com/v1.0/$batch
2026-06-04 21:19:23.353 +05:30 [INF] Sending HTTP request POST https://graph.microsoft.com/v1.0/$batch
2026-06-04 21:19:23.366 +05:30 [INF] Start processing HTTP request POST https://graph.microsoft.com/v1.0/$batch
2026-06-04 21:19:23.381 +05:30 [INF] Sending HTTP request POST https://graph.microsoft.com/v1.0/$batch
2026-06-04 21:19:23.478 +05:30 [INF] Received HTTP response headers after 112.6744ms - 200
2026-06-04 21:19:23.510 +05:30 [INF] End processing HTTP request after 172.8194ms - 200
2026-06-04 21:19:23.510 +05:30 [INF] Received HTTP response headers after 112.2459ms - 200
2026-06-04 21:19:23.594 +05:30 [INF] End processing HTTP request after 228.1717ms - 200
2026-06-04 21:19:24.182 +05:30 [INF] Request: GET /api/v1/entra/groups responded 200 in 1231ms
2026-06-04 21:21:30.663 +05:30 [INF] IDX10242: Security token: '[PII of type 'Microsoft.IdentityModel.JsonWebTokens.JsonWebToken' is hidden. For more details, see https://aka.ms/IdentityModel/PII.]' has a valid signature.
2026-06-04 21:21:30.848 +05:30 [INF] IDX10239: Lifetime of the token is valid.
2026-06-04 21:21:30.858 +05:30 [INF] IDX10234: Audience Validated.Audience: 'api://f0ee212a-b836-4f5c-aafe-bee4b0ebfcfb'
2026-06-04 21:21:30.871 +05:30 [INF] IDX10245: Creating claims identity from the validated token: '[PII of type 'Microsoft.IdentityModel.JsonWebTokens.JsonWebToken' is hidden. For more details, see https://aka.ms/IdentityModel/PII.]'.
2026-06-04 21:21:30.986 +05:30 [INF] IDX10242: Security token: '[PII of type 'Microsoft.IdentityModel.JsonWebTokens.JsonWebToken' is hidden. For more details, see https://aka.ms/IdentityModel/PII.]' has a valid signature.
2026-06-04 21:21:31.006 +05:30 [INF] IDX10239: Lifetime of the token is valid.
2026-06-04 21:21:31.041 +05:30 [INF] IDX10234: Audience Validated.Audience: 'api://f0ee212a-b836-4f5c-aafe-bee4b0ebfcfb'
2026-06-04 21:21:31.054 +05:30 [INF] IDX10245: Creating claims identity from the validated token: '[PII of type 'Microsoft.IdentityModel.JsonWebTokens.JsonWebToken' is hidden. For more details, see https://aka.ms/IdentityModel/PII.]'.
2026-06-04 21:21:31.101 +05:30 [INF] Start processing HTTP request GET https://graph.microsoft.com/v1.0/groups/66dcdade-6d99-46fe-95f9-a5d4fd596b94
2026-06-04 21:21:31.119 +05:30 [INF] Sending HTTP request GET https://graph.microsoft.com/v1.0/groups/66dcdade-6d99-46fe-95f9-a5d4fd596b94
2026-06-04 21:21:31.253 +05:30 [INF] Start processing HTTP request GET https://graph.microsoft.com/v1.0/groups/66dcdade-6d99-46fe-95f9-a5d4fd596b94/members?*
2026-06-04 21:21:31.272 +05:30 [INF] Sending HTTP request GET https://graph.microsoft.com/v1.0/groups/66dcdade-6d99-46fe-95f9-a5d4fd596b94/members?*
2026-06-04 21:21:31.383 +05:30 [INF] IDX10242: Security token: '[PII of type 'Microsoft.IdentityModel.JsonWebTokens.JsonWebToken' is hidden. For more details, see https://aka.ms/IdentityModel/PII.]' has a valid signature.
2026-06-04 21:21:31.404 +05:30 [INF] IDX10239: Lifetime of the token is valid.
2026-06-04 21:21:31.436 +05:30 [INF] Received HTTP response headers after 298.9496ms - 200
2026-06-04 21:21:31.455 +05:30 [INF] IDX10234: Audience Validated.Audience: 'api://f0ee212a-b836-4f5c-aafe-bee4b0ebfcfb'
2026-06-04 21:21:31.490 +05:30 [INF] End processing HTTP request after 389.4447ms - 200
2026-06-04 21:21:31.502 +05:30 [INF] IDX10245: Creating claims identity from the validated token: '[PII of type 'Microsoft.IdentityModel.JsonWebTokens.JsonWebToken' is hidden. For more details, see https://aka.ms/IdentityModel/PII.]'.
2026-06-04 21:21:31.524 +05:30 [INF] Start processing HTTP request GET https://graph.microsoft.com/v1.0/groups/66dcdade-6d99-46fe-95f9-a5d4fd596b94/members?*
2026-06-04 21:21:31.551 +05:30 [INF] Start processing HTTP request GET https://graph.microsoft.com/v1.0/groups/66dcdade-6d99-46fe-95f9-a5d4fd596b94/owners?*
2026-06-04 21:21:31.555 +05:30 [INF] Sending HTTP request GET https://graph.microsoft.com/v1.0/groups/66dcdade-6d99-46fe-95f9-a5d4fd596b94/members?*
2026-06-04 21:21:31.576 +05:30 [INF] Sending HTTP request GET https://graph.microsoft.com/v1.0/groups/66dcdade-6d99-46fe-95f9-a5d4fd596b94/owners?*
2026-06-04 21:21:31.598 +05:30 [INF] Start processing HTTP request GET https://graph.microsoft.com/v1.0/groups/66dcdade-6d99-46fe-95f9-a5d4fd596b94/owners?*
2026-06-04 21:21:31.635 +05:30 [INF] Sending HTTP request GET https://graph.microsoft.com/v1.0/groups/66dcdade-6d99-46fe-95f9-a5d4fd596b94/owners?*
2026-06-04 21:21:31.658 +05:30 [INF] Start processing HTTP request GET https://graph.microsoft.com/v1.0/groups/66dcdade-6d99-46fe-95f9-a5d4fd596b94/memberOf?*
2026-06-04 21:21:31.678 +05:30 [INF] Sending HTTP request GET https://graph.microsoft.com/v1.0/groups/66dcdade-6d99-46fe-95f9-a5d4fd596b94/memberOf?*
2026-06-04 21:21:31.703 +05:30 [INF] Start processing HTTP request GET https://graph.microsoft.com/v1.0/groups/66dcdade-6d99-46fe-95f9-a5d4fd596b94/transitiveMembers?*
2026-06-04 21:21:31.721 +05:30 [INF] Sending HTTP request GET https://graph.microsoft.com/v1.0/groups/66dcdade-6d99-46fe-95f9-a5d4fd596b94/transitiveMembers?*
2026-06-04 21:21:31.777 +05:30 [INF] Received HTTP response headers after 182.392ms - 200
2026-06-04 21:21:31.794 +05:30 [INF] End processing HTTP request after 269.7725ms - 200
2026-06-04 21:21:31.841 +05:30 [INF] Received HTTP response headers after 548.1947ms - 200
2026-06-04 21:21:31.904 +05:30 [INF] End processing HTTP request after 650.2777ms - 200
2026-06-04 21:21:31.919 +05:30 [INF] Received HTTP response headers after 301.5544ms - 200
2026-06-04 21:21:31.943 +05:30 [INF] End processing HTTP request after 392.0837ms - 200
2026-06-04 21:21:31.938 +05:30 [INF] Request: GET /api/v1/entra/groups/66dcdade-6d99-46fe-95f9-a5d4fd596b94/members responded 200 in 951ms
2026-06-04 21:21:31.974 +05:30 [INF] Request: GET /api/v1/entra/groups/66dcdade-6d99-46fe-95f9-a5d4fd596b94/owners responded 200 in 591ms
2026-06-04 21:21:32.030 +05:30 [INF] Received HTTP response headers after 327.1225ms - 200
2026-06-04 21:21:32.047 +05:30 [INF] Received HTTP response headers after 389.7094ms - 200
2026-06-04 21:21:32.051 +05:30 [INF] End processing HTTP request after 393.278ms - 200
2026-06-04 21:21:32.069 +05:30 [INF] Received HTTP response headers after 322.4014ms - 200
2026-06-04 21:21:32.071 +05:30 [INF] End processing HTTP request after 473.1967ms - 200
2026-06-04 21:21:32.124 +05:30 [INF] End processing HTTP request after 420.4284ms - 200
2026-06-04 21:21:32.188 +05:30 [INF] Request: GET /api/v1/entra/groups/66dcdade-6d99-46fe-95f9-a5d4fd596b94 responded 200 in 1526ms
2026-06-04 21:21:50.505 +05:30 [WRN] Slow request: GET /hubs/sigma responded 101 in 196011ms
2026-06-04 21:21:55.105 +05:30 [INF] Request: GET /swagger/swagger-ui.css responded 200 in 101ms
2026-06-04 21:21:55.105 +05:30 [INF] Request: GET /swagger/index.css responded 200 in 101ms
2026-06-04 21:21:55.164 +05:30 [INF] Request: GET /swagger/swagger-ui-standalone-preset.js responded 200 in 159ms
2026-06-04 21:21:55.189 +05:30 [INF] Request: GET /swagger/swagger-ui-bundle.js responded 200 in 186ms
2026-06-04 21:21:55.284 +05:30 [INF] Request: GET /swagger/index.js responded 200 in 231ms
2026-06-04 21:21:55.898 +05:30 [INF] Request: GET /openapi/v1.json responded 200 in 74ms
